product_code,product_name,price_krw,color,status,material_body,material_trim,material_lining,hardware,dimensions,strap_length,handle_drop,origin_country,design_features,color_variants,image_urls,video_urls,product_url
MMKGAVE02CO001,Stark 디스코 비세토스 백팩,2150000,Cognac,ACTIVE,비세토스 모노그램 캔버스,나파 가죽,코튼 트윌,로고 브라스 플레이트 | 24K 골드 도금 브라스 하드웨어,16 x 33 x 43,76 cm - 90 cm,8 cm,대한민국,"길이 조절이 가능한 로고 우븐 숄더 스트랩 | 가죽 탑 핸들 | MCM Disco 모티프 | 앞면 지퍼 포켓 | 외부 사이드 슬립 포켓 | 양방향 지퍼 클로저 | 13"" 노트북 혹은 태블릿 수납을 위한 내부 슬립포켓",,https://images.mcmworldwide.com/i/mcmworldwide/MMKGAVE02CO001_01 | https://images.mcmworldwide.com/i/mcmworldwide/MMKGAVE02CO001_09 | https://images.mcmworldwide.com/i/mcmworldwide/MMKGAVE02CO001_02 | https://images.mcmworldwide.com/i/mcmworldwide/MMKGAVE02CO001_03 | https://images.mcmworldwide.com/i/mcmworldwide/MMKGAVE02CO001_04 | https://images.mcmworldwide.com/i/mcmworldwide/MMKGAVE02CO001_05 | https://images.mcmworldwide.com/i/mcmworldwide/MMKGAVE02CO001_06 | https://images.mcmworldwide.com/i/mcmworldwide/MMKGAVE02CO001_10,,https://kr.mcmworldwide.com/ko_KR/stark-디스코-비세토스-백팩/MMKGAVE02CO001.html
MMKDAVE02BK001,Stark 맥시 모노그램 레더 백팩,2390000,Black,ACTIVE,천연 나파 가죽,,스웨이드 마감 마이크로파이버,다크 금속 장식,15 x 33 x 42,75cm~89cm,7.5cm,대한민국,로고 우븐 패브릭 어깨 스트랩 | 가죽 손잡이 부분 | 엠보스드 맥시 비세토스 모노그램 | 전면 지퍼 수납공간 | 옆면 슬립 포켓 | 양방향 지퍼 클로저 | 내부 포켓 및 13인치 노트북과 태블릿을 위한 슬리브 | 패딩 뒷면 패널,MMKDAVE02VC001,https://images.mcmworldwide.com/i/mcmworldwide/MMKDAVE02BK001_01 | https://images.mcmworldwide.com/i/mcmworldwide/MMKDAVE02BK001_09 | https://images.mcmworldwide.com/i/mcmworldwide/MMKDAVE02BK001_02 | https://images.mcmworldwide.com/i/mcmworldwide/MMKDAVE02BK001_03 | https://images.mcmworldwide.com/i/mcmworldwide/MMKDAVE02BK001_04 | https://images.mcmworldwide.com/i/mcmworldwide/MMKDAVE02BK001_10 | https://images.mcmworldwide.com/i/mcmworldwide/MMKDAVE02BK001_11 | https://images.mcmworldwide.com/i/mcmworldwide/MMKDAVE02BK001_12,https://images.mcmworldwide.com/v/mcmworldwide/MMKDAVE02BK001_VID/webm_720p,https://kr.mcmworldwide.com/ko_KR/stark-맥시-모노그램-레더-백팩/MMKDAVE02BK001.html
MMKDAVE02VC001,Stark 맥시 모노그램 레더 백팩,2390000,Blue,ACTIVE,천연 나파 가죽,,스웨이드 마감 마이크로파이버,실버톤 코발트 금속 장식,15 x 33 x 42,75cm~89cm,7.5cm,대한민국,조절 가능한 어깨 스트랩 | 레더 손잡이 부분 | 엠보스드 맥시 모노그램 | 전면 지퍼 수납공간 | 외부 측면 포켓 | 양방향 지퍼 클로저 | 내부 포켓 및 13인치 노트북과 태블릿을 위한 슬리브 | 패딩 뒷면 패널,MMKDAVE02BK001,https://images.mcmworldwide.com/i/mcmworldwide/MMKDAVE02VC001_01 | https://images.mcmworldwide.com/i/mcmworldwide/MMKDAVE02VC001_09 | https://images.mcmworldwide.com/i/mcmworldwide/MMKDAVE02VC001_02 | https://images.mcmworldwide.com/i/mcmworldwide/MMKDAVE02VC001_03 | https://images.mcmworldwide.com/i/mcmworldwide/MMKDAVE02VC001_04 | https://images.mcmworldwide.com/i/mcmworldwide/MMKDAVE02VC001_10 | https://images.mcmworldwide.com/i/mcmworldwide/MMKDAVE02VC001_11,https://images.mcmworldwide.com/v/mcmworldwide/MMKDAVE02VC001_VID/webm_720p,https://kr.mcmworldwide.com/ko_KR/stark-맥시-모노그램-레더-백팩/MMKDAVE02VC001.html
MMKEAVE12CO001,Stark 사이드 스터드 비세토스 백팩,1890000,Cognac,ACTIVE,비세토스 모노그램 캔버스,천연 나파 가죽,인조 나파,24K 도금 금속 장식,16 x 33 x 41,76cm~90cm,8cm,대한민국,조절 가능한 어깨 스트랩 | 가죽 손잡이 부분 | MCM 로고 플레이트 | 전면 지퍼 수납공간 | 외부 사이드 포켓과 스터드 장식 | 양방향 지퍼 클로저 | 내부 포켓 및 13인치 노트북과 태블릿을 위한 슬리브,MMKEAVE12BK001 | MMKGSVE01K8001,https://images.mcmworldwide.com/i/mcmworldwide/MMKEAVE12CO001_01 | https://images.mcmworldwide.com/i/mcmworldwide/MMKEAVE12CO001_09 | https://images.mcmworldwide.com/i/mcmworldwide/MMKEAVE12CO001_02 | https://images.mcmworldwide.com/i/mcmworldwide/MMKEAVE12CO001_03 | https://images.mcmworldwide.com/i/mcmworldwide/MMKEAVE12CO001_04 | https://images.mcmworldwide.com/i/mcmworldwide/MMKEAVE12CO001_05 | https://images.mcmworldwide.com/i/mcmworldwide/MMKEAVE12CO001_06 | https://images.mcmworldwide.com/i/mcmworldwide/MMKEAVE12CO001_10 | https://images.mcmworldwide.com/i/mcmworldwide/MMKEAVE12CO001_11,https://images.mcmworldwide.com/v/mcmworldwide/MMKEAVE12CO001_VID/webm_720p | https://images.mcmworldwide.com/v/mcmworldwide/MMKEAVE12CO001_VID_01/webm_720p,https://kr.mcmworldwide.com/ko_KR/stark-사이드-스터드-비세토스-백팩/MMKEAVE12CO001.html
MMKEAVE12BK001,Stark 사이드 스터드 비세토스 백팩,1890000,Black,ACTIVE,비세토스 모노그램 캔버스,천연 나파 가죽,인조 나파,코발트 금속 장식 | 다크톤 코발트 금속 장식,16 x 33 x 41,76cm~90cm,8cm,대한민국,조절 가능한 어깨 스트랩 | 가죽 손잡이 부분 | MCM 로고 플레이트 | 전면 지퍼 수납공간 | 외부 사이드 포켓과 스터드 장식 | 양방향 지퍼 클로저 | 내부 포켓 및 13인치 노트북과 태블릿을 위한 슬리브,MMKEAVE12CO001 | MMKGSVE01K8001,https://images.mcmworldwide.com/i/mcmworldwide/MMKEAVE12BK001_01 | https://images.mcmworldwide.com/i/mcmworldwide/MMKEAVE12BK001_09 | https://images.mcmworldwide.com/i/mcmworldwide/MMKEAVE12BK001_02 | https://images.mcmworldwide.com/i/mcmworldwide/MMKEAVE12BK001_03 | https://images.mcmworldwide.com/i/mcmworldwide/MMKEAVE12BK001_04 | https://images.mcmworldwide.com/i/mcmworldwide/MMKEAVE12BK001_10 | https://images.mcmworldwide.com/i/mcmworldwide/MMKEAVE12BK001_11,,https://kr.mcmworldwide.com/ko_KR/stark-사이드-스터드-비세토스-백팩/MMKEAVE12BK001.html
MMKGSVE01K8001,Stark 비세토스 사이드 스터드 백팩,1890000,Green,ACTIVE,비세토스 모노그램 캔버스,나파 가죽,스웨이드 마감의 극세사,로고 브라스 플레이트 | 실버톤 코발트 브라스 하드웨어,16 x 33 x 43,77 cm - 92 cm,8 cm,대한민국,길이 조절이 가능한 숄더 스트랩 | 가죽 탑 핸들 | 앞면 지퍼 포켓 | 스터드 장식 디테일이 더해진 외부 측면 포켓 | 양방향 지퍼 클로저 | 13인치 랩탑과 태블릿 수납을 위한 내부 슬리브,MMKEAVE12BK001 | MMKEAVE12CO001,https://images.mcmworldwide.com/i/mcmworldwide/MMKGSVE01K8001_01 | https://images.mcmworldwide.com/i/mcmworldwide/MMKGSVE01K8001_09 | https://images.mcmworldwide.com/i/mcmworldwide/MMKGSVE01K8001_02 | https://images.mcmworldwide.com/i/mcmworldwide/MMKGSVE01K8001_03 | https://images.mcmworldwide.com/i/mcmworldwide/MMKGSVE01K8001_04 | https://images.mcmworldwide.com/i/mcmworldwide/MMKGSVE01K8001_05 | https://images.mcmworldwide.com/i/mcmworldwide/MMKGSVE01K8001_06 | https://images.mcmworldwide.com/i/mcmworldwide/MMKGSVE01K8001_10,,https://kr.mcmworldwide.com/ko_KR/stark-비세토스-사이드-스터드-백팩/MMKGSVE01K8001.html
MMKEAVE14CO001,스타크 사이드 스터드 비세토스 백팩,1750000,Cognac,ACTIVE,비세토스 모노그램 캔버스,천연 나파 가죽,인조 나파,코발트 금속 장식 | 24K 도금 메탈 금속 장식,13 x 30 x 38,71cm ~ 87cm,7.5cm,대한민국,조절 가능한 어깨 스트랩 | 가죽 손잡이 부분 | MCM 로고 플레이트. | 전면 지퍼 수납공간 | 외부 사이드 포켓과 피라미드 모양 스터드 장식 | 양방향 지퍼 클로저 | 내부 포켓 및 13인치 노트북 또는 태블릿을 위한 슬리브,MMKEAVE14BK001,https://images.mcmworldwide.com/i/mcmworldwide/MMKEAVE14CO001_01 | https://images.mcmworldwide.com/i/mcmworldwide/MMKEAVE14CO001_09 | https://images.mcmworldwide.com/i/mcmworldwide/MMKEAVE14CO001_02 | https://images.mcmworldwide.com/i/mcmworldwide/MMKEAVE14CO001_03 | https://images.mcmworldwide.com/i/mcmworldwide/MMKEAVE14CO001_04 | https://images.mcmworldwide.com/i/mcmworldwide/MMKEAVE14CO001_05 | https://images.mcmworldwide.com/i/mcmworldwide/MMKEAVE14CO001_06 | https://images.mcmworldwide.com/i/mcmworldwide/MMKEAVE14CO001_10 | https://images.mcmworldwide.com/i/mcmworldwide/MMKEAVE14CO001_11,,https://kr.mcmworldwide.com/ko_KR/스타크-사이드-스터드-비세토스-백팩/MMKEAVE14CO001.html
MMKEAVE14BK001,스타크 사이드 스터드 비세토스 백팩,1750000,Black,ACTIVE,비세토스 모노그램 캔버스,천연 나파 가죽,인조 나파,24K 도금 금속 장식 | 다크 톤 코발트 메탈 하드웨어.,13 x 30 x 38,71cm ~ 87cm,7.5cm,대한민국,조절 가능한 어깨 스트랩 | 가죽 손잡이 부분 | MCM 로고 플레이트. | 전면 지퍼 수납공간 | 외부 사이드 포켓과 피라미드 모양 스터드 장식 | 양방향 지퍼 클로저 | 내부 포켓 및 13인치 노트북 또는 태블릿을 위한 슬리브 | MCM 로고 플레이트,MMKEAVE14CO001,https://images.mcmworldwide.com/i/mcmworldwide/MMKEAVE14BK001_01 | https://images.mcmworldwide.com/i/mcmworldwide/MMKEAVE14BK001_09 | https://images.mcmworldwide.com/i/mcmworldwide/MMKEAVE14BK001_02 | https://images.mcmworldwide.com/i/mcmworldwide/MMKEAVE14BK001_03 | https://images.mcmworldwide.com/i/mcmworldwide/MMKEAVE14BK001_04 | https://images.mcmworldwide.com/i/mcmworldwide/MMKEAVE14BK001_10 | https://images.mcmworldwide.com/i/mcmworldwide/MMKEAVE14BK001_11,,https://kr.mcmworldwide.com/ko_KR/스타크-사이드-스터드-비세토스-백팩/MMKEAVE14BK001.html
MMKGSVE09BK001,Stark 모노그램 나일론 패커블 백팩,930000,Black,ACTIVE,100% 나일론,천연 가죽,100% 나일론,로고 브라스 플레이트 | 무광 블랙 메탈 하드웨어,14 x 32 x 41,76 cm to 90 cm,8 cm,대한민국,길이 조절이 가능한 숄더 스트랩 | 탑 핸들 | 지퍼 파우치로 변형 가능한 패커블 디자인 | 비세토스 모노그램 전면 프린트 | 앞면 지퍼 포켓 | 양방향 지퍼 클로저,MMKEAVE05CO001,https://images.mcmworldwide.com/i/mcmworldwide/MMKGSVE09BK001_01 | https://images.mcmworldwide.com/i/mcmworldwide/MMKGSVE09BK001_09 | https://images.mcmworldwide.com/i/mcmworldwide/MMKGSVE09BK001_02 | https://images.mcmworldwide.com/i/mcmworldwide/MMKGSVE09BK001_03 | https://images.mcmworldwide.com/i/mcmworldwide/MMKGSVE09BK001_04 | https://images.mcmworldwide.com/i/mcmworldwide/MMKGSVE09BK001_05 | https://images.mcmworldwide.com/i/mcmworldwide/MMKGSVE09BK001_06 | https://images.mcmworldwide.com/i/mcmworldwide/MMKGSVE09BK001_10 | https://images.mcmworldwide.com/i/mcmworldwide/MMKGSVE09BK001_11,https://images.mcmworldwide.com/v/mcmworldwide/MMKGSVE09BK001_VID/webm_720p,https://kr.mcmworldwide.com/ko_KR/stark-모노그램-나일론-패커블-백팩/MMKGSVE09BK001.html
MMKEAVE05CO001,스타크 모노그램 나일론 패커블 백팩,930000,Cognac,ACTIVE,나일론 100%,천연 나파 가죽,나일론 100%,다크 톤 금속 장식,14 x 32 x 41,76cm ~ 90cm,8cm,대한민국,조절 가능한 어깨 스트랩 | 손잡이 부분 | 지퍼 파우치로 변형되는 패커블 디자인 | 전면 지퍼 수납공간 | 앞면의 MCM 로고 플레이트. | 양방향 지퍼 클로저,MMKGSVE09BK001,https://images.mcmworldwide.com/i/mcmworldwide/MMKEAVE05CO001_01 | https://images.mcmworldwide.com/i/mcmworldwide/MMKEAVE05CO001_02 | https://images.mcmworldwide.com/i/mcmworldwide/MMKEAVE05CO001_03 | https://images.mcmworldwide.com/i/mcmworldwide/MMKEAVE05CO001_04 | https://images.mcmworldwide.com/i/mcmworldwide/MMKEAVE05CO001_05,,https://kr.mcmworldwide.com/ko_KR/스타크-모노그램-나일론-패커블-백팩/MMKEAVE05CO001.html
MMKFSVE05CO001,비세토스 스타크 백팩,1890000,Cognac,ACTIVE,비세토스 모노그램 캔버스,천연 나파 가죽,인조 나파,다크 톤 코발트 메탈 하드웨어.,15 x 32 x 44,74cm~90cm,6.5cm,대한민국,조절 가능한 어깨 스트랩 | 가죽 손잡이 부분 | 외부 사이드 지퍼 포켓 | 전면 지퍼 수납공간 | 양방향 지퍼 클로저 | 내부 포켓 및 13인치 노트북과 태블릿을 위한 슬리브,MMKFAVE09K8001,https://images.mcmworldwide.com/i/mcmworldwide/MMKFSVE05CO001_01 | https://images.mcmworldwide.com/i/mcmworldwide/MMKFSVE05CO001_09 | https://images.mcmworldwide.com/i/mcmworldwide/MMKFSVE05CO001_02 | https://images.mcmworldwide.com/i/mcmworldwide/MMKFSVE05CO001_03 | https://images.mcmworldwide.com/i/mcmworldwide/MMKFSVE05CO001_04 | https://images.mcmworldwide.com/i/mcmworldwide/MMKFSVE05CO001_10 | https://images.mcmworldwide.com/i/mcmworldwide/MMKFSVE05CO001_11 | https://images.mcmworldwide.com/i/mcmworldwide/MMKFSVE05CO001_12,https://images.mcmworldwide.com/v/mcmworldwide/MMKFSVE05CO001_VID/webm_720p,https://kr.mcmworldwide.com/ko_KR/비세토스-스타크-백팩/MMKFSVE05CO001.html
MMKFAVE09K8001,Stark 비세토스 백팩,1890000,Green,ACTIVE,비세토스 모노그램 캔버스,천연 가죽,스웨이드 마감의 극세사,로고 브라스 플레이트 | 실버톤 코발트 메탈 하드웨어,15 x 32 x 44,74 - 88CM,6.5cm,대한민국,길이 조절이 가능한 숄더 스트랩 | 가죽 탑 핸들 | 앞면과 옆면의 지퍼 수납공간 | 양방향 지퍼 클로저 | 13인치 노트북과 태블릿 수납이 가능한 내부 포켓과 슬리브,MMKFSVE05CO001,https://images.mcmworldwide.com/i/mcmworldwide/MMKFAVE09K8001_01 | https://images.mcmworldwide.com/i/mcmworldwide/MMKFAVE09K8001_09 | https://images.mcmworldwide.com/i/mcmworldwide/MMKFAVE09K8001_02 | https://images.mcmworldwide.com/i/mcmworldwide/MMKFAVE09K8001_03 | https://images.mcmworldwide.com/i/mcmworldwide/MMKFAVE09K8001_04 | https://images.mcmworldwide.com/i/mcmworldwide/MMKFAVE09K8001_10,https://images.mcmworldwide.com/v/mcmworldwide/MMKFAVE09K8001_VID/webm_720p,https://kr.mcmworldwide.com/ko_KR/stark-비세토스-백팩/MMKFAVE09K8001.html
MMKGSVE05BK001,Stark 갤러틱 갈라 양가죽 백팩,2490000,Black,ACTIVE,양가죽,,코튼 트윌,로고 브라스 플레이트 | 실버톤 코발트 메탈 하드웨어,15 x 32 x 44,74 - 88CM,6.5cm,대한민국,길이 조절이 가능한 숄더 스트랩 | 가죽 탑 핸들 | 갤럭틱 갈라 라운드 메탈 스터드 | 앞면과 옆면의 지퍼 수납공간 | 양방향 지퍼 클로저 | 13인치 노트북과 태블릿 수납이 가능한 내부 포켓과 슬리브,,https://images.mcmworldwide.com/i/mcmworldwide/MMKGSVE05BK001_01 | https://images.mcmworldwide.com/i/mcmworldwide/MMKGSVE05BK001_09 | https://images.mcmworldwide.com/i/mcmworldwide/MMKGSVE05BK001_02 | https://images.mcmworldwide.com/i/mcmworldwide/MMKGSVE05BK001_03 | https://images.mcmworldwide.com/i/mcmworldwide/MMKGSVE05BK001_04 | https://images.mcmworldwide.com/i/mcmworldwide/MMKGSVE05BK001_05 | https://images.mcmworldwide.com/i/mcmworldwide/MMKGSVE05BK001_06 | https://images.mcmworldwide.com/i/mcmworldwide/MMKGSVE05BK001_10 | https://images.mcmworldwide.com/i/mcmworldwide/MMKGSVE05BK001_11,https://images.mcmworldwide.com/v/mcmworldwide/MMKGSVE05BK001_VID/webm_720p,https://kr.mcmworldwide.com/ko_KR/stark-갤러틱-갈라-양가죽-백팩/MMKGSVE05BK001.html
MMLGATA03CO001,Aren 비세토스 슬링백,1250000,Cognac,ACTIVE,비세토스 모노그램 캔버스,나파 가죽,코튼 트윌,24K 골드 도금 브라스 하드웨어,9 x 21 x 37,66.5cm - 116cm,,대한민국,길이 조절이 가능한 헤링본 패브릭 웨빙 스트랩 | 앞면 지퍼 포켓 | 뒷면 외부 슬립 포켓 | 양방향 지퍼 클로저 | 테블릿과 디바이스 수납을 위한 내부 슬리브,,https://images.mcmworldwide.com/i/mcmworldwide/MMLGATA03CO001_01 | https://images.mcmworldwide.com/i/mcmworldwide/MMLGATA03CO001_09 | https://images.mcmworldwide.com/i/mcmworldwide/MMLGATA03CO001_02 | https://images.mcmworldwide.com/i/mcmworldwide/MMLGATA03CO001_03 | https://images.mcmworldwide.com/i/mcmworldwide/MMLGATA03CO001_04 | https://images.mcmworldwide.com/i/mcmworldwide/MMLGATA03CO001_05 | https://images.mcmworldwide.com/i/mcmworldwide/MMLGATA03CO001_10 | https://images.mcmworldwide.com/i/mcmworldwide/MMLGATA03CO001_11,https://images.mcmworldwide.com/v/mcmworldwide/MMLGATA03CO001_VID/webm_720p,https://kr.mcmworldwide.com/ko_KR/aren-비세토스-슬링백/MMLGATA03CO001.html
MYZGATA03CO001,Aren 디스코 비세토스 크로스바디 파우치,770000,Cognac,ACTIVE,비세토스 모노그램 캔버스,나파 가죽,코튼 트윌,로고 브라스 플레이트 | 24K 골드 도금 브라스 하드웨어,2 x 30 x 21,115.5 cm - 139.5 cm,60 cm,대한민국,탈부착이 가능하며 길이 조절이 가능한 가죽 스트랩 | MCM Disco 모티프 | 히든 스냅이 있는 뒷면 외부 포켓 | 지퍼 클로저 | 내부 슬립 포켓 및 지퍼 수납공간,,https://images.mcmworldwide.com/i/mcmworldwide/MYZGATA03CO001_01 | https://images.mcmworldwide.com/i/mcmworldwide/MYZGATA03CO001_09 | https://images.mcmworldwide.com/i/mcmworldwide/MYZGATA03CO001_02 | https://images.mcmworldwide.com/i/mcmworldwide/MYZGATA03CO001_03 | https://images.mcmworldwide.com/i/mcmworldwide/MYZGATA03CO001_04 | https://images.mcmworldwide.com/i/mcmworldwide/MYZGATA03CO001_05 | https://images.mcmworldwide.com/i/mcmworldwide/MYZGATA03CO001_06 | https://images.mcmworldwide.com/i/mcmworldwide/MYZGATA03CO001_10,,https://kr.mcmworldwide.com/ko_KR/aren-디스코-비세토스-크로스바디-파우치/MYZGATA03CO001.html
MYZGATA05CO001,Aren 비세토스 트라이엥글 크로스바디,790000,Cognac,ACTIVE,Visetos monogram canvas,Nappa leather,Microfiber with suede finish,Logo brass plate | 24k gold-plated brass hardware,6 x 24 x 19,104 cm to 128 cm,55 cm,대한민국,"Detachable, adjustable crossbody leather strap | Zip closure | Interior card slots | Rear leather belt loops",,https://images.mcmworldwide.com/i/mcmworldwide/MYZGATA05CO001_01 | https://images.mcmworldwide.com/i/mcmworldwide/MYZGATA05CO001_09 | https://images.mcmworldwide.com/i/mcmworldwide/MYZGATA05CO001_02 | https://images.mcmworldwide.com/i/mcmworldwide/MYZGATA05CO001_03 | https://images.mcmworldwide.com/i/mcmworldwide/MYZGATA05CO001_04 | https://images.mcmworldwide.com/i/mcmworldwide/MYZGATA05CO001_05 | https://images.mcmworldwide.com/i/mcmworldwide/MYZGATA05CO001_06 | https://images.mcmworldwide.com/i/mcmworldwide/MYZGATA05CO001_10 | https://images.mcmworldwide.com/i/mcmworldwide/MYZGATA05CO001_11,,https://kr.mcmworldwide.com/ko_KR/aren-비세토스-트라이엥글-크로스바디/MYZGATA05CO001.html
MYLGATA02CO001,Aren 디스코 비세토스 지퍼 지갑,530000,Cognac,ACTIVE,비세토스 모노그램 캔버스,나파 가죽,코튼 트윌,로고 브라스 플레이트 | 24K 골드 도금 브라스 하드웨어,2 x 12 x 9,,,대한민국,MCM Disco 모티프 | 지퍼-어라운드 클로저 | 구획된 내부 수납공간 | 내부 지퍼 포켓과 카드 슬롯,,https://images.mcmworldwide.com/i/mcmworldwide/MYLGATA02CO001_01 | https://images.mcmworldwide.com/i/mcmworldwide/MYLGATA02CO001_03 | https://images.mcmworldwide.com/i/mcmworldwide/MYLGATA02CO001_04,,https://kr.mcmworldwide.com/ko_KR/aren-디스코-비세토스-지퍼-지갑/MYLGATA02CO001.html
MWHGAXT03CO001,Tracy 비세토스 호보,1690000,Cognac,ACTIVE,비세토스 모노그램 캔버스,나파 가죽,스웨이드 마감의 극세사,24K 골드 도금 브라스 하드웨어,11 x 33 x 31,73cm - 105cm,,대한민국,탈부착이 가능하며 길이 조절이 가능한 가죽 스트랩 | 가죽 스트랩 잠금 장치가 있는 로고 자물쇠 | 내부 슬립 포켓 및 지퍼 수납공간,,https://images.mcmworldwide.com/i/mcmworldwide/MWHGAXT03CO001_01 | https://images.mcmworldwide.com/i/mcmworldwide/MWHGAXT03CO001_09 | https://images.mcmworldwide.com/i/mcmworldwide/MWHGAXT03CO001_02 | https://images.mcmworldwide.com/i/mcmworldwide/MWHGAXT03CO001_03 | https://images.mcmworldwide.com/i/mcmworldwide/MWHGAXT03CO001_04 | https://images.mcmworldwide.com/i/mcmworldwide/MWHGAXT03CO001_05 | https://images.mcmworldwide.com/i/mcmworldwide/MWHGAXT03CO001_06 | https://images.mcmworldwide.com/i/mcmworldwide/MWHGAXT03CO001_10 | https://images.mcmworldwide.com/i/mcmworldwide/MWHGAXT03CO001_11 | https://images.mcmworldwide.com/i/mcmworldwide/MWHGAXT03CO001_12,https://images.mcmworldwide.com/v/mcmworldwide/MWHGAXT03CO001_VID/webm_720p,https://kr.mcmworldwide.com/ko_KR/tracy-비세토스-호보/MWHGAXT03CO001.html
MWPGALR02BK001,New Liz 엠보스드 모노그램 레더 쇼퍼,1350000,Black,ACTIVE,풀그레인 가죽,,스웨이드 마감의 극세사,로고 브라스 플레이트 | 실버톤 코발트 브라스 하드웨어,15 x 25 x 31,,26 cm,이탈리아,가죽 핸들 스트랩 | 엠보스드 비세토스 모노그램 | 후크 잠금 장지 | 탈부착 가능한 레더 파우치 | D링 참 장식 디테일 | 바닥 보호를 위한 레더 패드,,https://images.mcmworldwide.com/i/mcmworldwide/MWPGALR02BK001_01 | https://images.mcmworldwide.com/i/mcmworldwide/MWPGALR02BK001_09 | https://images.mcmworldwide.com/i/mcmworldwide/MWPGALR02BK001_02 | https://images.mcmworldwide.com/i/mcmworldwide/MWPGALR02BK001_03 | https://images.mcmworldwide.com/i/mcmworldwide/MWPGALR02BK001_04 | https://images.mcmworldwide.com/i/mcmworldwide/MWPGALR02BK001_05 | https://images.mcmworldwide.com/i/mcmworldwide/MWPGALR02BK001_11,https://images.mcmworldwide.com/v/mcmworldwide/MWPGALR02BK001_VID/webm_720p,https://kr.mcmworldwide.com/ko_KR/new-liz-엠보스드-모노그램-레더-쇼퍼/MWPGALR02BK001.html
MWRGAOB03BK001,Pina 스터드 장식 카프스킨 탬버린 백,2250000,Black,ACTIVE,100% 카프스킨,,스웨이드 마감의 극세사,24K 골드 도금 브라스 하드웨어,6 x 19 x 19,120.5 cm to 140.5 cm,4 cm,이탈리아,탈부착이 가능하며 길이 조절이 가능한 가죽 크로스바디 스트랩 | 탈부착 가능한 가죽 태슬 장식 | 뒷면 가죽 벨트 루프 | 지퍼 클로저 | 내부 카드 슬롯,,https://images.mcmworldwide.com/i/mcmworldwide/MWRGAOB03BK001_01 | https://images.mcmworldwide.com/i/mcmworldwide/MWRGAOB03BK001_09 | https://images.mcmworldwide.com/i/mcmworldwide/MWRGAOB03BK001_02 | https://images.mcmworldwide.com/i/mcmworldwide/MWRGAOB03BK001_03 | https://images.mcmworldwide.com/i/mcmworldwide/MWRGAOB03BK001_04 | https://images.mcmworldwide.com/i/mcmworldwide/MWRGAOB03BK001_05 | https://images.mcmworldwide.com/i/mcmworldwide/MWRGAOB03BK001_10 | https://images.mcmworldwide.com/i/mcmworldwide/MWRGAOB03BK001_11,,https://kr.mcmworldwide.com/ko_KR/pina-스터드-장식-카프스킨-탬버린-백/MWRGAOB03BK001.html
MWRGATA01BK001,Pina 스터드 장식 카프스킨 베니티 케이스,1550000,Black,ACTIVE,100% 카프스킨,,스웨이드 마감의 극세사,로고 브라스 플레이트 | 24K 골드 도금 브라스 하드웨어,6 x 19 x 12,103cm - 135cm,60cm,이탈리아,탈부착이 가능하며 길이 조절이 가능한 가죽 스트랩 | 가죽 탑 핸들 | 가죽 태슬 장식 | 메탈 로고 스터드 | 양방향 지퍼 클로저 | 내부 카드 슬롯,,https://images.mcmworldwide.com/i/mcmworldwide/MWRGATA01BK001_01 | https://images.mcmworldwide.com/i/mcmworldwide/MWRGATA01BK001_09 | https://images.mcmworldwide.com/i/mcmworldwide/MWRGATA01BK001_02 | https://images.mcmworldwide.com/i/mcmworldwide/MWRGATA01BK001_03 | https://images.mcmworldwide.com/i/mcmworldwide/MWRGATA01BK001_04 | https://images.mcmworldwide.com/i/mcmworldwide/MWRGATA01BK001_05 | https://images.mcmworldwide.com/i/mcmworldwide/MWRGATA01BK001_10 | https://images.mcmworldwide.com/i/mcmworldwide/MWRGATA01BK001_11,,https://kr.mcmworldwide.com/ko_KR/pina-스터드-장식-카프스킨-베니티-케이스/MWRGATA01BK001.html
MEFGAMM074B001,디스코 모노그램 스카프,430000,Brown,ACTIVE,100% 오가닉 실크,,,,90 x 90 x 0,,,이탈리아,정교한 핸드 스티치로 완성 | “MCM Disco” 아트워크,,https://images.mcmworldwide.com/i/mcmworldwide/MEFGAMM074B001_01 | https://images.mcmworldwide.com/i/mcmworldwide/MEFGAMM074B001_09 | https://images.mcmworldwide.com/i/mcmworldwide/MEFGAMM074B001_02 | https://images.mcmworldwide.com/i/mcmworldwide/MEFGAMM074B001_03 | https://images.mcmworldwide.com/i/mcmworldwide/MEFGAMM074B001_10,,https://kr.mcmworldwide.com/ko_KR/디스코-모노그램-스카프/MEFGAMM074B001.html
MEFGAMM05Q7001,디스코 모노그램 프린트 쁘띠 스카프,175000,Pink,ACTIVE,100% 오가닉 실크,,,,5 x 120 x 0,,,이탈리아,정교한 핸드 스티치로 완성 | 양면 디자인 | 대조적인 “MCM Disco” 모노그램 아트워크,,https://images.mcmworldwide.com/i/mcmworldwide/MEFGAMM05Q7001_01 | https://images.mcmworldwide.com/i/mcmworldwide/MEFGAMM05Q7001_09 | https://images.mcmworldwide.com/i/mcmworldwide/MEFGAMM05Q7001_04 | https://images.mcmworldwide.com/i/mcmworldwide/MEFGAMM05Q7001_05 | https://images.mcmworldwide.com/i/mcmworldwide/MEFGAMM05Q7001_10,,https://kr.mcmworldwide.com/ko_KR/디스코-모노그램-프린트-쁘띠-스카프/MEFGAMM05Q7001.html
MECGAMM01BK001,Disco 로고 자수 코튼 트윌 캡,370000,Black,ACTIVE,코튼 100%,,,,,,,이탈리아,“MCM Disco” 패치 자수 | 뒷면의 조절 가능한 스트랩 | 코냑 컬러 테두리,,https://images.mcmworldwide.com/i/mcmworldwide/MECGAMM01BK001_01 | https://images.mcmworldwide.com/i/mcmworldwide/MECGAMM01BK001_09 | https://images.mcmworldwide.com/i/mcmworldwide/MECGAMM01BK001_04 | https://images.mcmworldwide.com/i/mcmworldwide/MECGAMM01BK001_05 | https://images.mcmworldwide.com/i/mcmworldwide/MECGAMM01BK001_10 | https://images.mcmworldwide.com/i/mcmworldwide/MECGAMM01BK001_11,,https://kr.mcmworldwide.com/ko_KR/disco-로고-자수-코튼-트윌-캡/MECGAMM01BK001.html
MWHGAXT03CO001,Tracy 비세토스 호보,1690000,Cognac,ACTIVE,비세토스 모노그램 캔버스,나파 가죽,스웨이드 마감의 극세사,24K 골드 도금 브라스 하드웨어,11 x 33 x 31,73cm - 105cm,,대한민국,탈부착이 가능하며 길이 조절이 가능한 가죽 스트랩 | 가죽 스트랩 잠금 장치가 있는 로고 자물쇠 | 내부 슬립 포켓 및 지퍼 수납공간,,https://images.mcmworldwide.com/i/mcmworldwide/MWHGAXT03CO001_01 | https://images.mcmworldwide.com/i/mcmworldwide/MWHGAXT03CO001_09 | https://images.mcmworldwide.com/i/mcmworldwide/MWHGAXT03CO001_02 | https://images.mcmworldwide.com/i/mcmworldwide/MWHGAXT03CO001_03 | https://images.mcmworldwide.com/i/mcmworldwide/MWHGAXT03CO001_04 | https://images.mcmworldwide.com/i/mcmworldwide/MWHGAXT03CO001_05 | https://images.mcmworldwide.com/i/mcmworldwide/MWHGAXT03CO001_06 | https://images.mcmworldwide.com/i/mcmworldwide/MWHGAXT03CO001_10 | https://images.mcmworldwide.com/i/mcmworldwide/MWHGAXT03CO001_11 | https://images.mcmworldwide.com/i/mcmworldwide/MWHGAXT03CO001_12,https://images.mcmworldwide.com/v/mcmworldwide/MWHGAXT03CO001_VID/webm_720p,https://kr.mcmworldwide.com/ko_KR/%EA%B0%80%EB%B0%A9/%EB%AA%A8%EB%91%90%EB%B3%B4%EA%B8%B0/tracy-%EB%B9%84%EC%84%B8%ED%86%A0%EC%8A%A4-%ED%98%B8%EB%B3%B4/MWHGAXT03CO001.html
MWHGAXT03CO001,Tracy 비세토스 호보,1690000,Cognac,ACTIVE,비세토스 모노그램 캔버스,나파 가죽,스웨이드 마감의 극세사,24K 골드 도금 브라스 하드웨어,11 x 33 x 31,73cm - 105cm,,대한민국,탈부착이 가능하며 길이 조절이 가능한 가죽 스트랩 | 가죽 스트랩 잠금 장치가 있는 로고 자물쇠 | 내부 슬립 포켓 및 지퍼 수납공간,,https://images.mcmworldwide.com/i/mcmworldwide/MWHGAXT03CO001_01 | https://images.mcmworldwide.com/i/mcmworldwide/MWHGAXT03CO001_09 | https://images.mcmworldwide.com/i/mcmworldwide/MWHGAXT03CO001_02 | https://images.mcmworldwide.com/i/mcmworldwide/MWHGAXT03CO001_03 | https://images.mcmworldwide.com/i/mcmworldwide/MWHGAXT03CO001_04 | https://images.mcmworldwide.com/i/mcmworldwide/MWHGAXT03CO001_05 | https://images.mcmworldwide.com/i/mcmworldwide/MWHGAXT03CO001_06 | https://images.mcmworldwide.com/i/mcmworldwide/MWHGAXT03CO001_10 | https://images.mcmworldwide.com/i/mcmworldwide/MWHGAXT03CO001_11 | https://images.mcmworldwide.com/i/mcmworldwide/MWHGAXT03CO001_12,https://images.mcmworldwide.com/v/mcmworldwide/MWHGAXT03CO001_VID/webm_720p,https://kr.mcmworldwide.com/ko_KR/%EC%97%AC%EC%84%B1/%ED%95%B8%EB%93%9C%EB%B0%B1/%EC%88%84%EB%8D%94%EB%B0%B1-%ED%81%AC%EB%A1%9C%EC%8A%A4%EB%B0%B1/tracy-%EB%B9%84%EC%84%B8%ED%86%A0%EC%8A%A4-%ED%98%B8%EB%B3%B4/MWHGAXT03CO001.html
MWSGAXT03CO001,Tracy 비세토스 숄더백,1450000,Cognac,ACTIVE,비세토스 모노그램 캔버스,나파 가죽,스웨이드 마감의 극세사,24K 골드 도금 브라스 하드웨어,7 x 25 x 15,109cm - 134cm,,대한민국,탈부착이 가능하며 길이 조절이 가능한 가죽 스트랩 | 가죽 스트랩 잠금 장치가 있는 자물쇠 | 내부 슬립 포켓 및 지퍼 수납공간,,https://images.mcmworldwide.com/i/mcmworldwide/MWSGAXT03CO001_01 | https://images.mcmworldwide.com/i/mcmworldwide/MWSGAXT03CO001_09 | https://images.mcmworldwide.com/i/mcmworldwide/MWSGAXT03CO001_02 | https://images.mcmworldwide.com/i/mcmworldwide/MWSGAXT03CO001_03 | https://images.mcmworldwide.com/i/mcmworldwide/MWSGAXT03CO001_04 | https://images.mcmworldwide.com/i/mcmworldwide/MWSGAXT03CO001_05 | https://images.mcmworldwide.com/i/mcmworldwide/MWSGAXT03CO001_06 | https://images.mcmworldwide.com/i/mcmworldwide/MWSGAXT03CO001_10 | https://images.mcmworldwide.com/i/mcmworldwide/MWSGAXT03CO001_11 | https://images.mcmworldwide.com/i/mcmworldwide/MWSGAXT03CO001_12,https://images.mcmworldwide.com/v/mcmworldwide/MWSGAXT03CO001_VID/webm_720p,https://kr.mcmworldwide.com/ko_KR/%EA%B0%80%EB%B0%A9/%EB%AA%A8%EB%91%90%EB%B3%B4%EA%B8%B0/tracy-%EB%B9%84%EC%84%B8%ED%86%A0%EC%8A%A4-%EC%88%84%EB%8D%94%EB%B0%B1/MWSGAXT03CO001.html
MWSGAXT03CO001,Tracy 비세토스 숄더백,1450000,Cognac,ACTIVE,비세토스 모노그램 캔버스,나파 가죽,스웨이드 마감의 극세사,24K 골드 도금 브라스 하드웨어,7 x 25 x 15,109cm - 134cm,,대한민국,탈부착이 가능하며 길이 조절이 가능한 가죽 스트랩 | 가죽 스트랩 잠금 장치가 있는 자물쇠 | 내부 슬립 포켓 및 지퍼 수납공간,,https://images.mcmworldwide.com/i/mcmworldwide/MWSGAXT03CO001_01 | https://images.mcmworldwide.com/i/mcmworldwide/MWSGAXT03CO001_09 | https://images.mcmworldwide.com/i/mcmworldwide/MWSGAXT03CO001_02 | https://images.mcmworldwide.com/i/mcmworldwide/MWSGAXT03CO001_03 | https://images.mcmworldwide.com/i/mcmworldwide/MWSGAXT03CO001_04 | https://images.mcmworldwide.com/i/mcmworldwide/MWSGAXT03CO001_05 | https://images.mcmworldwide.com/i/mcmworldwide/MWSGAXT03CO001_06 | https://images.mcmworldwide.com/i/mcmworldwide/MWSGAXT03CO001_10 | https://images.mcmworldwide.com/i/mcmworldwide/MWSGAXT03CO001_11 | https://images.mcmworldwide.com/i/mcmworldwide/MWSGAXT03CO001_12,https://images.mcmworldwide.com/v/mcmworldwide/MWSGAXT03CO001_VID/webm_720p,https://kr.mcmworldwide.com/ko_KR/%EC%97%AC%EC%84%B1/%ED%95%B8%EB%93%9C%EB%B0%B1/%EC%88%84%EB%8D%94%EB%B0%B1-%ED%81%AC%EB%A1%9C%EC%8A%A4%EB%B0%B1/tracy-%EB%B9%84%EC%84%B8%ED%86%A0%EC%8A%A4-%EC%88%84%EB%8D%94%EB%B0%B1/MWSGAXT03CO001.html
MWDGADU01CO001,Dessau 비세토스 드로우스트링 백,1250000,Cognac,ACTIVE,비세토스 모노그램 캔버스,나파 가죽,스웨이드 마감의 극세사,로고 브라스 플레이트 | 24K 골드 도금 브라스 하드웨어,11 x 22 x 18,96 cm - 120 cm,19 cm,대한민국,탈부착이 가능하며 길이 조절이 가능한 가죽 스트랩 | 체인 핸들 | 가죽 드로스트링 잠금장치,,https://images.mcmworldwide.com/i/mcmworldwide/MWDGADU01CO001_01 | https://images.mcmworldwide.com/i/mcmworldwide/MWDGADU01CO001_09 | https://images.mcmworldwide.com/i/mcmworldwide/MWDGADU01CO001_02 | https://images.mcmworldwide.com/i/mcmworldwide/MWDGADU01CO001_03 | https://images.mcmworldwide.com/i/mcmworldwide/MWDGADU01CO001_04 | https://images.mcmworldwide.com/i/mcmworldwide/MWDGADU01CO001_05 | https://images.mcmworldwide.com/i/mcmworldwide/MWDGADU01CO001_10,,https://kr.mcmworldwide.com/ko_KR/%EA%B0%80%EB%B0%A9/%EB%AA%A8%EB%91%90%EB%B3%B4%EA%B8%B0/dessau-%EB%B9%84%EC%84%B8%ED%86%A0%EC%8A%A4-%EB%93%9C%EB%A1%9C%EC%9A%B0%EC%8A%A4%ED%8A%B8%EB%A7%81-%EB%B0%B1/MWDGADU01CO001.html
MWDGADU01CO001,Dessau 비세토스 드로우스트링 백,1250000,Cognac,ACTIVE,비세토스 모노그램 캔버스,나파 가죽,스웨이드 마감의 극세사,로고 브라스 플레이트 | 24K 골드 도금 브라스 하드웨어,11 x 22 x 18,96 cm - 120 cm,19 cm,대한민국,탈부착이 가능하며 길이 조절이 가능한 가죽 스트랩 | 체인 핸들 | 가죽 드로스트링 잠금장치,,https://images.mcmworldwide.com/i/mcmworldwide/MWDGADU01CO001_01 | https://images.mcmworldwide.com/i/mcmworldwide/MWDGADU01CO001_09 | https://images.mcmworldwide.com/i/mcmworldwide/MWDGADU01CO001_02 | https://images.mcmworldwide.com/i/mcmworldwide/MWDGADU01CO001_03 | https://images.mcmworldwide.com/i/mcmworldwide/MWDGADU01CO001_04 | https://images.mcmworldwide.com/i/mcmworldwide/MWDGADU01CO001_05 | https://images.mcmworldwide.com/i/mcmworldwide/MWDGADU01CO001_10,,https://kr.mcmworldwide.com/ko_KR/%EC%97%AC%EC%84%B1/%ED%95%B8%EB%93%9C%EB%B0%B1/%EC%88%84%EB%8D%94%EB%B0%B1-%ED%81%AC%EB%A1%9C%EC%8A%A4%EB%B0%B1/dessau-%EB%B9%84%EC%84%B8%ED%86%A0%EC%8A%A4-%EB%93%9C%EB%A1%9C%EC%9A%B0%EC%8A%A4%ED%8A%B8%EB%A7%81-%EB%B0%B1/MWDGADU01CO001.html
MWDGSDU03CO001,Dessau 비세토스 드로우스트링 백,1550000,Cognac,ACTIVE,비세토스 모노그램 캔버스,천연 가죽,스웨이드 마감의 극세사,로고 브라스 플레이트 | 24K 골드 도금 브라스 하드웨어,14 x 28 x 23,97 cm - 121 cm,20 cm,대한민국,탈부착이 가능하며 길이 조절이 가능한 가죽 스트랩 | 탈부착 가능한 가죽 탑 핸들 | 가죽 드로스트링 잠금장치 | 비세토스 모노그램 지퍼 파우치 포함,MWDGADU02BK001 | MWDGADU02WT001,https://images.mcmworldwide.com/i/mcmworldwide/MWDGSDU03CO001_01 | https://images.mcmworldwide.com/i/mcmworldwide/MWDGSDU03CO001_09 | https://images.mcmworldwide.com/i/mcmworldwide/MWDGSDU03CO001_02 | https://images.mcmworldwide.com/i/mcmworldwide/MWDGSDU03CO001_03 | https://images.mcmworldwide.com/i/mcmworldwide/MWDGSDU03CO001_04 | https://images.mcmworldwide.com/i/mcmworldwide/MWDGSDU03CO001_05 | https://images.mcmworldwide.com/i/mcmworldwide/MWDGSDU03CO001_10 | https://images.mcmworldwide.com/i/mcmworldwide/MWDGSDU03CO001_11,https://images.mcmworldwide.com/v/mcmworldwide/MWDGSDU03CO001_01_VID/webm_720p,https://kr.mcmworldwide.com/ko_KR/%EA%B0%80%EB%B0%A9/%EB%AA%A8%EB%91%90%EB%B3%B4%EA%B8%B0/dessau-%EB%B9%84%EC%84%B8%ED%86%A0%EC%8A%A4-%EB%93%9C%EB%A1%9C%EC%9A%B0%EC%8A%A4%ED%8A%B8%EB%A7%81-%EB%B0%B1/MWDGSDU03CO001.html
MWDGSDU03CO001,Dessau 비세토스 드로우스트링 백,1550000,Cognac,ACTIVE,비세토스 모노그램 캔버스,천연 가죽,스웨이드 마감의 극세사,로고 브라스 플레이트 | 24K 골드 도금 브라스 하드웨어,14 x 28 x 23,97 cm - 121 cm,20 cm,대한민국,탈부착이 가능하며 길이 조절이 가능한 가죽 스트랩 | 탈부착 가능한 가죽 탑 핸들 | 가죽 드로스트링 잠금장치 | 비세토스 모노그램 지퍼 파우치 포함,MWDGADU02BK001 | MWDGADU02WT001,https://images.mcmworldwide.com/i/mcmworldwide/MWDGSDU03CO001_01 | https://images.mcmworldwide.com/i/mcmworldwide/MWDGSDU03CO001_09 | https://images.mcmworldwide.com/i/mcmworldwide/MWDGSDU03CO001_02 | https://images.mcmworldwide.com/i/mcmworldwide/MWDGSDU03CO001_03 | https://images.mcmworldwide.com/i/mcmworldwide/MWDGSDU03CO001_04 | https://images.mcmworldwide.com/i/mcmworldwide/MWDGSDU03CO001_05 | https://images.mcmworldwide.com/i/mcmworldwide/MWDGSDU03CO001_10 | https://images.mcmworldwide.com/i/mcmworldwide/MWDGSDU03CO001_11,https://images.mcmworldwide.com/v/mcmworldwide/MWDGSDU03CO001_01_VID/webm_720p,https://kr.mcmworldwide.com/ko_KR/%EC%97%AC%EC%84%B1/%ED%95%B8%EB%93%9C%EB%B0%B1/%EC%88%84%EB%8D%94%EB%B0%B1-%ED%81%AC%EB%A1%9C%EC%8A%A4%EB%B0%B1/dessau-%EB%B9%84%EC%84%B8%ED%86%A0%EC%8A%A4-%EB%93%9C%EB%A1%9C%EC%9A%B0%EC%8A%A4%ED%8A%B8%EB%A7%81-%EB%B0%B1/MWDGSDU03CO001.html
MWDGADU02BK001,Dessau 비세토스 드로우스트링 백,1550000,Black,ACTIVE,비세토스 모노그램 캔버스,,스웨이드 마감의 극세사,로고 브라스 플레이트 | 실버톤 코발트 브라스 하드웨어,14 x 22 x 28,97 cm - 121 cm,20 cm,대한민국,탈부착이 가능하며 길이 조절이 가능한 가죽 스트랩 | 탈부착 가능한 가죽 탑 핸들 | 가죽 드로스트링 잠금장치 | 비세토스 모노그램 지퍼 파우치 포함 | 가방 바닥 보호에 도움을 주는 메탈 피트 | 레더 트림,MWDGADU02WT001 | MWDGSDU03CO001,https://images.mcmworldwide.com/i/mcmworldwide/MWDGADU02BK001_01 | https://images.mcmworldwide.com/i/mcmworldwide/MWDGADU02BK001_09 | https://images.mcmworldwide.com/i/mcmworldwide/MWDGADU02BK001_02 | https://images.mcmworldwide.com/i/mcmworldwide/MWDGADU02BK001_03 | https://images.mcmworldwide.com/i/mcmworldwide/MWDGADU02BK001_04 | https://images.mcmworldwide.com/i/mcmworldwide/MWDGADU02BK001_05 | https://images.mcmworldwide.com/i/mcmworldwide/MWDGADU02BK001_10 | https://images.mcmworldwide.com/i/mcmworldwide/MWDGADU02BK001_11,https://images.mcmworldwide.com/v/mcmworldwide/MWDGADU02BK001_VID/webm_720p,https://kr.mcmworldwide.com/ko_KR/%EC%97%AC%EC%84%B1/%ED%95%B8%EB%93%9C%EB%B0%B1/%EC%88%84%EB%8D%94%EB%B0%B1-%ED%81%AC%EB%A1%9C%EC%8A%A4%EB%B0%B1/dessau-%EB%B9%84%EC%84%B8%ED%86%A0%EC%8A%A4-%EB%93%9C%EB%A1%9C%EC%9A%B0%EC%8A%A4%ED%8A%B8%EB%A7%81-%EB%B0%B1/MWDGADU02BK001.html
MWDGADU02WT001,Dessau 비세토스 드로우스트링 백,1550000,White,ACTIVE,비세토스 모노그램 캔버스,,스웨이드 마감의 극세사,로고 브라스 플레이트 | 실버톤 코발트 브라스 하드웨어,14 x 22 x 28,97 cm - 121 cm,20 cm,대한민국,탈부착이 가능하며 길이 조절이 가능한 가죽 스트랩 | 탈부착 가능한 가죽 탑 핸들 | 가죽 드로스트링 잠금장치 | 비세토스 모노그램 지퍼 파우치 포함 | 가방 바닥 보호에 도움을 주는 메탈 피트 | 레더 트림,MWDGADU02BK001 | MWDGSDU03CO001,https://images.mcmworldwide.com/i/mcmworldwide/MWDGADU02WT001_01 | https://images.mcmworldwide.com/i/mcmworldwide/MWDGADU02WT001_09 | https://images.mcmworldwide.com/i/mcmworldwide/MWDGADU02WT001_02 | https://images.mcmworldwide.com/i/mcmworldwide/MWDGADU02WT001_03 | https://images.mcmworldwide.com/i/mcmworldwide/MWDGADU02WT001_04 | https://images.mcmworldwide.com/i/mcmworldwide/MWDGADU02WT001_05 | https://images.mcmworldwide.com/i/mcmworldwide/MWDGADU02WT001_10 | https://images.mcmworldwide.com/i/mcmworldwide/MWDGADU02WT001_11,https://images.mcmworldwide.com/v/mcmworldwide/MWDGADU02WT001_VID/webm_720p,https://kr.mcmworldwide.com/ko_KR/%EC%97%AC%EC%84%B1/%ED%95%B8%EB%93%9C%EB%B0%B1/%EC%88%84%EB%8D%94%EB%B0%B1-%ED%81%AC%EB%A1%9C%EC%8A%A4%EB%B0%B1/dessau-%EB%B9%84%EC%84%B8%ED%86%A0%EC%8A%A4-%EB%93%9C%EB%A1%9C%EC%9A%B0%EC%8A%A4%ED%8A%B8%EB%A7%81-%EB%B0%B1/MWDGADU02WT001.html
MWDGADU03BK001,Pina 스터드 장식 카프스킨 드로우스트링 백,1790000,Black,ACTIVE,100% 카프스킨,,스웨이드 마감의 극세사,로고 브라스 플레이트 | 24K 골드 도금 브라스 하드웨어,18 x 30 x 34,96cm - 120cm,19cm,이탈리아,탈부착이 가능하며 길이 조절이 가능한 가죽 스트랩 | 금속 로고 스터드 장식 | 가죽 드로스트링 잠금장치,,https://images.mcmworldwide.com/i/mcmworldwide/MWDGADU03BK001_01 | https://images.mcmworldwide.com/i/mcmworldwide/MWDGADU03BK001_09 | https://images.mcmworldwide.com/i/mcmworldwide/MWDGADU03BK001_02 | https://images.mcmworldwide.com/i/mcmworldwide/MWDGADU03BK001_03 | https://images.mcmworldwide.com/i/mcmworldwide/MWDGADU03BK001_04 | https://images.mcmworldwide.com/i/mcmworldwide/MWDGADU03BK001_05 | https://images.mcmworldwide.com/i/mcmworldwide/MWDGADU03BK001_10,https://images.mcmworldwide.com/v/mcmworldwide/MWDGADU03BK001_VID/webm_720p,https://kr.mcmworldwide.com/ko_KR/%EA%B0%80%EB%B0%A9/%EB%AA%A8%EB%91%90%EB%B3%B4%EA%B8%B0/pina-%EC%8A%A4%ED%84%B0%EB%93%9C-%EC%9E%A5%EC%8B%9D-%EC%B9%B4%ED%94%84%EC%8A%A4%ED%82%A8-%EB%93%9C%EB%A1%9C%EC%9A%B0%EC%8A%A4%ED%8A%B8%EB%A7%81-%EB%B0%B1/MWDGADU03BK001.html
MWDGADU03BK001,Pina 스터드 장식 카프스킨 드로우스트링 백,1790000,Black,ACTIVE,100% 카프스킨,,스웨이드 마감의 극세사,로고 브라스 플레이트 | 24K 골드 도금 브라스 하드웨어,18 x 30 x 34,96cm - 120cm,19cm,이탈리아,탈부착이 가능하며 길이 조절이 가능한 가죽 스트랩 | 금속 로고 스터드 장식 | 가죽 드로스트링 잠금장치,,https://images.mcmworldwide.com/i/mcmworldwide/MWDGADU03BK001_01 | https://images.mcmworldwide.com/i/mcmworldwide/MWDGADU03BK001_09 | https://images.mcmworldwide.com/i/mcmworldwide/MWDGADU03BK001_02 | https://images.mcmworldwide.com/i/mcmworldwide/MWDGADU03BK001_03 | https://images.mcmworldwide.com/i/mcmworldwide/MWDGADU03BK001_04 | https://images.mcmworldwide.com/i/mcmworldwide/MWDGADU03BK001_05 | https://images.mcmworldwide.com/i/mcmworldwide/MWDGADU03BK001_10,https://images.mcmworldwide.com/v/mcmworldwide/MWDGADU03BK001_VID/webm_720p,https://kr.mcmworldwide.com/ko_KR/%EC%97%AC%EC%84%B1/%ED%95%B8%EB%93%9C%EB%B0%B1/%EC%88%84%EB%8D%94%EB%B0%B1-%ED%81%AC%EB%A1%9C%EC%8A%A4%EB%B0%B1/pina-%EC%8A%A4%ED%84%B0%EB%93%9C-%EC%9E%A5%EC%8B%9D-%EC%B9%B4%ED%94%84%EC%8A%A4%ED%82%A8-%EB%93%9C%EB%A1%9C%EC%9A%B0%EC%8A%A4%ED%8A%B8%EB%A7%81-%EB%B0%B1/MWDGADU03BK001.html
MWKGATA01BK001,Pina 스터드 장식 카프스킨 드로우스트링 백팩,2390000,Black,ACTIVE,100% 카프스킨,,스웨이드 마감의 극세사,로고 브라스 플레이트 | 24K 골드 도금 브라스 하드웨어,11 x 23 x 25,85cm - 96cm,8cm,이탈리아,탈부착 가능한 가죽 숄더 스트랩 | 가죽 탑 핸들 | 체인 핸들 | 금속 로고 스터드 장식 | 앞면 플랩 포켓 | 마그네틱 스냅 클로저와 가죽 끈 조임 장치 | 내부 포켓,,https://images.mcmworldwide.com/i/mcmworldwide/MWKGATA01BK001_01 | https://images.mcmworldwide.com/i/mcmworldwide/MWKGATA01BK001_09 | https://images.mcmworldwide.com/i/mcmworldwide/MWKGATA01BK001_02 | https://images.mcmworldwide.com/i/mcmworldwide/MWKGATA01BK001_03 | https://images.mcmworldwide.com/i/mcmworldwide/MWKGATA01BK001_04 | https://images.mcmworldwide.com/i/mcmworldwide/MWKGATA01BK001_05 | https://images.mcmworldwide.com/i/mcmworldwide/MWKGATA01BK001_10,,https://kr.mcmworldwide.com/ko_KR/%EA%B0%80%EB%B0%A9/%EB%AA%A8%EB%91%90%EB%B3%B4%EA%B8%B0/pina-%EC%8A%A4%ED%84%B0%EB%93%9C-%EC%9E%A5%EC%8B%9D-%EC%B9%B4%ED%94%84%EC%8A%A4%ED%82%A8-%EB%93%9C%EB%A1%9C%EC%9A%B0%EC%8A%A4%ED%8A%B8%EB%A7%81-%EB%B0%B1%ED%8C%A9/MWKGATA01BK001.html
MWKGATA01BK001,Pina 스터드 장식 카프스킨 드로우스트링 백팩,2390000,Black,ACTIVE,100% 카프스킨,,스웨이드 마감의 극세사,로고 브라스 플레이트 | 24K 골드 도금 브라스 하드웨어,11 x 23 x 25,85cm - 96cm,8cm,이탈리아,탈부착 가능한 가죽 숄더 스트랩 | 가죽 탑 핸들 | 체인 핸들 | 금속 로고 스터드 장식 | 앞면 플랩 포켓 | 마그네틱 스냅 클로저와 가죽 끈 조임 장치 | 내부 포켓,,https://images.mcmworldwide.com/i/mcmworldwide/MWKGATA01BK001_01 | https://images.mcmworldwide.com/i/mcmworldwide/MWKGATA01BK001_09 | https://images.mcmworldwide.com/i/mcmworldwide/MWKGATA01BK001_02 | https://images.mcmworldwide.com/i/mcmworldwide/MWKGATA01BK001_03 | https://images.mcmworldwide.com/i/mcmworldwide/MWKGATA01BK001_04 | https://images.mcmworldwide.com/i/mcmworldwide/MWKGATA01BK001_05 | https://images.mcmworldwide.com/i/mcmworldwide/MWKGATA01BK001_10,,https://kr.mcmworldwide.com/ko_KR/%EC%97%AC%EC%84%B1/%ED%95%B8%EB%93%9C%EB%B0%B1/%EB%B0%B1%ED%8C%A9-%EB%B2%A8%ED%8A%B8%EB%B0%B1/pina-%EC%8A%A4%ED%84%B0%EB%93%9C-%EC%9E%A5%EC%8B%9D-%EC%B9%B4%ED%94%84%EC%8A%A4%ED%82%A8-%EB%93%9C%EB%A1%9C%EC%9A%B0%EC%8A%A4%ED%8A%B8%EB%A7%81-%EB%B0%B1%ED%8C%A9/MWKGATA01BK001.html
MWRGAOB03BK001,Pina 스터드 장식 카프스킨 탬버린 백,2250000,Black,ACTIVE,100% 카프스킨,,스웨이드 마감의 극세사,24K 골드 도금 브라스 하드웨어,6 x 19 x 19,120.5 cm to 140.5 cm,4 cm,이탈리아,탈부착이 가능하며 길이 조절이 가능한 가죽 크로스바디 스트랩 | 탈부착 가능한 가죽 태슬 장식 | 뒷면 가죽 벨트 루프 | 지퍼 클로저 | 내부 카드 슬롯,,https://images.mcmworldwide.com/i/mcmworldwide/MWRGAOB03BK001_01 | https://images.mcmworldwide.com/i/mcmworldwide/MWRGAOB03BK001_09 | https://images.mcmworldwide.com/i/mcmworldwide/MWRGAOB03BK001_02 | https://images.mcmworldwide.com/i/mcmworldwide/MWRGAOB03BK001_03 | https://images.mcmworldwide.com/i/mcmworldwide/MWRGAOB03BK001_04 | https://images.mcmworldwide.com/i/mcmworldwide/MWRGAOB03BK001_05 | https://images.mcmworldwide.com/i/mcmworldwide/MWRGAOB03BK001_10 | https://images.mcmworldwide.com/i/mcmworldwide/MWRGAOB03BK001_11,,https://kr.mcmworldwide.com/ko_KR/%EA%B0%80%EB%B0%A9/%EB%AA%A8%EB%91%90%EB%B3%B4%EA%B8%B0/pina-%EC%8A%A4%ED%84%B0%EB%93%9C-%EC%9E%A5%EC%8B%9D-%EC%B9%B4%ED%94%84%EC%8A%A4%ED%82%A8-%ED%83%AC%EB%B2%84%EB%A6%B0-%EB%B0%B1/MWRGAOB03BK001.html
MWRGAOB03BK001,Pina 스터드 장식 카프스킨 탬버린 백,2250000,Black,ACTIVE,100% 카프스킨,,스웨이드 마감의 극세사,24K 골드 도금 브라스 하드웨어,6 x 19 x 19,120.5 cm to 140.5 cm,4 cm,이탈리아,탈부착이 가능하며 길이 조절이 가능한 가죽 크로스바디 스트랩 | 탈부착 가능한 가죽 태슬 장식 | 뒷면 가죽 벨트 루프 | 지퍼 클로저 | 내부 카드 슬롯,,https://images.mcmworldwide.com/i/mcmworldwide/MWRGAOB03BK001_01 | https://images.mcmworldwide.com/i/mcmworldwide/MWRGAOB03BK001_09 | https://images.mcmworldwide.com/i/mcmworldwide/MWRGAOB03BK001_02 | https://images.mcmworldwide.com/i/mcmworldwide/MWRGAOB03BK001_03 | https://images.mcmworldwide.com/i/mcmworldwide/MWRGAOB03BK001_04 | https://images.mcmworldwide.com/i/mcmworldwide/MWRGAOB03BK001_05 | https://images.mcmworldwide.com/i/mcmworldwide/MWRGAOB03BK001_10 | https://images.mcmworldwide.com/i/mcmworldwide/MWRGAOB03BK001_11,,https://kr.mcmworldwide.com/ko_KR/%EC%97%AC%EC%84%B1/%ED%95%B8%EB%93%9C%EB%B0%B1/%EC%88%84%EB%8D%94%EB%B0%B1-%ED%81%AC%EB%A1%9C%EC%8A%A4%EB%B0%B1/pina-%EC%8A%A4%ED%84%B0%EB%93%9C-%EC%9E%A5%EC%8B%9D-%EC%B9%B4%ED%94%84%EC%8A%A4%ED%82%A8-%ED%83%AC%EB%B2%84%EB%A6%B0-%EB%B0%B1/MWRGAOB03BK001.html
MWRGATA01BK001,Pina 스터드 장식 카프스킨 베니티 케이스,1550000,Black,ACTIVE,100% 카프스킨,,스웨이드 마감의 극세사,로고 브라스 플레이트 | 24K 골드 도금 브라스 하드웨어,6 x 19 x 12,103cm - 135cm,60cm,이탈리아,탈부착이 가능하며 길이 조절이 가능한 가죽 스트랩 | 가죽 탑 핸들 | 가죽 태슬 장식 | 메탈 로고 스터드 | 양방향 지퍼 클로저 | 내부 카드 슬롯,,https://images.mcmworldwide.com/i/mcmworldwide/MWRGATA01BK001_01 | https://images.mcmworldwide.com/i/mcmworldwide/MWRGATA01BK001_09 | https://images.mcmworldwide.com/i/mcmworldwide/MWRGATA01BK001_02 | https://images.mcmworldwide.com/i/mcmworldwide/MWRGATA01BK001_03 | https://images.mcmworldwide.com/i/mcmworldwide/MWRGATA01BK001_04 | https://images.mcmworldwide.com/i/mcmworldwide/MWRGATA01BK001_05 | https://images.mcmworldwide.com/i/mcmworldwide/MWRGATA01BK001_10 | https://images.mcmworldwide.com/i/mcmworldwide/MWRGATA01BK001_11,,https://kr.mcmworldwide.com/ko_KR/%EA%B0%80%EB%B0%A9/%EB%AA%A8%EB%91%90%EB%B3%B4%EA%B8%B0/pina-%EC%8A%A4%ED%84%B0%EB%93%9C-%EC%9E%A5%EC%8B%9D-%EC%B9%B4%ED%94%84%EC%8A%A4%ED%82%A8-%EB%B2%A0%EB%8B%88%ED%8B%B0-%EC%BC%80%EC%9D%B4%EC%8A%A4/MWRGATA01BK001.html
MWRGATA01BK001,Pina 스터드 장식 카프스킨 베니티 케이스,1550000,Black,ACTIVE,100% 카프스킨,,스웨이드 마감의 극세사,로고 브라스 플레이트 | 24K 골드 도금 브라스 하드웨어,6 x 19 x 12,103cm - 135cm,60cm,이탈리아,탈부착이 가능하며 길이 조절이 가능한 가죽 스트랩 | 가죽 탑 핸들 | 가죽 태슬 장식 | 메탈 로고 스터드 | 양방향 지퍼 클로저 | 내부 카드 슬롯,,https://images.mcmworldwide.com/i/mcmworldwide/MWRGATA01BK001_01 | https://images.mcmworldwide.com/i/mcmworldwide/MWRGATA01BK001_09 | https://images.mcmworldwide.com/i/mcmworldwide/MWRGATA01BK001_02 | https://images.mcmworldwide.com/i/mcmworldwide/MWRGATA01BK001_03 | https://images.mcmworldwide.com/i/mcmworldwide/MWRGATA01BK001_04 | https://images.mcmworldwide.com/i/mcmworldwide/MWRGATA01BK001_05 | https://images.mcmworldwide.com/i/mcmworldwide/MWRGATA01BK001_10 | https://images.mcmworldwide.com/i/mcmworldwide/MWRGATA01BK001_11,,https://kr.mcmworldwide.com/ko_KR/%EC%97%AC%EC%84%B1/%ED%95%B8%EB%93%9C%EB%B0%B1/%EC%88%84%EB%8D%94%EB%B0%B1-%ED%81%AC%EB%A1%9C%EC%8A%A4%EB%B0%B1/pina-%EC%8A%A4%ED%84%B0%EB%93%9C-%EC%9E%A5%EC%8B%9D-%EC%B9%B4%ED%94%84%EC%8A%A4%ED%82%A8-%EB%B2%A0%EB%8B%88%ED%8B%B0-%EC%BC%80%EC%9D%B4%EC%8A%A4/MWRGATA01BK001.html
MWTGATA01CO001,Pina 비세토스 스터드 장식 토트,1850000,Cognac,ACTIVE,비세토스 모노그램 캔버스,나파 가죽,스웨이드 마감의 극세사,로고 브라스 플레이트 | 24K 골드 도금 브라스 하드웨어,18 x 41 x 32,112.5cm - 136.5cm,12cm,대한민국,탈부착이 가능하며 길이 조절이 가능한 가죽 스트랩 | 가죽 핸들 | 금속 로고 스터드 장식 | 양방향 지퍼 클로저 | 내부 슬립 포켓 및 지퍼 수납공간 | D링 참 장식 디테일 | 가방 바닥 보호에 도움을 주는 메탈 피트,,https://images.mcmworldwide.com/i/mcmworldwide/MWTGATA01CO001_01 | https://images.mcmworldwide.com/i/mcmworldwide/MWTGATA01CO001_09 | https://images.mcmworldwide.com/i/mcmworldwide/MWTGATA01CO001_02 | https://images.mcmworldwide.com/i/mcmworldwide/MWTGATA01CO001_03 | https://images.mcmworldwide.com/i/mcmworldwide/MWTGATA01CO001_04 | https://images.mcmworldwide.com/i/mcmworldwide/MWTGATA01CO001_05 | https://images.mcmworldwide.com/i/mcmworldwide/MWTGATA01CO001_06 | https://images.mcmworldwide.com/i/mcmworldwide/MWTGATA01CO001_10 | https://images.mcmworldwide.com/i/mcmworldwide/MWTGATA01CO001_11,,https://kr.mcmworldwide.com/ko_KR/%EA%B0%80%EB%B0%A9/%EB%AA%A8%EB%91%90%EB%B3%B4%EA%B8%B0/pina-%EB%B9%84%EC%84%B8%ED%86%A0%EC%8A%A4-%EC%8A%A4%ED%84%B0%EB%93%9C-%EC%9E%A5%EC%8B%9D-%ED%86%A0%ED%8A%B8/MWTGATA01CO001.html
MWTGATA01CO001,Pina 비세토스 스터드 장식 토트,1850000,Cognac,ACTIVE,비세토스 모노그램 캔버스,나파 가죽,스웨이드 마감의 극세사,로고 브라스 플레이트 | 24K 골드 도금 브라스 하드웨어,18 x 41 x 32,112.5cm - 136.5cm,12cm,대한민국,탈부착이 가능하며 길이 조절이 가능한 가죽 스트랩 | 가죽 핸들 | 금속 로고 스터드 장식 | 양방향 지퍼 클로저 | 내부 슬립 포켓 및 지퍼 수납공간 | D링 참 장식 디테일 | 가방 바닥 보호에 도움을 주는 메탈 피트,,https://images.mcmworldwide.com/i/mcmworldwide/MWTGATA01CO001_01 | https://images.mcmworldwide.com/i/mcmworldwide/MWTGATA01CO001_09 | https://images.mcmworldwide.com/i/mcmworldwide/MWTGATA01CO001_02 | https://images.mcmworldwide.com/i/mcmworldwide/MWTGATA01CO001_03 | https://images.mcmworldwide.com/i/mcmworldwide/MWTGATA01CO001_04 | https://images.mcmworldwide.com/i/mcmworldwide/MWTGATA01CO001_05 | https://images.mcmworldwide.com/i/mcmworldwide/MWTGATA01CO001_06 | https://images.mcmworldwide.com/i/mcmworldwide/MWTGATA01CO001_10 | https://images.mcmworldwide.com/i/mcmworldwide/MWTGATA01CO001_11,,https://kr.mcmworldwide.com/ko_KR/%EC%97%AC%EC%84%B1/%ED%95%B8%EB%93%9C%EB%B0%B1/%EC%87%BC%ED%8D%BC-%ED%86%A0%ED%8A%B8%EB%B0%B1/pina-%EB%B9%84%EC%84%B8%ED%86%A0%EC%8A%A4-%EC%8A%A4%ED%84%B0%EB%93%9C-%EC%9E%A5%EC%8B%9D-%ED%86%A0%ED%8A%B8/MWTGATA01CO001.html
MWTGATA02CO001,Pina 비세토스 스터드 장식 토트,1690000,Cognac,ACTIVE,비세토스 모노그램 캔버스,나파 가죽,스웨이드 마감의 극세사,로고 브라스 플레이트 | 24K 골드 도금 브라스 하드웨어,13 x 30 x 24,107.5cm - 131.5cm,11cm,대한민국,탈부착이 가능하며 길이 조절이 가능한 가죽 스트랩 | 가죽 핸들 | 금속 로고 스터드 장식 | 양방향 지퍼 클로저 | 내부 슬립 포켓 및 지퍼 수납공간 | D링 참 장식 디테일 | 가방 바닥 보호에 도움을 주는 메탈 피트,,https://images.mcmworldwide.com/i/mcmworldwide/MWTGATA02CO001_01 | https://images.mcmworldwide.com/i/mcmworldwide/MWTGATA02CO001_09 | https://images.mcmworldwide.com/i/mcmworldwide/MWTGATA02CO001_02 | https://images.mcmworldwide.com/i/mcmworldwide/MWTGATA02CO001_03 | https://images.mcmworldwide.com/i/mcmworldwide/MWTGATA02CO001_04 | https://images.mcmworldwide.com/i/mcmworldwide/MWTGATA02CO001_05 | https://images.mcmworldwide.com/i/mcmworldwide/MWTGATA02CO001_06 | https://images.mcmworldwide.com/i/mcmworldwide/MWTGATA02CO001_10,,https://kr.mcmworldwide.com/ko_KR/%EA%B0%80%EB%B0%A9/%EB%AA%A8%EB%91%90%EB%B3%B4%EA%B8%B0/pina-%EB%B9%84%EC%84%B8%ED%86%A0%EC%8A%A4-%EC%8A%A4%ED%84%B0%EB%93%9C-%EC%9E%A5%EC%8B%9D-%ED%86%A0%ED%8A%B8/MWTGATA02CO001.html
MWTGATA02CO001,Pina 비세토스 스터드 장식 토트,1690000,Cognac,ACTIVE,비세토스 모노그램 캔버스,나파 가죽,스웨이드 마감의 극세사,로고 브라스 플레이트 | 24K 골드 도금 브라스 하드웨어,13 x 30 x 24,107.5cm - 131.5cm,11cm,대한민국,탈부착이 가능하며 길이 조절이 가능한 가죽 스트랩 | 가죽 핸들 | 금속 로고 스터드 장식 | 양방향 지퍼 클로저 | 내부 슬립 포켓 및 지퍼 수납공간 | D링 참 장식 디테일 | 가방 바닥 보호에 도움을 주는 메탈 피트,,https://images.mcmworldwide.com/i/mcmworldwide/MWTGATA02CO001_01 | https://images.mcmworldwide.com/i/mcmworldwide/MWTGATA02CO001_09 | https://images.mcmworldwide.com/i/mcmworldwide/MWTGATA02CO001_02 | https://images.mcmworldwide.com/i/mcmworldwide/MWTGATA02CO001_03 | https://images.mcmworldwide.com/i/mcmworldwide/MWTGATA02CO001_04 | https://images.mcmworldwide.com/i/mcmworldwide/MWTGATA02CO001_05 | https://images.mcmworldwide.com/i/mcmworldwide/MWTGATA02CO001_06 | https://images.mcmworldwide.com/i/mcmworldwide/MWTGATA02CO001_10,,https://kr.mcmworldwide.com/ko_KR/%EC%97%AC%EC%84%B1/%ED%95%B8%EB%93%9C%EB%B0%B1/%EC%87%BC%ED%8D%BC-%ED%86%A0%ED%8A%B8%EB%B0%B1/pina-%EB%B9%84%EC%84%B8%ED%86%A0%EC%8A%A4-%EC%8A%A4%ED%84%B0%EB%93%9C-%EC%9E%A5%EC%8B%9D-%ED%86%A0%ED%8A%B8/MWTGATA02CO001.html
MWRGAOB01CO001,Pina 비세토스 탬버린 백,1690000,Cognac,ACTIVE,비세토스 모노그램 캔버스,스터드 장식 나파 가죽,스웨이드 마감의 극세사,24K 골드 도금 브라스 하드웨어,6 x 19 x 19,120.5 cm to 140.5 cm,4 cm,대한민국,탈부착이 가능하며 길이 조절이 가능한 가죽 크로스바디 스트랩 | 탈부착 가능한 가죽 태슬 장식 | 뒷면 가죽 벨트 루프 | 지퍼 클로저 | 내부 카드 슬롯,,https://images.mcmworldwide.com/i/mcmworldwide/MWRGAOB01CO001_01 | https://images.mcmworldwide.com/i/mcmworldwide/MWRGAOB01CO001_09 | https://images.mcmworldwide.com/i/mcmworldwide/MWRGAOB01CO001_02 | https://images.mcmworldwide.com/i/mcmworldwide/MWRGAOB01CO001_03 | https://images.mcmworldwide.com/i/mcmworldwide/MWRGAOB01CO001_04 | https://images.mcmworldwide.com/i/mcmworldwide/MWRGAOB01CO001_05 | https://images.mcmworldwide.com/i/mcmworldwide/MWRGAOB01CO001_10 | https://images.mcmworldwide.com/i/mcmworldwide/MWRGAOB01CO001_11,https://images.mcmworldwide.com/v/mcmworldwide/MWRGAOB01CO001_VID/webm_720p,https://kr.mcmworldwide.com/ko_KR/%EA%B0%80%EB%B0%A9/%EB%AA%A8%EB%91%90%EB%B3%B4%EA%B8%B0/pina-%EB%B9%84%EC%84%B8%ED%86%A0%EC%8A%A4-%ED%83%AC%EB%B2%84%EB%A6%B0-%EB%B0%B1-/MWRGAOB01CO001.html
MWRGAOB01CO001,Pina 비세토스 탬버린 백,1690000,Cognac,ACTIVE,비세토스 모노그램 캔버스,스터드 장식 나파 가죽,스웨이드 마감의 극세사,24K 골드 도금 브라스 하드웨어,6 x 19 x 19,120.5 cm to 140.5 cm,4 cm,대한민국,탈부착이 가능하며 길이 조절이 가능한 가죽 크로스바디 스트랩 | 탈부착 가능한 가죽 태슬 장식 | 뒷면 가죽 벨트 루프 | 지퍼 클로저 | 내부 카드 슬롯,,https://images.mcmworldwide.com/i/mcmworldwide/MWRGAOB01CO001_01 | https://images.mcmworldwide.com/i/mcmworldwide/MWRGAOB01CO001_09 | https://images.mcmworldwide.com/i/mcmworldwide/MWRGAOB01CO001_02 | https://images.mcmworldwide.com/i/mcmworldwide/MWRGAOB01CO001_03 | https://images.mcmworldwide.com/i/mcmworldwide/MWRGAOB01CO001_04 | https://images.mcmworldwide.com/i/mcmworldwide/MWRGAOB01CO001_05 | https://images.mcmworldwide.com/i/mcmworldwide/MWRGAOB01CO001_10 | https://images.mcmworldwide.com/i/mcmworldwide/MWRGAOB01CO001_11,https://images.mcmworldwide.com/v/mcmworldwide/MWRGAOB01CO001_VID/webm_720p,https://kr.mcmworldwide.com/ko_KR/%EC%97%AC%EC%84%B1/%ED%95%B8%EB%93%9C%EB%B0%B1/%EC%88%84%EB%8D%94%EB%B0%B1-%ED%81%AC%EB%A1%9C%EC%8A%A4%EB%B0%B1/pina-%EB%B9%84%EC%84%B8%ED%86%A0%EC%8A%A4-%ED%83%AC%EB%B2%84%EB%A6%B0-%EB%B0%B1-/MWRGAOB01CO001.html
MYZGATA05CO001,Aren 비세토스 트라이엥글 크로스바디,790000,Cognac,ACTIVE,Visetos monogram canvas,Nappa leather,Microfiber with suede finish,Logo brass plate | 24k gold-plated brass hardware,6 x 24 x 19,104 cm to 128 cm,55 cm,대한민국,"Detachable, adjustable crossbody leather strap | Zip closure | Interior card slots | Rear leather belt loops",,https://images.mcmworldwide.com/i/mcmworldwide/MYZGATA05CO001_01 | https://images.mcmworldwide.com/i/mcmworldwide/MYZGATA05CO001_09 | https://images.mcmworldwide.com/i/mcmworldwide/MYZGATA05CO001_02 | https://images.mcmworldwide.com/i/mcmworldwide/MYZGATA05CO001_03 | https://images.mcmworldwide.com/i/mcmworldwide/MYZGATA05CO001_04 | https://images.mcmworldwide.com/i/mcmworldwide/MYZGATA05CO001_05 | https://images.mcmworldwide.com/i/mcmworldwide/MYZGATA05CO001_06 | https://images.mcmworldwide.com/i/mcmworldwide/MYZGATA05CO001_10 | https://images.mcmworldwide.com/i/mcmworldwide/MYZGATA05CO001_11,,https://kr.mcmworldwide.com/ko_KR/%EA%B0%80%EB%B0%A9/%EB%AA%A8%EB%91%90%EB%B3%B4%EA%B8%B0/aren-%EB%B9%84%EC%84%B8%ED%86%A0%EC%8A%A4-%ED%8A%B8%EB%9D%BC%EC%9D%B4%EC%97%A5%EA%B8%80-%ED%81%AC%EB%A1%9C%EC%8A%A4%EB%B0%94%EB%94%94/MYZGATA05CO001.html
MYZGATA05CO001,Aren 비세토스 트라이엥글 크로스바디,790000,Cognac,ACTIVE,Visetos monogram canvas,Nappa leather,Microfiber with suede finish,Logo brass plate | 24k gold-plated brass hardware,6 x 24 x 19,104 cm to 128 cm,55 cm,대한민국,"Detachable, adjustable crossbody leather strap | Zip closure | Interior card slots | Rear leather belt loops",,https://images.mcmworldwide.com/i/mcmworldwide/MYZGATA05CO001_01 | https://images.mcmworldwide.com/i/mcmworldwide/MYZGATA05CO001_09 | https://images.mcmworldwide.com/i/mcmworldwide/MYZGATA05CO001_02 | https://images.mcmworldwide.com/i/mcmworldwide/MYZGATA05CO001_03 | https://images.mcmworldwide.com/i/mcmworldwide/MYZGATA05CO001_04 | https://images.mcmworldwide.com/i/mcmworldwide/MYZGATA05CO001_05 | https://images.mcmworldwide.com/i/mcmworldwide/MYZGATA05CO001_06 | https://images.mcmworldwide.com/i/mcmworldwide/MYZGATA05CO001_10 | https://images.mcmworldwide.com/i/mcmworldwide/MYZGATA05CO001_11,,https://kr.mcmworldwide.com/ko_KR/%EC%97%AC%EC%84%B1/%ED%95%B8%EB%93%9C%EB%B0%B1/%ED%81%B4%EB%9F%AC%EC%B9%98-%ED%8C%8C%EC%9A%B0%EC%B9%98/aren-%EB%B9%84%EC%84%B8%ED%86%A0%EC%8A%A4-%ED%8A%B8%EB%9D%BC%EC%9D%B4%EC%97%A5%EA%B8%80-%ED%81%AC%EB%A1%9C%EC%8A%A4%EB%B0%94%EB%94%94/MYZGATA05CO001.html
MWPGALR01BK001,New Liz 엠보스드 모노그램 레더 쇼퍼,1490000,Black,ACTIVE,풀그레인 가죽,,스웨이드 마감의 극세사,로고 브라스 플레이트 | 실버톤 코발트 브라스 하드웨어,17 x 30 x 35,,26.5 cm,이탈리아,가죽 핸들 스트랩 | 엠보스드 비세토스 모노그램 | 후크 잠금 장지 | 탈부착 가능한 레더 파우치 | D링 참 장식 디테일 | 바닥 보호를 위한 레더 패드,,https://images.mcmworldwide.com/i/mcmworldwide/MWPGALR01BK001_01 | https://images.mcmworldwide.com/i/mcmworldwide/MWPGALR01BK001_09 | https://images.mcmworldwide.com/i/mcmworldwide/MWPGALR01BK001_02 | https://images.mcmworldwide.com/i/mcmworldwide/MWPGALR01BK001_03 | https://images.mcmworldwide.com/i/mcmworldwide/MWPGALR01BK001_04 | https://images.mcmworldwide.com/i/mcmworldwide/MWPGALR01BK001_05 | https://images.mcmworldwide.com/i/mcmworldwide/MWPGALR01BK001_10 | https://images.mcmworldwide.com/i/mcmworldwide/MWPGALR01BK001_11,https://images.mcmworldwide.com/v/mcmworldwide/MWPGALR01BK001_VID/webm_720p,https://kr.mcmworldwide.com/ko_KR/%EA%B0%80%EB%B0%A9/%EB%AA%A8%EB%91%90%EB%B3%B4%EA%B8%B0/new-liz-%EC%97%A0%EB%B3%B4%EC%8A%A4%EB%93%9C-%EB%AA%A8%EB%85%B8%EA%B7%B8%EB%9E%A8-%EB%A0%88%EB%8D%94-%EC%87%BC%ED%8D%BC/MWPGALR01BK001.html
MWPGALR01BK001,New Liz 엠보스드 모노그램 레더 쇼퍼,1490000,Black,ACTIVE,풀그레인 가죽,,스웨이드 마감의 극세사,로고 브라스 플레이트 | 실버톤 코발트 브라스 하드웨어,17 x 30 x 35,,26.5 cm,이탈리아,가죽 핸들 스트랩 | 엠보스드 비세토스 모노그램 | 후크 잠금 장지 | 탈부착 가능한 레더 파우치 | D링 참 장식 디테일 | 바닥 보호를 위한 레더 패드,,https://images.mcmworldwide.com/i/mcmworldwide/MWPGALR01BK001_01 | https://images.mcmworldwide.com/i/mcmworldwide/MWPGALR01BK001_09 | https://images.mcmworldwide.com/i/mcmworldwide/MWPGALR01BK001_02 | https://images.mcmworldwide.com/i/mcmworldwide/MWPGALR01BK001_03 | https://images.mcmworldwide.com/i/mcmworldwide/MWPGALR01BK001_04 | https://images.mcmworldwide.com/i/mcmworldwide/MWPGALR01BK001_05 | https://images.mcmworldwide.com/i/mcmworldwide/MWPGALR01BK001_10 | https://images.mcmworldwide.com/i/mcmworldwide/MWPGALR01BK001_11,https://images.mcmworldwide.com/v/mcmworldwide/MWPGALR01BK001_VID/webm_720p,https://kr.mcmworldwide.com/ko_KR/%EC%97%AC%EC%84%B1/%ED%95%B8%EB%93%9C%EB%B0%B1/%EC%87%BC%ED%8D%BC-%ED%86%A0%ED%8A%B8%EB%B0%B1/new-liz-%EC%97%A0%EB%B3%B4%EC%8A%A4%EB%93%9C-%EB%AA%A8%EB%85%B8%EA%B7%B8%EB%9E%A8-%EB%A0%88%EB%8D%94-%EC%87%BC%ED%8D%BC/MWPGALR01BK001.html
MWPGALR02BK001,New Liz 엠보스드 모노그램 레더 쇼퍼,1350000,Black,ACTIVE,풀그레인 가죽,,스웨이드 마감의 극세사,로고 브라스 플레이트 | 실버톤 코발트 브라스 하드웨어,15 x 25 x 31,,26 cm,이탈리아,가죽 핸들 스트랩 | 엠보스드 비세토스 모노그램 | 후크 잠금 장지 | 탈부착 가능한 레더 파우치 | D링 참 장식 디테일 | 바닥 보호를 위한 레더 패드,,https://images.mcmworldwide.com/i/mcmworldwide/MWPGALR02BK001_01 | https://images.mcmworldwide.com/i/mcmworldwide/MWPGALR02BK001_09 | https://images.mcmworldwide.com/i/mcmworldwide/MWPGALR02BK001_02 | https://images.mcmworldwide.com/i/mcmworldwide/MWPGALR02BK001_03 | https://images.mcmworldwide.com/i/mcmworldwide/MWPGALR02BK001_04 | https://images.mcmworldwide.com/i/mcmworldwide/MWPGALR02BK001_05 | https://images.mcmworldwide.com/i/mcmworldwide/MWPGALR02BK001_11,https://images.mcmworldwide.com/v/mcmworldwide/MWPGALR02BK001_VID/webm_720p,https://kr.mcmworldwide.com/ko_KR/%EA%B0%80%EB%B0%A9/%EB%AA%A8%EB%91%90%EB%B3%B4%EA%B8%B0/new-liz-%EC%97%A0%EB%B3%B4%EC%8A%A4%EB%93%9C-%EB%AA%A8%EB%85%B8%EA%B7%B8%EB%9E%A8-%EB%A0%88%EB%8D%94-%EC%87%BC%ED%8D%BC/MWPGALR02BK001.html
MWPGALR02BK001,New Liz 엠보스드 모노그램 레더 쇼퍼,1350000,Black,ACTIVE,풀그레인 가죽,,스웨이드 마감의 극세사,로고 브라스 플레이트 | 실버톤 코발트 브라스 하드웨어,15 x 25 x 31,,26 cm,이탈리아,가죽 핸들 스트랩 | 엠보스드 비세토스 모노그램 | 후크 잠금 장지 | 탈부착 가능한 레더 파우치 | D링 참 장식 디테일 | 바닥 보호를 위한 레더 패드,,https://images.mcmworldwide.com/i/mcmworldwide/MWPGALR02BK001_01 | https://images.mcmworldwide.com/i/mcmworldwide/MWPGALR02BK001_09 | https://images.mcmworldwide.com/i/mcmworldwide/MWPGALR02BK001_02 | https://images.mcmworldwide.com/i/mcmworldwide/MWPGALR02BK001_03 | https://images.mcmworldwide.com/i/mcmworldwide/MWPGALR02BK001_04 | https://images.mcmworldwide.com/i/mcmworldwide/MWPGALR02BK001_05 | https://images.mcmworldwide.com/i/mcmworldwide/MWPGALR02BK001_11,https://images.mcmworldwide.com/v/mcmworldwide/MWPGALR02BK001_VID/webm_720p,https://kr.mcmworldwide.com/ko_KR/%EC%97%AC%EC%84%B1/%ED%95%B8%EB%93%9C%EB%B0%B1/%EC%87%BC%ED%8D%BC-%ED%86%A0%ED%8A%B8%EB%B0%B1/new-liz-%EC%97%A0%EB%B3%B4%EC%8A%A4%EB%93%9C-%EB%AA%A8%EB%85%B8%EA%B7%B8%EB%9E%A8-%EB%A0%88%EB%8D%94-%EC%87%BC%ED%8D%BC/MWPGALR02BK001.html
MWSGAAK02MT001,Diamant 3D 다이아몬드 자카드 숄더백,2050000,Multi,ACTIVE,다이아몬드 모노그램 자카드,100% 카프스킨,스웨이드 마감의 극세사,24K 골드 도금 브라스 하드웨어,14 x 34 x 23,,50 cm,대한민국,길이 조절이 가능한 가죽 스트랩 | 뒷면 외부 포켓 및 지퍼 수납공간 | MCM 로고 모티프 | 양방향 지퍼 클로저 | 내부 지퍼 수납공간,,https://images.mcmworldwide.com/i/mcmworldwide/MWSGAAK02MT001_01 | https://images.mcmworldwide.com/i/mcmworldwide/MWSGAAK02MT001_09 | https://images.mcmworldwide.com/i/mcmworldwide/MWSGAAK02MT001_02 | https://images.mcmworldwide.com/i/mcmworldwide/MWSGAAK02MT001_03 | https://images.mcmworldwide.com/i/mcmworldwide/MWSGAAK02MT001_04 | https://images.mcmworldwide.com/i/mcmworldwide/MWSGAAK02MT001_05 | https://images.mcmworldwide.com/i/mcmworldwide/MWSGAAK02MT001_06 | https://images.mcmworldwide.com/i/mcmworldwide/MWSGAAK02MT001_10,,https://kr.mcmworldwide.com/ko_KR/%EA%B0%80%EB%B0%A9/%EB%AA%A8%EB%91%90%EB%B3%B4%EA%B8%B0/diamant-3d-%EB%8B%A4%EC%9D%B4%EC%95%84%EB%AA%AC%EB%93%9C-%EC%9E%90%EC%B9%B4%EB%93%9C-%EC%88%84%EB%8D%94%EB%B0%B1/MWSGAAK02MT001.html
MWSGAAK02MT001,Diamant 3D 다이아몬드 자카드 숄더백,2050000,Multi,ACTIVE,다이아몬드 모노그램 자카드,100% 카프스킨,스웨이드 마감의 극세사,24K 골드 도금 브라스 하드웨어,14 x 34 x 23,,50 cm,대한민국,길이 조절이 가능한 가죽 스트랩 | 뒷면 외부 포켓 및 지퍼 수납공간 | MCM 로고 모티프 | 양방향 지퍼 클로저 | 내부 지퍼 수납공간,,https://images.mcmworldwide.com/i/mcmworldwide/MWSGAAK02MT001_01 | https://images.mcmworldwide.com/i/mcmworldwide/MWSGAAK02MT001_09 | https://images.mcmworldwide.com/i/mcmworldwide/MWSGAAK02MT001_02 | https://images.mcmworldwide.com/i/mcmworldwide/MWSGAAK02MT001_03 | https://images.mcmworldwide.com/i/mcmworldwide/MWSGAAK02MT001_04 | https://images.mcmworldwide.com/i/mcmworldwide/MWSGAAK02MT001_05 | https://images.mcmworldwide.com/i/mcmworldwide/MWSGAAK02MT001_06 | https://images.mcmworldwide.com/i/mcmworldwide/MWSGAAK02MT001_10,,https://kr.mcmworldwide.com/ko_KR/%EC%97%AC%EC%84%B1/%ED%95%B8%EB%93%9C%EB%B0%B1/%EC%88%84%EB%8D%94%EB%B0%B1-%ED%81%AC%EB%A1%9C%EC%8A%A4%EB%B0%B1/diamant-3d-%EB%8B%A4%EC%9D%B4%EC%95%84%EB%AA%AC%EB%93%9C-%EC%9E%90%EC%B9%B4%EB%93%9C-%EC%88%84%EB%8D%94%EB%B0%B1/MWSGAAK02MT001.html
MWTGABO01MT001,M&uuml;nchen 다이아몬드 자카드 토트,1790000,Multi,ACTIVE,다이아몬드 모노그램 자카드,나파 가죽,스웨이드 마감의 극세사,24K 골드 도금 브라스 하드웨어,15 x 38 x 28,103cm - 119cm,10cm,대한민국,탈부착이 가능하며 길이 조절이 가능한 가죽 스트랩 | 가죽 탑 핸들 | 탈착 가능한 바이에른 다이아몬드 가죽 참 | 후크 잠금 장지 | 2개의 내부 슬립 포켓 | 내부 지퍼 수납공간,,https://images.mcmworldwide.com/i/mcmworldwide/MWTGABO01MT001_01 | https://images.mcmworldwide.com/i/mcmworldwide/MWTGABO01MT001_09 | https://images.mcmworldwide.com/i/mcmworldwide/MWTGABO01MT001_02 | https://images.mcmworldwide.com/i/mcmworldwide/MWTGABO01MT001_03 | https://images.mcmworldwide.com/i/mcmworldwide/MWTGABO01MT001_04 | https://images.mcmworldwide.com/i/mcmworldwide/MWTGABO01MT001_05 | https://images.mcmworldwide.com/i/mcmworldwide/MWTGABO01MT001_10 | https://images.mcmworldwide.com/i/mcmworldwide/MWTGABO01MT001_11 | https://images.mcmworldwide.com/i/mcmworldwide/MWTGABO01MT001_12 | https://images.mcmworldwide.com/i/mcmworldwide/MWTGABO01MT001_13,,https://kr.mcmworldwide.com/ko_KR/%EA%B0%80%EB%B0%A9/%EB%AA%A8%EB%91%90%EB%B3%B4%EA%B8%B0/m%C3%BCnchen-%EB%8B%A4%EC%9D%B4%EC%95%84%EB%AA%AC%EB%93%9C-%EC%9E%90%EC%B9%B4%EB%93%9C-%ED%86%A0%ED%8A%B8/MWTGABO01MT001.html
MWTGABO01MT001,M&uuml;nchen 다이아몬드 자카드 토트,1790000,Multi,ACTIVE,다이아몬드 모노그램 자카드,나파 가죽,스웨이드 마감의 극세사,24K 골드 도금 브라스 하드웨어,15 x 38 x 28,103cm - 119cm,10cm,대한민국,탈부착이 가능하며 길이 조절이 가능한 가죽 스트랩 | 가죽 탑 핸들 | 탈착 가능한 바이에른 다이아몬드 가죽 참 | 후크 잠금 장지 | 2개의 내부 슬립 포켓 | 내부 지퍼 수납공간,,https://images.mcmworldwide.com/i/mcmworldwide/MWTGABO01MT001_01 | https://images.mcmworldwide.com/i/mcmworldwide/MWTGABO01MT001_09 | https://images.mcmworldwide.com/i/mcmworldwide/MWTGABO01MT001_02 | https://images.mcmworldwide.com/i/mcmworldwide/MWTGABO01MT001_03 | https://images.mcmworldwide.com/i/mcmworldwide/MWTGABO01MT001_04 | https://images.mcmworldwide.com/i/mcmworldwide/MWTGABO01MT001_05 | https://images.mcmworldwide.com/i/mcmworldwide/MWTGABO01MT001_10 | https://images.mcmworldwide.com/i/mcmworldwide/MWTGABO01MT001_11 | https://images.mcmworldwide.com/i/mcmworldwide/MWTGABO01MT001_12 | https://images.mcmworldwide.com/i/mcmworldwide/MWTGABO01MT001_13,,https://kr.mcmworldwide.com/ko_KR/%EC%97%AC%EC%84%B1/%ED%95%B8%EB%93%9C%EB%B0%B1/%EC%87%BC%ED%8D%BC-%ED%86%A0%ED%8A%B8%EB%B0%B1/m%C3%BCnchen-%EB%8B%A4%EC%9D%B4%EC%95%84%EB%AA%AC%EB%93%9C-%EC%9E%90%EC%B9%B4%EB%93%9C-%ED%86%A0%ED%8A%B8/MWTGABO01MT001.html
MMVGATT01PZ001,Ottomar 비세토스 위켄더,1750000,Pink,ACTIVE,비세토스 모노그램 캔버스,나파 가죽,스웨이드 마감의 극세사,로고 브라스 플레이트 | 16K 골드 도금 메탈 하드웨어,17 x 41 x 26,72cm - 127cm,12cm,대한민국,탈부착이 가능하며 길이 조절이 가능한 위빙 스트랩 | 가죽 탑 핸들 | 탈부착 가능한 가죽 러기지 태그와 가죽 커버가 더해진 열쇠가 있는 패드락 | 뒷면 외부 가죽 트롤리 슬리브 | 양방향 확장형 지퍼 클로저 | 내부 포켓과 지퍼 포켓 | Protective metal feet,MMVGATT01BK001 | MMVGATT01CO001 | MMVFATT02K8001,https://images.mcmworldwide.com/i/mcmworldwide/MMVGATT01PZ001_01 | https://images.mcmworldwide.com/i/mcmworldwide/MMVGATT01PZ001_09 | https://images.mcmworldwide.com/i/mcmworldwide/MMVGATT01PZ001_02 | https://images.mcmworldwide.com/i/mcmworldwide/MMVGATT01PZ001_03 | https://images.mcmworldwide.com/i/mcmworldwide/MMVGATT01PZ001_04 | https://images.mcmworldwide.com/i/mcmworldwide/MMVGATT01PZ001_05 | https://images.mcmworldwide.com/i/mcmworldwide/MMVGATT01PZ001_10 | https://images.mcmworldwide.com/i/mcmworldwide/MMVGATT01PZ001_11,https://images.mcmworldwide.com/v/mcmworldwide/MMVGATT01PZ001_VID/webm_720p,https://kr.mcmworldwide.com/ko_KR/%EA%B0%80%EB%B0%A9/%EB%AA%A8%EB%91%90%EB%B3%B4%EA%B8%B0/ottomar-%EB%B9%84%EC%84%B8%ED%86%A0%EC%8A%A4-%EC%9C%84%EC%BC%84%EB%8D%94/MMVGATT01PZ001.html
MMVGATT01PZ001,Ottomar 비세토스 위켄더,1750000,Pink,ACTIVE,비세토스 모노그램 캔버스,나파 가죽,스웨이드 마감의 극세사,로고 브라스 플레이트 | 16K 골드 도금 메탈 하드웨어,17 x 41 x 26,72cm - 127cm,12cm,대한민국,탈부착이 가능하며 길이 조절이 가능한 위빙 스트랩 | 가죽 탑 핸들 | 탈부착 가능한 가죽 러기지 태그와 가죽 커버가 더해진 열쇠가 있는 패드락 | 뒷면 외부 가죽 트롤리 슬리브 | 양방향 확장형 지퍼 클로저 | 내부 포켓과 지퍼 포켓 | Protective metal feet,MMVGATT01BK001 | MMVGATT01CO001 | MMVFATT02K8001,https://images.mcmworldwide.com/i/mcmworldwide/MMVGATT01PZ001_01 | https://images.mcmworldwide.com/i/mcmworldwide/MMVGATT01PZ001_09 | https://images.mcmworldwide.com/i/mcmworldwide/MMVGATT01PZ001_02 | https://images.mcmworldwide.com/i/mcmworldwide/MMVGATT01PZ001_03 | https://images.mcmworldwide.com/i/mcmworldwide/MMVGATT01PZ001_04 | https://images.mcmworldwide.com/i/mcmworldwide/MMVGATT01PZ001_05 | https://images.mcmworldwide.com/i/mcmworldwide/MMVGATT01PZ001_10 | https://images.mcmworldwide.com/i/mcmworldwide/MMVGATT01PZ001_11,https://images.mcmworldwide.com/v/mcmworldwide/MMVGATT01PZ001_VID/webm_720p,https://kr.mcmworldwide.com/ko_KR/%ED%8A%B8%EB%9E%98%EB%B8%94/%EB%9F%AC%EA%B8%B0%EC%A7%80-%EB%B0%B1/ottomar-%EB%B9%84%EC%84%B8%ED%86%A0%EC%8A%A4-%EC%9C%84%EC%BC%84%EB%8D%94/MMVGATT01PZ001.html
MMVFATT02K8001,Ottomar 비세토스 위켄더,1750000,Green,ACTIVE,비세토스 모노그램 캔버스,천연 가죽,스웨이드 마감의 극세사,로고 브라스 플레이트 | 실버톤 코발트 메탈 하드웨어,17 x 41 x 26,72cm - 127cm,12cm,대한민국,탈부착이 가능하며 길이 조절이 가능한 위빙 스트랩 | 가죽 탑 핸들 | 탈부착 가능한 가죽 러기지 태그와 가죽 커버가 더해진 열쇠가 있는 패드락 | 뒷면 외부 가죽 트롤리 슬리브 | 양방향 확장형 지퍼 클로저 | 내부 포켓과 지퍼 수납 공간 | 가방 바닥 보호에 도움을 주는 메탈 피트,MMVGATT01BK001 | MMVGATT01CO001 | MMVGATT01PZ001,https://images.mcmworldwide.com/i/mcmworldwide/MMVFATT02K8001_01 | https://images.mcmworldwide.com/i/mcmworldwide/MMVFATT02K8001_09 | https://images.mcmworldwide.com/i/mcmworldwide/MMVFATT02K8001_02 | https://images.mcmworldwide.com/i/mcmworldwide/MMVFATT02K8001_03 | https://images.mcmworldwide.com/i/mcmworldwide/MMVFATT02K8001_04 | https://images.mcmworldwide.com/i/mcmworldwide/MMVFATT02K8001_10 | https://images.mcmworldwide.com/i/mcmworldwide/MMVFATT02K8001_11,https://images.mcmworldwide.com/v/mcmworldwide/MMVFATT02K8001_VID/webm_720p,https://kr.mcmworldwide.com/ko_KR/%ED%8A%B8%EB%9E%98%EB%B8%94/%EB%9F%AC%EA%B8%B0%EC%A7%80-%EB%B0%B1/ottomar-%EB%B9%84%EC%84%B8%ED%86%A0%EC%8A%A4-%EC%9C%84%EC%BC%84%EB%8D%94/MMVFATT02K8001.html
MMVGATT01CO001,Ottomar 비세토스 위켄더,1750000,Cognac,ACTIVE,비세토스 모노그램 캔버스,나파 가죽,스웨이드 마감의 극세사,로고 브라스 플레이트 | 24K 골드 도금 브라스 하드웨어,17 x 41 x 26,72 cm to 127 cm | 72cm - 127cm,12 cm | 12cm,대한민국,탈부착이 가능하며 길이 조절이 가능한 위빙 스트랩 | 가죽 탑 핸들 | 탈부착 가능한 가죽 러기지 태그와 가죽 커버가 더해진 열쇠가 있는 패드락 | 뒷면 외부 가죽 트롤리 슬리브 | 양방향 확장형 지퍼 클로저 | 내부 포켓과 지퍼 포켓 | Protective metal feet,MMVGATT01BK001 | MMVFATT02K8001 | MMVGATT01PZ001,https://images.mcmworldwide.com/i/mcmworldwide/MMVGATT01CO001_01 | https://images.mcmworldwide.com/i/mcmworldwide/MMVGATT01CO001_09 | https://images.mcmworldwide.com/i/mcmworldwide/MMVGATT01CO001_02 | https://images.mcmworldwide.com/i/mcmworldwide/MMVGATT01CO001_03 | https://images.mcmworldwide.com/i/mcmworldwide/MMVGATT01CO001_04 | https://images.mcmworldwide.com/i/mcmworldwide/MMVGATT01CO001_05 | https://images.mcmworldwide.com/i/mcmworldwide/MMVGATT01CO001_10 | https://images.mcmworldwide.com/i/mcmworldwide/MMVGATT01CO001_11,https://images.mcmworldwide.com/v/mcmworldwide/MMVGATT01CO001_VID/webm_720p,https://kr.mcmworldwide.com/ko_KR/%ED%8A%B8%EB%9E%98%EB%B8%94/%EB%9F%AC%EA%B8%B0%EC%A7%80-%EB%B0%B1/ottomar-%EB%B9%84%EC%84%B8%ED%86%A0%EC%8A%A4-%EC%9C%84%EC%BC%84%EB%8D%94/MMVGATT01CO001.html
MMVGATT01BK001,Ottomar 비세토스 위켄더,1750000,Black,ACTIVE,비세토스 모노그램 캔버스,나파 가죽,스웨이드 마감의 극세사,로고 브라스 플레이트 | 다크 메탈 하드웨어,17 x 41 x 26,72cm - 127cm,12cm,대한민국,탈부착이 가능하며 길이 조절이 가능한 위빙 스트랩 | 가죽 탑 핸들 | 탈부착 가능한 가죽 러기지 태그와 가죽 커버가 더해진 열쇠가 있는 패드락 | 뒷면 외부 가죽 트롤리 슬리브 | 양방향 확장형 지퍼 클로저 | 내부 포켓과 지퍼 포켓 | Protective metal feet,MMVGATT01CO001 | MMVFATT02K8001 | MMVGATT01PZ001,https://images.mcmworldwide.com/i/mcmworldwide/MMVGATT01BK001_01 | https://images.mcmworldwide.com/i/mcmworldwide/MMVGATT01BK001_09 | https://images.mcmworldwide.com/i/mcmworldwide/MMVGATT01BK001_02 | https://images.mcmworldwide.com/i/mcmworldwide/MMVGATT01BK001_03 | https://images.mcmworldwide.com/i/mcmworldwide/MMVGATT01BK001_04 | https://images.mcmworldwide.com/i/mcmworldwide/MMVGATT01BK001_05 | https://images.mcmworldwide.com/i/mcmworldwide/MMVGATT01BK001_10,https://images.mcmworldwide.com/v/mcmworldwide/MMVGATT01BK001_VID/webm_720p,https://kr.mcmworldwide.com/ko_KR/%ED%8A%B8%EB%9E%98%EB%B8%94/%EB%9F%AC%EA%B8%B0%EC%A7%80-%EB%B0%B1/ottomar-%EB%B9%84%EC%84%B8%ED%86%A0%EC%8A%A4-%EC%9C%84%EC%BC%84%EB%8D%94/MMVGATT01BK001.html
MWTGATA03PZ001,Aren 비세토스 스쿨 토트,1250000,Pink,ACTIVE,비세토스 모노그램 캔버스,,패브릭,로고 브라스 플레이트 | 16K 골드 도금 메탈 하드웨어,14 x 39 x 29,,33cm,대한민국,탑핸들 | 외부 포켓 | 내부 포켓 | D링 참 장식 디테일 | 레더 트림,MWTFATA02CO001 | MWTGSTA02BK001,https://images.mcmworldwide.com/i/mcmworldwide/MWTGATA03PZ001_01 | https://images.mcmworldwide.com/i/mcmworldwide/MWTGATA03PZ001_09 | https://images.mcmworldwide.com/i/mcmworldwide/MWTGATA03PZ001_02 | https://images.mcmworldwide.com/i/mcmworldwide/MWTGATA03PZ001_03 | https://images.mcmworldwide.com/i/mcmworldwide/MWTGATA03PZ001_04 | https://images.mcmworldwide.com/i/mcmworldwide/MWTGATA03PZ001_05 | https://images.mcmworldwide.com/i/mcmworldwide/MWTGATA03PZ001_10,,https://kr.mcmworldwide.com/ko_KR/%EA%B0%80%EB%B0%A9/%EB%AA%A8%EB%91%90%EB%B3%B4%EA%B8%B0/aren-%EB%B9%84%EC%84%B8%ED%86%A0%EC%8A%A4-%EC%8A%A4%EC%BF%A8-%ED%86%A0%ED%8A%B8/MWTGATA03PZ001.html
MWTGATA03PZ001,Aren 비세토스 스쿨 토트,1250000,Pink,ACTIVE,비세토스 모노그램 캔버스,,패브릭,로고 브라스 플레이트 | 16K 골드 도금 메탈 하드웨어,14 x 39 x 29,,33cm,대한민국,탑핸들 | 외부 포켓 | 내부 포켓 | D링 참 장식 디테일 | 레더 트림,MWTFATA02CO001 | MWTGSTA02BK001,https://images.mcmworldwide.com/i/mcmworldwide/MWTGATA03PZ001_01 | https://images.mcmworldwide.com/i/mcmworldwide/MWTGATA03PZ001_09 | https://images.mcmworldwide.com/i/mcmworldwide/MWTGATA03PZ001_02 | https://images.mcmworldwide.com/i/mcmworldwide/MWTGATA03PZ001_03 | https://images.mcmworldwide.com/i/mcmworldwide/MWTGATA03PZ001_04 | https://images.mcmworldwide.com/i/mcmworldwide/MWTGATA03PZ001_05 | https://images.mcmworldwide.com/i/mcmworldwide/MWTGATA03PZ001_10,,https://kr.mcmworldwide.com/ko_KR/%EC%97%AC%EC%84%B1/%ED%95%B8%EB%93%9C%EB%B0%B1/%EC%87%BC%ED%8D%BC-%ED%86%A0%ED%8A%B8%EB%B0%B1/aren-%EB%B9%84%EC%84%B8%ED%86%A0%EC%8A%A4-%EC%8A%A4%EC%BF%A8-%ED%86%A0%ED%8A%B8/MWTGATA03PZ001.html
MWTFATA02CO001,Aren 비세토스 스쿨 토트,1250000,Cognac,ACTIVE,비세토스 모노그램 캔버스,천연 가죽,코튼,로고 브라스 플레이트 | 24K 골드 도금 브라스 하드웨어,14 x 39 x 29,,33cm,대한민국,탑핸들 | 외부 포켓 | 내부 포켓,MWTGATA03PZ001 | MWTGSTA02BK001,https://images.mcmworldwide.com/i/mcmworldwide/MWTFATA02CO001_01 | https://images.mcmworldwide.com/i/mcmworldwide/MWTFATA02CO001_09 | https://images.mcmworldwide.com/i/mcmworldwide/MWTFATA02CO001_02 | https://images.mcmworldwide.com/i/mcmworldwide/MWTFATA02CO001_03 | https://images.mcmworldwide.com/i/mcmworldwide/MWTFATA02CO001_04 | https://images.mcmworldwide.com/i/mcmworldwide/MWTFATA02CO001_05 | https://images.mcmworldwide.com/i/mcmworldwide/MWTFATA02CO001_10,https://images.mcmworldwide.com/v/mcmworldwide/MWTFATA02CO001_VID/webm_720p,https://kr.mcmworldwide.com/ko_KR/%EC%97%AC%EC%84%B1/%ED%95%B8%EB%93%9C%EB%B0%B1/%EC%87%BC%ED%8D%BC-%ED%86%A0%ED%8A%B8%EB%B0%B1/aren-%EB%B9%84%EC%84%B8%ED%86%A0%EC%8A%A4-%EC%8A%A4%EC%BF%A8-%ED%86%A0%ED%8A%B8/MWTFATA02CO001.html
MWTGSTA02BK001,Aren 비세토스 스쿨 토트,1250000,Black,ACTIVE,비세토스 모노그램 캔버스,천연 가죽,패브릭,로고 브라스 플레이트 | 실버톤 코발트 브라스 하드웨어,14 x 39 x 29,,33 cm,대한민국,탑핸들 | 외부 포켓 | 지퍼 클로저 | 내부 포켓 | D링 참 장식 디테일,MWTFATA02CO001 | MWTGATA03PZ001,https://images.mcmworldwide.com/i/mcmworldwide/MWTGSTA02BK001_01 | https://images.mcmworldwide.com/i/mcmworldwide/MWTGSTA02BK001_09 | https://images.mcmworldwide.com/i/mcmworldwide/MWTGSTA02BK001_02 | https://images.mcmworldwide.com/i/mcmworldwide/MWTGSTA02BK001_03 | https://images.mcmworldwide.com/i/mcmworldwide/MWTGSTA02BK001_04 | https://images.mcmworldwide.com/i/mcmworldwide/MWTGSTA02BK001_05 | https://images.mcmworldwide.com/i/mcmworldwide/MWTGSTA02BK001_10 | https://images.mcmworldwide.com/i/mcmworldwide/MWTGSTA02BK001_11,https://images.mcmworldwide.com/v/mcmworldwide/MWTGSTA02BK001_VID/webm_720p,https://kr.mcmworldwide.com/ko_KR/%EC%97%AC%EC%84%B1/%ED%95%B8%EB%93%9C%EB%B0%B1/%EC%87%BC%ED%8D%BC-%ED%86%A0%ED%8A%B8%EB%B0%B1/aren-%EB%B9%84%EC%84%B8%ED%86%A0%EC%8A%A4-%EC%8A%A4%EC%BF%A8-%ED%86%A0%ED%8A%B8/MWTGSTA02BK001.html
MWSGATA01PZ001,Aren 비세토스 E/W 숄더백,1090000,Pink,ACTIVE,비세토스 모노그램 캔버스,,스웨이드 마감의 극세사,16K 골드 도금 메탈 하드웨어,9 x 29 x 12,,27 cm,대한민국,가죽 탑 핸들 | 로고가 엠보싱 처리된 탈부착 가능한 바바리안 다이아몬드 가죽 참 | 양방향 지퍼 클로저 | 내부 카드 슬롯 | 레더 트림,MWSGATA01BK001 | MWSGATA01I8001 | MWSGSTA02CO001,https://images.mcmworldwide.com/i/mcmworldwide/MWSGATA01PZ001_01 | https://images.mcmworldwide.com/i/mcmworldwide/MWSGATA01PZ001_09 | https://images.mcmworldwide.com/i/mcmworldwide/MWSGATA01PZ001_02 | https://images.mcmworldwide.com/i/mcmworldwide/MWSGATA01PZ001_03 | https://images.mcmworldwide.com/i/mcmworldwide/MWSGATA01PZ001_04 | https://images.mcmworldwide.com/i/mcmworldwide/MWSGATA01PZ001_05 | https://images.mcmworldwide.com/i/mcmworldwide/MWSGATA01PZ001_06 | https://images.mcmworldwide.com/i/mcmworldwide/MWSGATA01PZ001_10,https://images.mcmworldwide.com/v/mcmworldwide/MWSGATA01PZ001_VID/webm_720p,https://kr.mcmworldwide.com/ko_KR/%EA%B0%80%EB%B0%A9/%EB%AA%A8%EB%91%90%EB%B3%B4%EA%B8%B0/aren-%EB%B9%84%EC%84%B8%ED%86%A0%EC%8A%A4-e%2Fw-%EC%88%84%EB%8D%94%EB%B0%B1/MWSGATA01PZ001.html
MWSGATA01PZ001,Aren 비세토스 E/W 숄더백,1090000,Pink,ACTIVE,비세토스 모노그램 캔버스,,스웨이드 마감의 극세사,16K 골드 도금 메탈 하드웨어,9 x 29 x 12,,27 cm,대한민국,가죽 탑 핸들 | 로고가 엠보싱 처리된 탈부착 가능한 바바리안 다이아몬드 가죽 참 | 양방향 지퍼 클로저 | 내부 카드 슬롯 | 레더 트림,MWSGATA01BK001 | MWSGATA01I8001 | MWSGSTA02CO001,https://images.mcmworldwide.com/i/mcmworldwide/MWSGATA01PZ001_01 | https://images.mcmworldwide.com/i/mcmworldwide/MWSGATA01PZ001_09 | https://images.mcmworldwide.com/i/mcmworldwide/MWSGATA01PZ001_02 | https://images.mcmworldwide.com/i/mcmworldwide/MWSGATA01PZ001_03 | https://images.mcmworldwide.com/i/mcmworldwide/MWSGATA01PZ001_04 | https://images.mcmworldwide.com/i/mcmworldwide/MWSGATA01PZ001_05 | https://images.mcmworldwide.com/i/mcmworldwide/MWSGATA01PZ001_06 | https://images.mcmworldwide.com/i/mcmworldwide/MWSGATA01PZ001_10,https://images.mcmworldwide.com/v/mcmworldwide/MWSGATA01PZ001_VID/webm_720p,https://kr.mcmworldwide.com/ko_KR/%EC%97%AC%EC%84%B1/%ED%95%B8%EB%93%9C%EB%B0%B1/%EC%88%84%EB%8D%94%EB%B0%B1-%ED%81%AC%EB%A1%9C%EC%8A%A4%EB%B0%B1/aren-%EB%B9%84%EC%84%B8%ED%86%A0%EC%8A%A4-e%2Fw-%EC%88%84%EB%8D%94%EB%B0%B1/MWSGATA01PZ001.html
MMLGATA02BK001,Aren 엠보스드 모노그램 레더 슬링백,1550000,Black,ACTIVE,나파 레더,,코튼 트윌,다크 실버톤 코발트 메탈 하드웨어,9 x 21 x 37,66.5 cm to 116 cm | 66.5cm - 116cm,,이탈리아,길이 조절이 가능한 패브릭 웨빙 스트랩 | 엠보스드 비세토스 모노그램 | 앞면 지퍼 포켓 | 양방향 지퍼 클로저 | 내부 포켓,,https://images.mcmworldwide.com/i/mcmworldwide/MMLGATA02BK001_01 | https://images.mcmworldwide.com/i/mcmworldwide/MMLGATA02BK001_02 | https://images.mcmworldwide.com/i/mcmworldwide/MMLGATA02BK001_03 | https://images.mcmworldwide.com/i/mcmworldwide/MMLGATA02BK001_04 | https://images.mcmworldwide.com/i/mcmworldwide/MMLGATA02BK001_05 | https://images.mcmworldwide.com/i/mcmworldwide/MMLGATA02BK001_10 | https://images.mcmworldwide.com/i/mcmworldwide/MMLGATA02BK001_11,https://images.mcmworldwide.com/v/mcmworldwide/MMLGATA02BK001_VID/webm_720p,https://kr.mcmworldwide.com/ko_KR/%EA%B0%80%EB%B0%A9/%EB%B0%B1%ED%8C%A9/aren-%EC%97%A0%EB%B3%B4%EC%8A%A4%EB%93%9C-%EB%AA%A8%EB%85%B8%EA%B7%B8%EB%9E%A8-%EB%A0%88%EB%8D%94-%EC%8A%AC%EB%A7%81%EB%B0%B1/MMLGATA02BK001.html
MMLGATA02BK001,Aren 엠보스드 모노그램 레더 슬링백,1550000,Black,ACTIVE,나파 레더,,코튼 트윌,다크 실버톤 코발트 메탈 하드웨어,9 x 21 x 37,66.5 cm to 116 cm | 66.5cm - 116cm,,이탈리아,길이 조절이 가능한 패브릭 웨빙 스트랩 | 엠보스드 비세토스 모노그램 | 앞면 지퍼 포켓 | 양방향 지퍼 클로저 | 내부 포켓,,https://images.mcmworldwide.com/i/mcmworldwide/MMLGATA02BK001_01 | https://images.mcmworldwide.com/i/mcmworldwide/MMLGATA02BK001_02 | https://images.mcmworldwide.com/i/mcmworldwide/MMLGATA02BK001_03 | https://images.mcmworldwide.com/i/mcmworldwide/MMLGATA02BK001_04 | https://images.mcmworldwide.com/i/mcmworldwide/MMLGATA02BK001_05 | https://images.mcmworldwide.com/i/mcmworldwide/MMLGATA02BK001_10 | https://images.mcmworldwide.com/i/mcmworldwide/MMLGATA02BK001_11,https://images.mcmworldwide.com/v/mcmworldwide/MMLGATA02BK001_VID/webm_720p,https://kr.mcmworldwide.com/ko_KR/%EB%82%A8%EC%84%B1/%EA%B0%80%EB%B0%A9/%EB%B0%B1%ED%8C%A9/aren-%EC%97%A0%EB%B3%B4%EC%8A%A4%EB%93%9C-%EB%AA%A8%EB%85%B8%EA%B7%B8%EB%9E%A8-%EB%A0%88%EB%8D%94-%EC%8A%AC%EB%A7%81%EB%B0%B1/MMLGATA02BK001.html
MMLGATA03CO001,Aren 비세토스 슬링백,1250000,Cognac,ACTIVE,비세토스 모노그램 캔버스,나파 가죽,코튼 트윌,24K 골드 도금 브라스 하드웨어,9 x 21 x 37,66.5cm - 116cm,,대한민국,길이 조절이 가능한 헤링본 패브릭 웨빙 스트랩 | 앞면 지퍼 포켓 | 뒷면 외부 슬립 포켓 | 양방향 지퍼 클로저 | 테블릿과 디바이스 수납을 위한 내부 슬리브,,https://images.mcmworldwide.com/i/mcmworldwide/MMLGATA03CO001_01 | https://images.mcmworldwide.com/i/mcmworldwide/MMLGATA03CO001_09 | https://images.mcmworldwide.com/i/mcmworldwide/MMLGATA03CO001_02 | https://images.mcmworldwide.com/i/mcmworldwide/MMLGATA03CO001_03 | https://images.mcmworldwide.com/i/mcmworldwide/MMLGATA03CO001_04 | https://images.mcmworldwide.com/i/mcmworldwide/MMLGATA03CO001_05 | https://images.mcmworldwide.com/i/mcmworldwide/MMLGATA03CO001_10 | https://images.mcmworldwide.com/i/mcmworldwide/MMLGATA03CO001_11,https://images.mcmworldwide.com/v/mcmworldwide/MMLGATA03CO001_VID/webm_720p,https://kr.mcmworldwide.com/ko_KR/%EA%B0%80%EB%B0%A9/%EB%B0%B1%ED%8C%A9/aren-%EB%B9%84%EC%84%B8%ED%86%A0%EC%8A%A4-%EC%8A%AC%EB%A7%81%EB%B0%B1/MMLGATA03CO001.html
MMLGATA03CO001,Aren 비세토스 슬링백,1250000,Cognac,ACTIVE,비세토스 모노그램 캔버스,나파 가죽,코튼 트윌,24K 골드 도금 브라스 하드웨어,9 x 21 x 37,66.5cm - 116cm,,대한민국,길이 조절이 가능한 헤링본 패브릭 웨빙 스트랩 | 앞면 지퍼 포켓 | 뒷면 외부 슬립 포켓 | 양방향 지퍼 클로저 | 테블릿과 디바이스 수납을 위한 내부 슬리브,,https://images.mcmworldwide.com/i/mcmworldwide/MMLGATA03CO001_01 | https://images.mcmworldwide.com/i/mcmworldwide/MMLGATA03CO001_09 | https://images.mcmworldwide.com/i/mcmworldwide/MMLGATA03CO001_02 | https://images.mcmworldwide.com/i/mcmworldwide/MMLGATA03CO001_03 | https://images.mcmworldwide.com/i/mcmworldwide/MMLGATA03CO001_04 | https://images.mcmworldwide.com/i/mcmworldwide/MMLGATA03CO001_05 | https://images.mcmworldwide.com/i/mcmworldwide/MMLGATA03CO001_10 | https://images.mcmworldwide.com/i/mcmworldwide/MMLGATA03CO001_11,https://images.mcmworldwide.com/v/mcmworldwide/MMLGATA03CO001_VID/webm_720p,https://kr.mcmworldwide.com/ko_KR/%EB%82%A8%EC%84%B1/%EA%B0%80%EB%B0%A9/%EB%B0%B1%ED%8C%A9/aren-%EB%B9%84%EC%84%B8%ED%86%A0%EC%8A%A4-%EC%8A%AC%EB%A7%81%EB%B0%B1/MMLGATA03CO001.html
MMLGATA04CO001,Aren 비세토스 슬링백,1150000,Cognac,ACTIVE,비세토스 모노그램 캔버스,나파 가죽,코튼 트윌,24K 골드 도금 브라스 하드웨어,7 x 17 x 26,63 cm to 110 cm | 63cm - 110cm,,대한민국,길이 조절이 가능한 패브릭 웨빙 스트랩 | 앞면 지퍼 포켓 | 외부 포켓 | 양방향 지퍼 클로저,,https://images.mcmworldwide.com/i/mcmworldwide/MMLGATA04CO001_01 | https://images.mcmworldwide.com/i/mcmworldwide/MMLGATA04CO001_09 | https://images.mcmworldwide.com/i/mcmworldwide/MMLGATA04CO001_02 | https://images.mcmworldwide.com/i/mcmworldwide/MMLGATA04CO001_03 | https://images.mcmworldwide.com/i/mcmworldwide/MMLGATA04CO001_04 | https://images.mcmworldwide.com/i/mcmworldwide/MMLGATA04CO001_05 | https://images.mcmworldwide.com/i/mcmworldwide/MMLGATA04CO001_10,https://images.mcmworldwide.com/v/mcmworldwide/MMLGATA04CO001_VID/webm_720p,https://kr.mcmworldwide.com/ko_KR/%EA%B0%80%EB%B0%A9/%EB%B0%B1%ED%8C%A9/aren-%EB%B9%84%EC%84%B8%ED%86%A0%EC%8A%A4-%EC%8A%AC%EB%A7%81%EB%B0%B1/MMLGATA04CO001.html
MMLGATA04CO001,Aren 비세토스 슬링백,1150000,Cognac,ACTIVE,비세토스 모노그램 캔버스,나파 가죽,코튼 트윌,24K 골드 도금 브라스 하드웨어,7 x 17 x 26,63 cm to 110 cm | 63cm - 110cm,,대한민국,길이 조절이 가능한 패브릭 웨빙 스트랩 | 앞면 지퍼 포켓 | 외부 포켓 | 양방향 지퍼 클로저,,https://images.mcmworldwide.com/i/mcmworldwide/MMLGATA04CO001_01 | https://images.mcmworldwide.com/i/mcmworldwide/MMLGATA04CO001_09 | https://images.mcmworldwide.com/i/mcmworldwide/MMLGATA04CO001_02 | https://images.mcmworldwide.com/i/mcmworldwide/MMLGATA04CO001_03 | https://images.mcmworldwide.com/i/mcmworldwide/MMLGATA04CO001_04 | https://images.mcmworldwide.com/i/mcmworldwide/MMLGATA04CO001_05 | https://images.mcmworldwide.com/i/mcmworldwide/MMLGATA04CO001_10,https://images.mcmworldwide.com/v/mcmworldwide/MMLGATA04CO001_VID/webm_720p,https://kr.mcmworldwide.com/ko_KR/%EB%82%A8%EC%84%B1/%EA%B0%80%EB%B0%A9/%EB%B0%B1%ED%8C%A9/aren-%EB%B9%84%EC%84%B8%ED%86%A0%EC%8A%A4-%EC%8A%AC%EB%A7%81%EB%B0%B1/MMLGATA04CO001.html
MMKGATA01BK001,Aren 다이아몬드 퀼팅 레더 백팩,2690000,Black,ACTIVE,나파 레더,,,로고 브라스 플레이트 | 무광 블랙 메탈 하드웨어,20 x 29 x 45,,,이탈리아,길이 조절이 가능한 숄더 스트랩 | 가죽 탑 핸들 | 다이아몬드 퀼팅 모티프 | 양방향 지퍼 클로저 | 13인치 노트북 수납이 가능한 내부 슬리브 및 포켓 | 리사이클 코튼 라이닝,,https://images.mcmworldwide.com/i/mcmworldwide/MMKGATA01BK001_01 | https://images.mcmworldwide.com/i/mcmworldwide/MMKGATA01BK001_09 | https://images.mcmworldwide.com/i/mcmworldwide/MMKGATA01BK001_02 | https://images.mcmworldwide.com/i/mcmworldwide/MMKGATA01BK001_03 | https://images.mcmworldwide.com/i/mcmworldwide/MMKGATA01BK001_04 | https://images.mcmworldwide.com/i/mcmworldwide/MMKGATA01BK001_06 | https://images.mcmworldwide.com/i/mcmworldwide/MMKGATA01BK001_10,,https://kr.mcmworldwide.com/ko_KR/%EA%B0%80%EB%B0%A9/%EB%B0%B1%ED%8C%A9/aren-%EB%8B%A4%EC%9D%B4%EC%95%84%EB%AA%AC%EB%93%9C-%ED%80%BC%ED%8C%85-%EB%A0%88%EB%8D%94-%EB%B0%B1%ED%8C%A9/MMKGATA01BK001.html
MMKGATA01BK001,Aren 다이아몬드 퀼팅 레더 백팩,2690000,Black,ACTIVE,나파 레더,,,로고 브라스 플레이트 | 무광 블랙 메탈 하드웨어,20 x 29 x 45,,,이탈리아,길이 조절이 가능한 숄더 스트랩 | 가죽 탑 핸들 | 다이아몬드 퀼팅 모티프 | 양방향 지퍼 클로저 | 13인치 노트북 수납이 가능한 내부 슬리브 및 포켓 | 리사이클 코튼 라이닝,,https://images.mcmworldwide.com/i/mcmworldwide/MMKGATA01BK001_01 | https://images.mcmworldwide.com/i/mcmworldwide/MMKGATA01BK001_09 | https://images.mcmworldwide.com/i/mcmworldwide/MMKGATA01BK001_02 | https://images.mcmworldwide.com/i/mcmworldwide/MMKGATA01BK001_03 | https://images.mcmworldwide.com/i/mcmworldwide/MMKGATA01BK001_04 | https://images.mcmworldwide.com/i/mcmworldwide/MMKGATA01BK001_06 | https://images.mcmworldwide.com/i/mcmworldwide/MMKGATA01BK001_10,,https://kr.mcmworldwide.com/ko_KR/%EB%82%A8%EC%84%B1/%EA%B0%80%EB%B0%A9/%EB%B0%B1%ED%8C%A9/aren-%EB%8B%A4%EC%9D%B4%EC%95%84%EB%AA%AC%EB%93%9C-%ED%80%BC%ED%8C%85-%EB%A0%88%EB%8D%94-%EB%B0%B1%ED%8C%A9/MMKGATA01BK001.html
MWKGATA01BK001,Pina 스터드 장식 카프스킨 드로우스트링 백팩,2390000,Black,ACTIVE,100% 카프스킨,,스웨이드 마감의 극세사,로고 브라스 플레이트 | 24K 골드 도금 브라스 하드웨어,11 x 23 x 25,85cm - 96cm,8cm,이탈리아,탈부착 가능한 가죽 숄더 스트랩 | 가죽 탑 핸들 | 체인 핸들 | 금속 로고 스터드 장식 | 앞면 플랩 포켓 | 마그네틱 스냅 클로저와 가죽 끈 조임 장치 | 내부 포켓,,https://images.mcmworldwide.com/i/mcmworldwide/MWKGATA01BK001_01 | https://images.mcmworldwide.com/i/mcmworldwide/MWKGATA01BK001_09 | https://images.mcmworldwide.com/i/mcmworldwide/MWKGATA01BK001_02 | https://images.mcmworldwide.com/i/mcmworldwide/MWKGATA01BK001_03 | https://images.mcmworldwide.com/i/mcmworldwide/MWKGATA01BK001_04 | https://images.mcmworldwide.com/i/mcmworldwide/MWKGATA01BK001_05 | https://images.mcmworldwide.com/i/mcmworldwide/MWKGATA01BK001_10,,https://kr.mcmworldwide.com/ko_KR/%EA%B0%80%EB%B0%A9/%EB%B0%B1%ED%8C%A9/pina-%EC%8A%A4%ED%84%B0%EB%93%9C-%EC%9E%A5%EC%8B%9D-%EC%B9%B4%ED%94%84%EC%8A%A4%ED%82%A8-%EB%93%9C%EB%A1%9C%EC%9A%B0%EC%8A%A4%ED%8A%B8%EB%A7%81-%EB%B0%B1%ED%8C%A9/MWKGATA01BK001.html
MWKFATA01CO001,Aren 비세토스 드로우스트링 백팩,1650000,Cognac,ACTIVE,비세토스 모노그램 캔버스,천연 가죽,스웨이드 마감의 극세사,24K 골드 도금 브라스 하드웨어,13 x 29 x 32,76 cm - 83 cm,8.5 cm,대한민국,길이 조절이 가능한 숄더 스트랩 | 가죽 탑 핸들 | 마그네틱 스냅 클로저와 가죽 끈 조임 장치 | 버클 장식 | 자석 잠금 장치가 있는 앞면 플랩 포켓 | 내부 슬립 포켓,MWKGATA03PZ001,https://images.mcmworldwide.com/i/mcmworldwide/MWKFATA01CO001_01 | https://images.mcmworldwide.com/i/mcmworldwide/MWKFATA01CO001_09 | https://images.mcmworldwide.com/i/mcmworldwide/MWKFATA01CO001_02 | https://images.mcmworldwide.com/i/mcmworldwide/MWKFATA01CO001_03 | https://images.mcmworldwide.com/i/mcmworldwide/MWKFATA01CO001_04 | https://images.mcmworldwide.com/i/mcmworldwide/MWKFATA01CO001_10,https://images.mcmworldwide.com/v/mcmworldwide/MWKFATA01CO001_VID/webm_720p,https://kr.mcmworldwide.com/ko_KR/%EA%B0%80%EB%B0%A9/%EB%B0%B1%ED%8C%A9/aren-%EB%B9%84%EC%84%B8%ED%86%A0%EC%8A%A4-%EB%93%9C%EB%A1%9C%EC%9A%B0%EC%8A%A4%ED%8A%B8%EB%A7%81-%EB%B0%B1%ED%8C%A9/MWKFATA01CO001.html
MWKFATA01CO001,Aren 비세토스 드로우스트링 백팩,1650000,Cognac,ACTIVE,비세토스 모노그램 캔버스,천연 가죽,스웨이드 마감의 극세사,24K 골드 도금 브라스 하드웨어,13 x 29 x 32,76 cm - 83 cm,8.5 cm,대한민국,길이 조절이 가능한 숄더 스트랩 | 가죽 탑 핸들 | 마그네틱 스냅 클로저와 가죽 끈 조임 장치 | 버클 장식 | 자석 잠금 장치가 있는 앞면 플랩 포켓 | 내부 슬립 포켓,MWKGATA03PZ001,https://images.mcmworldwide.com/i/mcmworldwide/MWKFATA01CO001_01 | https://images.mcmworldwide.com/i/mcmworldwide/MWKFATA01CO001_09 | https://images.mcmworldwide.com/i/mcmworldwide/MWKFATA01CO001_02 | https://images.mcmworldwide.com/i/mcmworldwide/MWKFATA01CO001_03 | https://images.mcmworldwide.com/i/mcmworldwide/MWKFATA01CO001_04 | https://images.mcmworldwide.com/i/mcmworldwide/MWKFATA01CO001_10,https://images.mcmworldwide.com/v/mcmworldwide/MWKFATA01CO001_VID/webm_720p,https://kr.mcmworldwide.com/ko_KR/%EC%97%AC%EC%84%B1/%ED%95%B8%EB%93%9C%EB%B0%B1/%EB%B0%B1%ED%8C%A9-%EB%B2%A8%ED%8A%B8%EB%B0%B1/aren-%EB%B9%84%EC%84%B8%ED%86%A0%EC%8A%A4-%EB%93%9C%EB%A1%9C%EC%9A%B0%EC%8A%A4%ED%8A%B8%EB%A7%81-%EB%B0%B1%ED%8C%A9/MWKFATA01CO001.html
MWKGATA03PZ001,Aren 비세토스 드로우스트링 백팩,1650000,Pink,ACTIVE,비세토스 모노그램 캔버스,,스웨이드 마감의 극세사,16K 골드 도금 메탈 하드웨어,13 x 29 x 32,76cm - 83cm,8.5cm,대한민국,길이 조절이 가능한 숄더 스트랩 | 가죽 탑 핸들 | 마그네틱 스냅 클로저와 가죽 끈 조임 장치 | 버클 장식 | 자석 잠금 장치가 있는 앞면 플랩 포켓 | 내부 슬립 포켓 | 레더 트림,MWKFATA01CO001,https://images.mcmworldwide.com/i/mcmworldwide/MWKGATA03PZ001_01 | https://images.mcmworldwide.com/i/mcmworldwide/MWKGATA03PZ001_09 | https://images.mcmworldwide.com/i/mcmworldwide/MWKGATA03PZ001_02 | https://images.mcmworldwide.com/i/mcmworldwide/MWKGATA03PZ001_03 | https://images.mcmworldwide.com/i/mcmworldwide/MWKGATA03PZ001_04 | https://images.mcmworldwide.com/i/mcmworldwide/MWKGATA03PZ001_05 | https://images.mcmworldwide.com/i/mcmworldwide/MWKGATA03PZ001_10,,https://kr.mcmworldwide.com/ko_KR/%EC%97%AC%EC%84%B1/%ED%95%B8%EB%93%9C%EB%B0%B1/%EB%B0%B1%ED%8C%A9-%EB%B2%A8%ED%8A%B8%EB%B0%B1/aren-%EB%B9%84%EC%84%B8%ED%86%A0%EC%8A%A4-%EB%93%9C%EB%A1%9C%EC%9A%B0%EC%8A%A4%ED%8A%B8%EB%A7%81-%EB%B0%B1%ED%8C%A9/MWKGATA03PZ001.html
MWKGATA03PZ001,Aren 비세토스 드로우스트링 백팩,1650000,Pink,ACTIVE,비세토스 모노그램 캔버스,,스웨이드 마감의 극세사,16K 골드 도금 메탈 하드웨어,13 x 29 x 32,76cm - 83cm,8.5cm,대한민국,길이 조절이 가능한 숄더 스트랩 | 가죽 탑 핸들 | 마그네틱 스냅 클로저와 가죽 끈 조임 장치 | 버클 장식 | 자석 잠금 장치가 있는 앞면 플랩 포켓 | 내부 슬립 포켓 | 레더 트림,MWKFATA01CO001,https://images.mcmworldwide.com/i/mcmworldwide/MWKGATA03PZ001_01 | https://images.mcmworldwide.com/i/mcmworldwide/MWKGATA03PZ001_09 | https://images.mcmworldwide.com/i/mcmworldwide/MWKGATA03PZ001_02 | https://images.mcmworldwide.com/i/mcmworldwide/MWKGATA03PZ001_03 | https://images.mcmworldwide.com/i/mcmworldwide/MWKGATA03PZ001_04 | https://images.mcmworldwide.com/i/mcmworldwide/MWKGATA03PZ001_05 | https://images.mcmworldwide.com/i/mcmworldwide/MWKGATA03PZ001_10,,https://kr.mcmworldwide.com/ko_KR/%EA%B0%80%EB%B0%A9/%EB%B0%B1%ED%8C%A9/aren-%EB%B9%84%EC%84%B8%ED%86%A0%EC%8A%A4-%EB%93%9C%EB%A1%9C%EC%9A%B0%EC%8A%A4%ED%8A%B8%EB%A7%81-%EB%B0%B1%ED%8C%A9/MWKGATA03PZ001.html
MWKFATA04BK001,Aren ECONYL&reg;과 가죽 드로우스트링 백팩,1190000,Black,ACTIVE,ECONYL® 재생 나일론,비세토스 모노그램 프린트가 더해진 그레인 레더,패브릭,실버톤 코발트 메탈 하드웨어,11 x 23 x 25,76cm - 83cm,8.5cm,대한민국,길이 조절이 가능한 가죽 숄더 스트랩 | 가죽 탑 핸들 | 마그네틱 스냅 클로저와 가죽 끈 조임 장치 | 바바리안 다이아몬드 메탈 버클 장식 | 자석 잠금 장치가 있는 앞면 플랩 포켓 | 내부 슬립 포켓,,https://images.mcmworldwide.com/i/mcmworldwide/MWKFATA04BK001_01 | https://images.mcmworldwide.com/i/mcmworldwide/MWKFATA04BK001_09 | https://images.mcmworldwide.com/i/mcmworldwide/MWKFATA04BK001_02 | https://images.mcmworldwide.com/i/mcmworldwide/MWKFATA04BK001_03 | https://images.mcmworldwide.com/i/mcmworldwide/MWKFATA04BK001_04 | https://images.mcmworldwide.com/i/mcmworldwide/MWKFATA04BK001_10 | https://images.mcmworldwide.com/i/mcmworldwide/MWKFATA04BK001_11,https://images.mcmworldwide.com/v/mcmworldwide/MWKFATA04BK001_VID/webm_720p,https://kr.mcmworldwide.com/ko_KR/%EA%B0%80%EB%B0%A9/%EB%B0%B1%ED%8C%A9/aren-econyl%C2%AE%EA%B3%BC-%EA%B0%80%EC%A3%BD-%EB%93%9C%EB%A1%9C%EC%9A%B0%EC%8A%A4%ED%8A%B8%EB%A7%81-%EB%B0%B1%ED%8C%A9/MWKFATA04BK001.html
MWKFATA04BK001,Aren ECONYL&reg;과 가죽 드로우스트링 백팩,1190000,Black,ACTIVE,ECONYL® 재생 나일론,비세토스 모노그램 프린트가 더해진 그레인 레더,패브릭,실버톤 코발트 메탈 하드웨어,11 x 23 x 25,76cm - 83cm,8.5cm,대한민국,길이 조절이 가능한 가죽 숄더 스트랩 | 가죽 탑 핸들 | 마그네틱 스냅 클로저와 가죽 끈 조임 장치 | 바바리안 다이아몬드 메탈 버클 장식 | 자석 잠금 장치가 있는 앞면 플랩 포켓 | 내부 슬립 포켓,,https://images.mcmworldwide.com/i/mcmworldwide/MWKFATA04BK001_01 | https://images.mcmworldwide.com/i/mcmworldwide/MWKFATA04BK001_09 | https://images.mcmworldwide.com/i/mcmworldwide/MWKFATA04BK001_02 | https://images.mcmworldwide.com/i/mcmworldwide/MWKFATA04BK001_03 | https://images.mcmworldwide.com/i/mcmworldwide/MWKFATA04BK001_04 | https://images.mcmworldwide.com/i/mcmworldwide/MWKFATA04BK001_10 | https://images.mcmworldwide.com/i/mcmworldwide/MWKFATA04BK001_11,https://images.mcmworldwide.com/v/mcmworldwide/MWKFATA04BK001_VID/webm_720p,https://kr.mcmworldwide.com/ko_KR/%EC%97%AC%EC%84%B1/%ED%95%B8%EB%93%9C%EB%B0%B1/%EB%B0%B1%ED%8C%A9-%EB%B2%A8%ED%8A%B8%EB%B0%B1/aren-econyl%C2%AE%EA%B3%BC-%EA%B0%80%EC%A3%BD-%EB%93%9C%EB%A1%9C%EC%9A%B0%EC%8A%A4%ED%8A%B8%EB%A7%81-%EB%B0%B1%ED%8C%A9/MWKFATA04BK001.html
MWKFATA02CO001,Aren 비세토스 드로우스트링 백팩,1490000,Cognac,ACTIVE,비세토스 모노그램 캔버스,천연 가죽,스웨이드 마감의 극세사,24K 골드 도금 브라스 하드웨어,11 x 23 x 25,85 cm - 96 cm,8 cm,대한민국,탈부착 가능한 숄더 스트랩 | 가죽 탑 핸들 | 탈착 가능한 체인 핸들 | 앞면 플랩 포켓 | 마그네틱 스냅 클로저와 가죽 끈 조임 장치 | 버클 장식 | 내부 슬립 포켓,MWKFATA02PZ001 | MWKGATA02I8001,https://images.mcmworldwide.com/i/mcmworldwide/MWKFATA02CO001_01 | https://images.mcmworldwide.com/i/mcmworldwide/MWKFATA02CO001_09 | https://images.mcmworldwide.com/i/mcmworldwide/MWKFATA02CO001_02 | https://images.mcmworldwide.com/i/mcmworldwide/MWKFATA02CO001_03 | https://images.mcmworldwide.com/i/mcmworldwide/MWKFATA02CO001_04 | https://images.mcmworldwide.com/i/mcmworldwide/MWKFATA02CO001_10,https://images.mcmworldwide.com/v/mcmworldwide/MWKFATA02CO001_VID/webm_720p,https://kr.mcmworldwide.com/ko_KR/%EA%B0%80%EB%B0%A9/%EB%B0%B1%ED%8C%A9/aren-%EB%B9%84%EC%84%B8%ED%86%A0%EC%8A%A4-%EB%93%9C%EB%A1%9C%EC%9A%B0%EC%8A%A4%ED%8A%B8%EB%A7%81-%EB%B0%B1%ED%8C%A9/MWKFATA02CO001.html
MWKFATA02CO001,Aren 비세토스 드로우스트링 백팩,1490000,Cognac,ACTIVE,비세토스 모노그램 캔버스,천연 가죽,스웨이드 마감의 극세사,24K 골드 도금 브라스 하드웨어,11 x 23 x 25,85 cm - 96 cm,8 cm,대한민국,탈부착 가능한 숄더 스트랩 | 가죽 탑 핸들 | 탈착 가능한 체인 핸들 | 앞면 플랩 포켓 | 마그네틱 스냅 클로저와 가죽 끈 조임 장치 | 버클 장식 | 내부 슬립 포켓,MWKFATA02PZ001 | MWKGATA02I8001,https://images.mcmworldwide.com/i/mcmworldwide/MWKFATA02CO001_01 | https://images.mcmworldwide.com/i/mcmworldwide/MWKFATA02CO001_09 | https://images.mcmworldwide.com/i/mcmworldwide/MWKFATA02CO001_02 | https://images.mcmworldwide.com/i/mcmworldwide/MWKFATA02CO001_03 | https://images.mcmworldwide.com/i/mcmworldwide/MWKFATA02CO001_04 | https://images.mcmworldwide.com/i/mcmworldwide/MWKFATA02CO001_10,https://images.mcmworldwide.com/v/mcmworldwide/MWKFATA02CO001_VID/webm_720p,https://kr.mcmworldwide.com/ko_KR/%EC%97%AC%EC%84%B1/%ED%95%B8%EB%93%9C%EB%B0%B1/%EB%B0%B1%ED%8C%A9-%EB%B2%A8%ED%8A%B8%EB%B0%B1/aren-%EB%B9%84%EC%84%B8%ED%86%A0%EC%8A%A4-%EB%93%9C%EB%A1%9C%EC%9A%B0%EC%8A%A4%ED%8A%B8%EB%A7%81-%EB%B0%B1%ED%8C%A9/MWKFATA02CO001.html
MWKFATA02PZ001,Aren 비세토스 드로우스트링 백팩,1490000,Pink,ACTIVE,비세토스 모노그램 캔버스,천연 나파 가죽,스웨이드 마감의 극세사,18K 골드 도금 메탈 하드웨어,11 x 23 x 25,85 cm - 96 cm,8 cm,대한민국,탈부착 가능한 숄더 스트랩 | 가죽 탑 핸들 | 체인 핸들 | 앞면 플랩 포켓 | 마그네틱 스냅 클로저와 가죽 끈 조임 장치 | 내부 포켓,MWKFATA02CO001 | MWKGATA02I8001,https://images.mcmworldwide.com/i/mcmworldwide/MWKFATA02PZ001_01 | https://images.mcmworldwide.com/i/mcmworldwide/MWKFATA02PZ001_09 | https://images.mcmworldwide.com/i/mcmworldwide/MWKFATA02PZ001_02 | https://images.mcmworldwide.com/i/mcmworldwide/MWKFATA02PZ001_03 | https://images.mcmworldwide.com/i/mcmworldwide/MWKFATA02PZ001_04 | https://images.mcmworldwide.com/i/mcmworldwide/MWKFATA02PZ001_10,https://images.mcmworldwide.com/v/mcmworldwide/MWKFATA02PZ001_VID/webm_720p,https://kr.mcmworldwide.com/ko_KR/%EC%97%AC%EC%84%B1/%ED%95%B8%EB%93%9C%EB%B0%B1/%EB%B0%B1%ED%8C%A9-%EB%B2%A8%ED%8A%B8%EB%B0%B1/aren-%EB%B9%84%EC%84%B8%ED%86%A0%EC%8A%A4-%EB%93%9C%EB%A1%9C%EC%9A%B0%EC%8A%A4%ED%8A%B8%EB%A7%81-%EB%B0%B1%ED%8C%A9/MWKFATA02PZ001.html
MWKGATA02I8001,Aren 비세토스 드로우스트링 백팩,1490000,Beige,ACTIVE,비세토스 모노그램 캔버스,,스웨이드 마감의 극세사,16K 골드 도금 메탈 하드웨어,11 x 23 x 25,85 cm - 96 cm,8 cm,대한민국,탈부착 가능한 숄더 스트랩 | 가죽 탑 핸들 | 탈착 가능한 체인 핸들 | 앞면 플랩 포켓 | 마그네틱 스냅 클로저와 가죽 끈 조임 장치 | 버클 장식 | 내부 슬립 포켓 | 가죽 트림,MWKFATA02CO001 | MWKFATA02PZ001,https://images.mcmworldwide.com/i/mcmworldwide/MWKGATA02I8001_01 | https://images.mcmworldwide.com/i/mcmworldwide/MWKGATA02I8001_09 | https://images.mcmworldwide.com/i/mcmworldwide/MWKGATA02I8001_02 | https://images.mcmworldwide.com/i/mcmworldwide/MWKGATA02I8001_03 | https://images.mcmworldwide.com/i/mcmworldwide/MWKGATA02I8001_04 | https://images.mcmworldwide.com/i/mcmworldwide/MWKGATA02I8001_05 | https://images.mcmworldwide.com/i/mcmworldwide/MWKGATA02I8001_10,https://images.mcmworldwide.com/v/mcmworldwide/MWKGATA02I8001_VID/webm_720p,https://kr.mcmworldwide.com/ko_KR/%EC%97%AC%EC%84%B1/%ED%95%B8%EB%93%9C%EB%B0%B1/%EB%B0%B1%ED%8C%A9-%EB%B2%A8%ED%8A%B8%EB%B0%B1/aren-%EB%B9%84%EC%84%B8%ED%86%A0%EC%8A%A4-%EB%93%9C%EB%A1%9C%EC%9A%B0%EC%8A%A4%ED%8A%B8%EB%A7%81-%EB%B0%B1%ED%8C%A9/MWKGATA02I8001.html
MWKFATA02PZ001,Aren 비세토스 드로우스트링 백팩,1490000,Pink,ACTIVE,비세토스 모노그램 캔버스,천연 나파 가죽,스웨이드 마감의 극세사,18K 골드 도금 메탈 하드웨어,11 x 23 x 25,85 cm - 96 cm,8 cm,대한민국,탈부착 가능한 숄더 스트랩 | 가죽 탑 핸들 | 체인 핸들 | 앞면 플랩 포켓 | 마그네틱 스냅 클로저와 가죽 끈 조임 장치 | 내부 포켓,MWKFATA02CO001 | MWKGATA02I8001,https://images.mcmworldwide.com/i/mcmworldwide/MWKFATA02PZ001_01 | https://images.mcmworldwide.com/i/mcmworldwide/MWKFATA02PZ001_09 | https://images.mcmworldwide.com/i/mcmworldwide/MWKFATA02PZ001_02 | https://images.mcmworldwide.com/i/mcmworldwide/MWKFATA02PZ001_03 | https://images.mcmworldwide.com/i/mcmworldwide/MWKFATA02PZ001_04 | https://images.mcmworldwide.com/i/mcmworldwide/MWKFATA02PZ001_10,https://images.mcmworldwide.com/v/mcmworldwide/MWKFATA02PZ001_VID/webm_720p,https://kr.mcmworldwide.com/ko_KR/%EA%B0%80%EB%B0%A9/%EB%B0%B1%ED%8C%A9/aren-%EB%B9%84%EC%84%B8%ED%86%A0%EC%8A%A4-%EB%93%9C%EB%A1%9C%EC%9A%B0%EC%8A%A4%ED%8A%B8%EB%A7%81-%EB%B0%B1%ED%8C%A9/MWKFATA02PZ001.html
MWKGATA02I8001,Aren 비세토스 드로우스트링 백팩,1490000,Beige,ACTIVE,비세토스 모노그램 캔버스,,스웨이드 마감의 극세사,16K 골드 도금 메탈 하드웨어,11 x 23 x 25,85 cm - 96 cm,8 cm,대한민국,탈부착 가능한 숄더 스트랩 | 가죽 탑 핸들 | 탈착 가능한 체인 핸들 | 앞면 플랩 포켓 | 마그네틱 스냅 클로저와 가죽 끈 조임 장치 | 버클 장식 | 내부 슬립 포켓 | 가죽 트림,MWKFATA02CO001 | MWKFATA02PZ001,https://images.mcmworldwide.com/i/mcmworldwide/MWKGATA02I8001_01 | https://images.mcmworldwide.com/i/mcmworldwide/MWKGATA02I8001_09 | https://images.mcmworldwide.com/i/mcmworldwide/MWKGATA02I8001_02 | https://images.mcmworldwide.com/i/mcmworldwide/MWKGATA02I8001_03 | https://images.mcmworldwide.com/i/mcmworldwide/MWKGATA02I8001_04 | https://images.mcmworldwide.com/i/mcmworldwide/MWKGATA02I8001_05 | https://images.mcmworldwide.com/i/mcmworldwide/MWKGATA02I8001_10,https://images.mcmworldwide.com/v/mcmworldwide/MWKGATA02I8001_VID/webm_720p,https://kr.mcmworldwide.com/ko_KR/%EA%B0%80%EB%B0%A9/%EB%B0%B1%ED%8C%A9/aren-%EB%B9%84%EC%84%B8%ED%86%A0%EC%8A%A4-%EB%93%9C%EB%A1%9C%EC%9A%B0%EC%8A%A4%ED%8A%B8%EB%A7%81-%EB%B0%B1%ED%8C%A9/MWKGATA02I8001.html
MWKFATA03BK001,Aren ECONYL&reg;과 가죽 드로우스트링 백팩,1050000,Black,ACTIVE,ECONYL® 재생 나일론,비세토스 모노그램 프린트가 더해진 그레인 레더,패브릭,실버톤 코발트 메탈 하드웨어,11 x 23 x 25,85cm - 96cm,8cm,대한민국,탈부착 가능한 가죽 숄더 스트랩 | 가죽 탑 핸들 | 탈착 가능한 체인 핸들 | 앞면 플랩 포켓 | 바바리안 다이아몬드 메탈 버클 장식 | 마그네틱 스냅 클로저와 가죽 끈 조임 장치 | 내부 포켓,,https://images.mcmworldwide.com/i/mcmworldwide/MWKFATA03BK001_01 | https://images.mcmworldwide.com/i/mcmworldwide/MWKFATA03BK001_09 | https://images.mcmworldwide.com/i/mcmworldwide/MWKFATA03BK001_02 | https://images.mcmworldwide.com/i/mcmworldwide/MWKFATA03BK001_03 | https://images.mcmworldwide.com/i/mcmworldwide/MWKFATA03BK001_04 | https://images.mcmworldwide.com/i/mcmworldwide/MWKFATA03BK001_10 | https://images.mcmworldwide.com/i/mcmworldwide/MWKFATA03BK001_11,https://images.mcmworldwide.com/v/mcmworldwide/MWKFATA03BK001_VID/webm_720p,https://kr.mcmworldwide.com/ko_KR/%EA%B0%80%EB%B0%A9/%EB%B0%B1%ED%8C%A9/aren-econyl%C2%AE%EA%B3%BC-%EA%B0%80%EC%A3%BD-%EB%93%9C%EB%A1%9C%EC%9A%B0%EC%8A%A4%ED%8A%B8%EB%A7%81-%EB%B0%B1%ED%8C%A9/MWKFATA03BK001.html
MWKFATA03BK001,Aren ECONYL&reg;과 가죽 드로우스트링 백팩,1050000,Black,ACTIVE,ECONYL® 재생 나일론,비세토스 모노그램 프린트가 더해진 그레인 레더,패브릭,실버톤 코발트 메탈 하드웨어,11 x 23 x 25,85cm - 96cm,8cm,대한민국,탈부착 가능한 가죽 숄더 스트랩 | 가죽 탑 핸들 | 탈착 가능한 체인 핸들 | 앞면 플랩 포켓 | 바바리안 다이아몬드 메탈 버클 장식 | 마그네틱 스냅 클로저와 가죽 끈 조임 장치 | 내부 포켓,,https://images.mcmworldwide.com/i/mcmworldwide/MWKFATA03BK001_01 | https://images.mcmworldwide.com/i/mcmworldwide/MWKFATA03BK001_09 | https://images.mcmworldwide.com/i/mcmworldwide/MWKFATA03BK001_02 | https://images.mcmworldwide.com/i/mcmworldwide/MWKFATA03BK001_03 | https://images.mcmworldwide.com/i/mcmworldwide/MWKFATA03BK001_04 | https://images.mcmworldwide.com/i/mcmworldwide/MWKFATA03BK001_10 | https://images.mcmworldwide.com/i/mcmworldwide/MWKFATA03BK001_11,https://images.mcmworldwide.com/v/mcmworldwide/MWKFATA03BK001_VID/webm_720p,https://kr.mcmworldwide.com/ko_KR/%EC%97%AC%EC%84%B1/%ED%95%B8%EB%93%9C%EB%B0%B1/%EB%B0%B1%ED%8C%A9-%EB%B2%A8%ED%8A%B8%EB%B0%B1/aren-econyl%C2%AE%EA%B3%BC-%EA%B0%80%EC%A3%BD-%EB%93%9C%EB%A1%9C%EC%9A%B0%EC%8A%A4%ED%8A%B8%EB%A7%81-%EB%B0%B1%ED%8C%A9/MWKFATA03BK001.html
MWKGSTA01QA001,Aren 맥시 모노그램 가죽 드로우스트링 백팩,1990000,Pink,ACTIVE,천연 풀 그레인 레더,,스웨이드 마감의 극세사,16K 골드 도금 메탈 하드웨어,11 x 23 x 25,85cm - 96cm,8cm,이탈리아,탈부착 가능한 숄더 스트랩 | 가죽 탑 핸들 | 탈착 가능한 체인 핸들 | 앞면 플랩 포켓 | 마그네틱 스냅 클로저와 가죽 끈 조임 장치 | 버클 장식 | 내부 슬립 포켓,,https://images.mcmworldwide.com/i/mcmworldwide/MWKGSTA01QA001_01 | https://images.mcmworldwide.com/i/mcmworldwide/MWKGSTA01QA001_09 | https://images.mcmworldwide.com/i/mcmworldwide/MWKGSTA01QA001_02 | https://images.mcmworldwide.com/i/mcmworldwide/MWKGSTA01QA001_03 | https://images.mcmworldwide.com/i/mcmworldwide/MWKGSTA01QA001_04 | https://images.mcmworldwide.com/i/mcmworldwide/MWKGSTA01QA001_05 | https://images.mcmworldwide.com/i/mcmworldwide/MWKGSTA01QA001_10 | https://images.mcmworldwide.com/i/mcmworldwide/MWKGSTA01QA001_11,,https://kr.mcmworldwide.com/ko_KR/%EA%B0%80%EB%B0%A9/%EB%B0%B1%ED%8C%A9/aren-%EB%A7%A5%EC%8B%9C-%EB%AA%A8%EB%85%B8%EA%B7%B8%EB%9E%A8-%EA%B0%80%EC%A3%BD-%EB%93%9C%EB%A1%9C%EC%9A%B0%EC%8A%A4%ED%8A%B8%EB%A7%81-%EB%B0%B1%ED%8C%A9/MWKGSTA01QA001.html
MWKGSTA01QA001,Aren 맥시 모노그램 가죽 드로우스트링 백팩,1990000,Pink,ACTIVE,천연 풀 그레인 레더,,스웨이드 마감의 극세사,16K 골드 도금 메탈 하드웨어,11 x 23 x 25,85cm - 96cm,8cm,이탈리아,탈부착 가능한 숄더 스트랩 | 가죽 탑 핸들 | 탈착 가능한 체인 핸들 | 앞면 플랩 포켓 | 마그네틱 스냅 클로저와 가죽 끈 조임 장치 | 버클 장식 | 내부 슬립 포켓,,https://images.mcmworldwide.com/i/mcmworldwide/MWKGSTA01QA001_01 | https://images.mcmworldwide.com/i/mcmworldwide/MWKGSTA01QA001_09 | https://images.mcmworldwide.com/i/mcmworldwide/MWKGSTA01QA001_02 | https://images.mcmworldwide.com/i/mcmworldwide/MWKGSTA01QA001_03 | https://images.mcmworldwide.com/i/mcmworldwide/MWKGSTA01QA001_04 | https://images.mcmworldwide.com/i/mcmworldwide/MWKGSTA01QA001_05 | https://images.mcmworldwide.com/i/mcmworldwide/MWKGSTA01QA001_10 | https://images.mcmworldwide.com/i/mcmworldwide/MWKGSTA01QA001_11,,https://kr.mcmworldwide.com/ko_KR/%EC%97%AC%EC%84%B1/%ED%95%B8%EB%93%9C%EB%B0%B1/%EB%B0%B1%ED%8C%A9-%EB%B2%A8%ED%8A%B8%EB%B0%B1/aren-%EB%A7%A5%EC%8B%9C-%EB%AA%A8%EB%85%B8%EA%B7%B8%EB%9E%A8-%EA%B0%80%EC%A3%BD-%EB%93%9C%EB%A1%9C%EC%9A%B0%EC%8A%A4%ED%8A%B8%EB%A7%81-%EB%B0%B1%ED%8C%A9/MWKGSTA01QA001.html
MWKGSAK01BK001,디아망뜨 양가죽 3D 백팩,2590000,Black,ACTIVE,이탈리안 고트스킨,,스웨이드 마감의 극세사,바이에른 다이아몬드 브라스 버클이 더해진 길이 조절이 가능한 숄더 스트랩 | 24K 골드 도금 브라스 하드웨어,15 x 28 x 32,,,이탈리아,가죽 탑 핸들 | MCM 로고 모티프 | 뒷면 외부 포켓 | 레더 풀러가 있는 양방향 지퍼 잠금 장치 | 다이아몬드 가죽 패치가 더해진 내부 지퍼 수납공간,,https://images.mcmworldwide.com/i/mcmworldwide/MWKGSAK01BK001_01 | https://images.mcmworldwide.com/i/mcmworldwide/MWKGSAK01BK001_09 | https://images.mcmworldwide.com/i/mcmworldwide/MWKGSAK01BK001_02 | https://images.mcmworldwide.com/i/mcmworldwide/MWKGSAK01BK001_03 | https://images.mcmworldwide.com/i/mcmworldwide/MWKGSAK01BK001_04 | https://images.mcmworldwide.com/i/mcmworldwide/MWKGSAK01BK001_05 | https://images.mcmworldwide.com/i/mcmworldwide/MWKGSAK01BK001_10 | https://images.mcmworldwide.com/i/mcmworldwide/MWKGSAK01BK001_11,,https://kr.mcmworldwide.com/ko_KR/%EA%B0%80%EB%B0%A9/%EB%B0%B1%ED%8C%A9/%EB%94%94%EC%95%84%EB%A7%9D%EB%9C%A8-%EC%96%91%EA%B0%80%EC%A3%BD-3d-%EB%B0%B1%ED%8C%A9/MWKGSAK01BK001.html
MWKGSAK01BK001,디아망뜨 양가죽 3D 백팩,2590000,Black,ACTIVE,이탈리안 고트스킨,,스웨이드 마감의 극세사,바이에른 다이아몬드 브라스 버클이 더해진 길이 조절이 가능한 숄더 스트랩 | 24K 골드 도금 브라스 하드웨어,15 x 28 x 32,,,이탈리아,가죽 탑 핸들 | MCM 로고 모티프 | 뒷면 외부 포켓 | 레더 풀러가 있는 양방향 지퍼 잠금 장치 | 다이아몬드 가죽 패치가 더해진 내부 지퍼 수납공간,,https://images.mcmworldwide.com/i/mcmworldwide/MWKGSAK01BK001_01 | https://images.mcmworldwide.com/i/mcmworldwide/MWKGSAK01BK001_09 | https://images.mcmworldwide.com/i/mcmworldwide/MWKGSAK01BK001_02 | https://images.mcmworldwide.com/i/mcmworldwide/MWKGSAK01BK001_03 | https://images.mcmworldwide.com/i/mcmworldwide/MWKGSAK01BK001_04 | https://images.mcmworldwide.com/i/mcmworldwide/MWKGSAK01BK001_05 | https://images.mcmworldwide.com/i/mcmworldwide/MWKGSAK01BK001_10 | https://images.mcmworldwide.com/i/mcmworldwide/MWKGSAK01BK001_11,,https://kr.mcmworldwide.com/ko_KR/%EC%97%AC%EC%84%B1/%ED%95%B8%EB%93%9C%EB%B0%B1/%EB%B0%B1%ED%8C%A9-%EB%B2%A8%ED%8A%B8%EB%B0%B1/%EB%94%94%EC%95%84%EB%A7%9D%EB%9C%A8-%EC%96%91%EA%B0%80%EC%A3%BD-3d-%EB%B0%B1%ED%8C%A9/MWKGSAK01BK001.html
MMKEAVE05CO001,스타크 모노그램 나일론 패커블 백팩,930000,Cognac,ACTIVE,나일론 100%,천연 나파 가죽,나일론 100%,다크 톤 금속 장식,14 x 32 x 41,76cm ~ 90cm,8cm,대한민국,조절 가능한 어깨 스트랩 | 손잡이 부분 | 지퍼 파우치로 변형되는 패커블 디자인 | 전면 지퍼 수납공간 | 앞면의 MCM 로고 플레이트. | 양방향 지퍼 클로저,MMKGSVE09BK001,https://images.mcmworldwide.com/i/mcmworldwide/MMKEAVE05CO001_01 | https://images.mcmworldwide.com/i/mcmworldwide/MMKEAVE05CO001_02 | https://images.mcmworldwide.com/i/mcmworldwide/MMKEAVE05CO001_03 | https://images.mcmworldwide.com/i/mcmworldwide/MMKEAVE05CO001_04 | https://images.mcmworldwide.com/i/mcmworldwide/MMKEAVE05CO001_05,,https://kr.mcmworldwide.com/ko_KR/%EA%B0%80%EB%B0%A9/%EB%B0%B1%ED%8C%A9/%EC%8A%A4%ED%83%80%ED%81%AC-%EB%AA%A8%EB%85%B8%EA%B7%B8%EB%9E%A8-%EB%82%98%EC%9D%BC%EB%A1%A0-%ED%8C%A8%EC%BB%A4%EB%B8%94-%EB%B0%B1%ED%8C%A9/MMKEAVE05CO001.html
MMKEAVE05CO001,스타크 모노그램 나일론 패커블 백팩,930000,Cognac,ACTIVE,나일론 100%,천연 나파 가죽,나일론 100%,다크 톤 금속 장식,14 x 32 x 41,76cm ~ 90cm,8cm,대한민국,조절 가능한 어깨 스트랩 | 손잡이 부분 | 지퍼 파우치로 변형되는 패커블 디자인 | 전면 지퍼 수납공간 | 앞면의 MCM 로고 플레이트. | 양방향 지퍼 클로저,MMKGSVE09BK001,https://images.mcmworldwide.com/i/mcmworldwide/MMKEAVE05CO001_01 | https://images.mcmworldwide.com/i/mcmworldwide/MMKEAVE05CO001_02 | https://images.mcmworldwide.com/i/mcmworldwide/MMKEAVE05CO001_03 | https://images.mcmworldwide.com/i/mcmworldwide/MMKEAVE05CO001_04 | https://images.mcmworldwide.com/i/mcmworldwide/MMKEAVE05CO001_05,,https://kr.mcmworldwide.com/ko_KR/%EB%82%A8%EC%84%B1/%EA%B0%80%EB%B0%A9/%EB%B0%B1%ED%8C%A9/%EC%8A%A4%ED%83%80%ED%81%AC-%EB%AA%A8%EB%85%B8%EA%B7%B8%EB%9E%A8-%EB%82%98%EC%9D%BC%EB%A1%A0-%ED%8C%A8%EC%BB%A4%EB%B8%94-%EB%B0%B1%ED%8C%A9/MMKEAVE05CO001.html
MMKGSVE09BK001,Stark 모노그램 나일론 패커블 백팩,930000,Black,ACTIVE,100% 나일론,천연 가죽,100% 나일론,로고 브라스 플레이트 | 무광 블랙 메탈 하드웨어,14 x 32 x 41,76 cm to 90 cm,8 cm,대한민국,길이 조절이 가능한 숄더 스트랩 | 탑 핸들 | 지퍼 파우치로 변형 가능한 패커블 디자인 | 비세토스 모노그램 전면 프린트 | 앞면 지퍼 포켓 | 양방향 지퍼 클로저,MMKEAVE05CO001,https://images.mcmworldwide.com/i/mcmworldwide/MMKGSVE09BK001_01 | https://images.mcmworldwide.com/i/mcmworldwide/MMKGSVE09BK001_09 | https://images.mcmworldwide.com/i/mcmworldwide/MMKGSVE09BK001_02 | https://images.mcmworldwide.com/i/mcmworldwide/MMKGSVE09BK001_03 | https://images.mcmworldwide.com/i/mcmworldwide/MMKGSVE09BK001_04 | https://images.mcmworldwide.com/i/mcmworldwide/MMKGSVE09BK001_05 | https://images.mcmworldwide.com/i/mcmworldwide/MMKGSVE09BK001_06 | https://images.mcmworldwide.com/i/mcmworldwide/MMKGSVE09BK001_10 | https://images.mcmworldwide.com/i/mcmworldwide/MMKGSVE09BK001_11,https://images.mcmworldwide.com/v/mcmworldwide/MMKGSVE09BK001_VID/webm_720p,https://kr.mcmworldwide.com/ko_KR/%EB%82%A8%EC%84%B1/%EA%B0%80%EB%B0%A9/%EB%B0%B1%ED%8C%A9/stark-%EB%AA%A8%EB%85%B8%EA%B7%B8%EB%9E%A8-%EB%82%98%EC%9D%BC%EB%A1%A0-%ED%8C%A8%EC%BB%A4%EB%B8%94-%EB%B0%B1%ED%8C%A9/MMKGSVE09BK001.html
MMKGSVE09BK001,Stark 모노그램 나일론 패커블 백팩,930000,Black,ACTIVE,100% 나일론,천연 가죽,100% 나일론,로고 브라스 플레이트 | 무광 블랙 메탈 하드웨어,14 x 32 x 41,76 cm to 90 cm,8 cm,대한민국,길이 조절이 가능한 숄더 스트랩 | 탑 핸들 | 지퍼 파우치로 변형 가능한 패커블 디자인 | 비세토스 모노그램 전면 프린트 | 앞면 지퍼 포켓 | 양방향 지퍼 클로저,MMKEAVE05CO001,https://images.mcmworldwide.com/i/mcmworldwide/MMKGSVE09BK001_01 | https://images.mcmworldwide.com/i/mcmworldwide/MMKGSVE09BK001_09 | https://images.mcmworldwide.com/i/mcmworldwide/MMKGSVE09BK001_02 | https://images.mcmworldwide.com/i/mcmworldwide/MMKGSVE09BK001_03 | https://images.mcmworldwide.com/i/mcmworldwide/MMKGSVE09BK001_04 | https://images.mcmworldwide.com/i/mcmworldwide/MMKGSVE09BK001_05 | https://images.mcmworldwide.com/i/mcmworldwide/MMKGSVE09BK001_06 | https://images.mcmworldwide.com/i/mcmworldwide/MMKGSVE09BK001_10 | https://images.mcmworldwide.com/i/mcmworldwide/MMKGSVE09BK001_11,https://images.mcmworldwide.com/v/mcmworldwide/MMKGSVE09BK001_VID/webm_720p,https://kr.mcmworldwide.com/ko_KR/%EA%B0%80%EB%B0%A9/%EB%B0%B1%ED%8C%A9/stark-%EB%AA%A8%EB%85%B8%EA%B7%B8%EB%9E%A8-%EB%82%98%EC%9D%BC%EB%A1%A0-%ED%8C%A8%EC%BB%A4%EB%B8%94-%EB%B0%B1%ED%8C%A9/MMKGSVE09BK001.html
MMKDAVE02VC001,Stark 맥시 모노그램 레더 백팩,2390000,Blue,ACTIVE,천연 나파 가죽,,스웨이드 마감 마이크로파이버,실버톤 코발트 금속 장식,15 x 33 x 42,75cm~89cm,7.5cm,대한민국,조절 가능한 어깨 스트랩 | 레더 손잡이 부분 | 엠보스드 맥시 모노그램 | 전면 지퍼 수납공간 | 외부 측면 포켓 | 양방향 지퍼 클로저 | 내부 포켓 및 13인치 노트북과 태블릿을 위한 슬리브 | 패딩 뒷면 패널,MMKDAVE02BK001,https://images.mcmworldwide.com/i/mcmworldwide/MMKDAVE02VC001_01 | https://images.mcmworldwide.com/i/mcmworldwide/MMKDAVE02VC001_09 | https://images.mcmworldwide.com/i/mcmworldwide/MMKDAVE02VC001_02 | https://images.mcmworldwide.com/i/mcmworldwide/MMKDAVE02VC001_03 | https://images.mcmworldwide.com/i/mcmworldwide/MMKDAVE02VC001_04 | https://images.mcmworldwide.com/i/mcmworldwide/MMKDAVE02VC001_10 | https://images.mcmworldwide.com/i/mcmworldwide/MMKDAVE02VC001_11,https://images.mcmworldwide.com/v/mcmworldwide/MMKDAVE02VC001_VID/webm_720p,https://kr.mcmworldwide.com/ko_KR/%EA%B0%80%EB%B0%A9/%EB%B0%B1%ED%8C%A9/stark-%EB%A7%A5%EC%8B%9C-%EB%AA%A8%EB%85%B8%EA%B7%B8%EB%9E%A8-%EB%A0%88%EB%8D%94-%EB%B0%B1%ED%8C%A9/MMKDAVE02VC001.html
MMKDAVE02BK001,Stark 맥시 모노그램 레더 백팩,2390000,Black,ACTIVE,천연 나파 가죽,,스웨이드 마감 마이크로파이버,다크 금속 장식,15 x 33 x 42,75cm~89cm,7.5cm,대한민국,로고 우븐 패브릭 어깨 스트랩 | 가죽 손잡이 부분 | 엠보스드 맥시 비세토스 모노그램 | 전면 지퍼 수납공간 | 옆면 슬립 포켓 | 양방향 지퍼 클로저 | 내부 포켓 및 13인치 노트북과 태블릿을 위한 슬리브 | 패딩 뒷면 패널,MMKDAVE02VC001,https://images.mcmworldwide.com/i/mcmworldwide/MMKDAVE02BK001_01 | https://images.mcmworldwide.com/i/mcmworldwide/MMKDAVE02BK001_09 | https://images.mcmworldwide.com/i/mcmworldwide/MMKDAVE02BK001_02 | https://images.mcmworldwide.com/i/mcmworldwide/MMKDAVE02BK001_03 | https://images.mcmworldwide.com/i/mcmworldwide/MMKDAVE02BK001_04 | https://images.mcmworldwide.com/i/mcmworldwide/MMKDAVE02BK001_10 | https://images.mcmworldwide.com/i/mcmworldwide/MMKDAVE02BK001_11 | https://images.mcmworldwide.com/i/mcmworldwide/MMKDAVE02BK001_12,https://images.mcmworldwide.com/v/mcmworldwide/MMKDAVE02BK001_VID/webm_720p,https://kr.mcmworldwide.com/ko_KR/%EA%B0%80%EB%B0%A9/%EB%B0%B1%ED%8C%A9/stark-%EB%A7%A5%EC%8B%9C-%EB%AA%A8%EB%85%B8%EA%B7%B8%EB%9E%A8-%EB%A0%88%EB%8D%94-%EB%B0%B1%ED%8C%A9/MMKDAVE02BK001.html
MMKGSVE04BK001,Stark 맥시 모노그램 레더 백팩,2090000,Black,ACTIVE,천연 풀 그레인 레더,,스웨이드 마감의 극세사,다크 메탈 하드웨어,14 x 28 x 35,75 cm - 89 cm,6 cm,이탈리아,로고 우븐 패브릭 숄더 스트랩 | 가죽 탑 핸들 | 엠보싱 처리된 맥시 비세토스 모노그램 | 앞면 지퍼 포켓 | 외부 사이드 슬립 포켓 | 양방향 지퍼 클로저 | 내부 수납공간 | Padded back panel,,https://images.mcmworldwide.com/i/mcmworldwide/MMKGSVE04BK001_01 | https://images.mcmworldwide.com/i/mcmworldwide/MMKGSVE04BK001_09 | https://images.mcmworldwide.com/i/mcmworldwide/MMKGSVE04BK001_02 | https://images.mcmworldwide.com/i/mcmworldwide/MMKGSVE04BK001_03 | https://images.mcmworldwide.com/i/mcmworldwide/MMKGSVE04BK001_04 | https://images.mcmworldwide.com/i/mcmworldwide/MMKGSVE04BK001_05 | https://images.mcmworldwide.com/i/mcmworldwide/MMKGSVE04BK001_10 | https://images.mcmworldwide.com/i/mcmworldwide/MMKGSVE04BK001_11,https://images.mcmworldwide.com/v/mcmworldwide/MMKGSVE04BK001_VID/webm_720p,https://kr.mcmworldwide.com/ko_KR/%EA%B0%80%EB%B0%A9/%EB%B0%B1%ED%8C%A9/stark-%EB%A7%A5%EC%8B%9C-%EB%AA%A8%EB%85%B8%EA%B7%B8%EB%9E%A8-%EB%A0%88%EB%8D%94-%EB%B0%B1%ED%8C%A9/MMKGSVE04BK001.html
MWKGATA01BK001,Pina 스터드 장식 카프스킨 드로우스트링 백팩,2390000,Black,ACTIVE,100% 카프스킨,,스웨이드 마감의 극세사,로고 브라스 플레이트 | 24K 골드 도금 브라스 하드웨어,11 x 23 x 25,85cm - 96cm,8cm,이탈리아,탈부착 가능한 가죽 숄더 스트랩 | 가죽 탑 핸들 | 체인 핸들 | 금속 로고 스터드 장식 | 앞면 플랩 포켓 | 마그네틱 스냅 클로저와 가죽 끈 조임 장치 | 내부 포켓,,https://images.mcmworldwide.com/i/mcmworldwide/MWKGATA01BK001_01 | https://images.mcmworldwide.com/i/mcmworldwide/MWKGATA01BK001_09 | https://images.mcmworldwide.com/i/mcmworldwide/MWKGATA01BK001_02 | https://images.mcmworldwide.com/i/mcmworldwide/MWKGATA01BK001_03 | https://images.mcmworldwide.com/i/mcmworldwide/MWKGATA01BK001_04 | https://images.mcmworldwide.com/i/mcmworldwide/MWKGATA01BK001_05 | https://images.mcmworldwide.com/i/mcmworldwide/MWKGATA01BK001_10,,https://kr.mcmworldwide.com/ko_KR/%EC%97%AC%EC%84%B1/%ED%95%B8%EB%93%9C%EB%B0%B1/%EB%AA%A8%EB%91%90%EB%B3%B4%EA%B8%B0/pina-%EC%8A%A4%ED%84%B0%EB%93%9C-%EC%9E%A5%EC%8B%9D-%EC%B9%B4%ED%94%84%EC%8A%A4%ED%82%A8-%EB%93%9C%EB%A1%9C%EC%9A%B0%EC%8A%A4%ED%8A%B8%EB%A7%81-%EB%B0%B1%ED%8C%A9/MWKGATA01BK001.html
MWRGAOB03BK001,Pina 스터드 장식 카프스킨 탬버린 백,2250000,Black,ACTIVE,100% 카프스킨,,스웨이드 마감의 극세사,24K 골드 도금 브라스 하드웨어,6 x 19 x 19,120.5 cm to 140.5 cm,4 cm,이탈리아,탈부착이 가능하며 길이 조절이 가능한 가죽 크로스바디 스트랩 | 탈부착 가능한 가죽 태슬 장식 | 뒷면 가죽 벨트 루프 | 지퍼 클로저 | 내부 카드 슬롯,,https://images.mcmworldwide.com/i/mcmworldwide/MWRGAOB03BK001_01 | https://images.mcmworldwide.com/i/mcmworldwide/MWRGAOB03BK001_09 | https://images.mcmworldwide.com/i/mcmworldwide/MWRGAOB03BK001_02 | https://images.mcmworldwide.com/i/mcmworldwide/MWRGAOB03BK001_03 | https://images.mcmworldwide.com/i/mcmworldwide/MWRGAOB03BK001_04 | https://images.mcmworldwide.com/i/mcmworldwide/MWRGAOB03BK001_05 | https://images.mcmworldwide.com/i/mcmworldwide/MWRGAOB03BK001_10 | https://images.mcmworldwide.com/i/mcmworldwide/MWRGAOB03BK001_11,,https://kr.mcmworldwide.com/ko_KR/%EC%97%AC%EC%84%B1/%ED%95%B8%EB%93%9C%EB%B0%B1/%EB%AA%A8%EB%91%90%EB%B3%B4%EA%B8%B0/pina-%EC%8A%A4%ED%84%B0%EB%93%9C-%EC%9E%A5%EC%8B%9D-%EC%B9%B4%ED%94%84%EC%8A%A4%ED%82%A8-%ED%83%AC%EB%B2%84%EB%A6%B0-%EB%B0%B1/MWRGAOB03BK001.html
MWDGADU03BK001,Pina 스터드 장식 카프스킨 드로우스트링 백,1790000,Black,ACTIVE,100% 카프스킨,,스웨이드 마감의 극세사,로고 브라스 플레이트 | 24K 골드 도금 브라스 하드웨어,18 x 30 x 34,96cm - 120cm,19cm,이탈리아,탈부착이 가능하며 길이 조절이 가능한 가죽 스트랩 | 금속 로고 스터드 장식 | 가죽 드로스트링 잠금장치,,https://images.mcmworldwide.com/i/mcmworldwide/MWDGADU03BK001_01 | https://images.mcmworldwide.com/i/mcmworldwide/MWDGADU03BK001_09 | https://images.mcmworldwide.com/i/mcmworldwide/MWDGADU03BK001_02 | https://images.mcmworldwide.com/i/mcmworldwide/MWDGADU03BK001_03 | https://images.mcmworldwide.com/i/mcmworldwide/MWDGADU03BK001_04 | https://images.mcmworldwide.com/i/mcmworldwide/MWDGADU03BK001_05 | https://images.mcmworldwide.com/i/mcmworldwide/MWDGADU03BK001_10,https://images.mcmworldwide.com/v/mcmworldwide/MWDGADU03BK001_VID/webm_720p,https://kr.mcmworldwide.com/ko_KR/%EC%97%AC%EC%84%B1/%ED%95%B8%EB%93%9C%EB%B0%B1/%EB%AA%A8%EB%91%90%EB%B3%B4%EA%B8%B0/pina-%EC%8A%A4%ED%84%B0%EB%93%9C-%EC%9E%A5%EC%8B%9D-%EC%B9%B4%ED%94%84%EC%8A%A4%ED%82%A8-%EB%93%9C%EB%A1%9C%EC%9A%B0%EC%8A%A4%ED%8A%B8%EB%A7%81-%EB%B0%B1/MWDGADU03BK001.html
MWRGATA01BK001,Pina 스터드 장식 카프스킨 베니티 케이스,1550000,Black,ACTIVE,100% 카프스킨,,스웨이드 마감의 극세사,로고 브라스 플레이트 | 24K 골드 도금 브라스 하드웨어,6 x 19 x 12,103cm - 135cm,60cm,이탈리아,탈부착이 가능하며 길이 조절이 가능한 가죽 스트랩 | 가죽 탑 핸들 | 가죽 태슬 장식 | 메탈 로고 스터드 | 양방향 지퍼 클로저 | 내부 카드 슬롯,,https://images.mcmworldwide.com/i/mcmworldwide/MWRGATA01BK001_01 | https://images.mcmworldwide.com/i/mcmworldwide/MWRGATA01BK001_09 | https://images.mcmworldwide.com/i/mcmworldwide/MWRGATA01BK001_02 | https://images.mcmworldwide.com/i/mcmworldwide/MWRGATA01BK001_03 | https://images.mcmworldwide.com/i/mcmworldwide/MWRGATA01BK001_04 | https://images.mcmworldwide.com/i/mcmworldwide/MWRGATA01BK001_05 | https://images.mcmworldwide.com/i/mcmworldwide/MWRGATA01BK001_10 | https://images.mcmworldwide.com/i/mcmworldwide/MWRGATA01BK001_11,,https://kr.mcmworldwide.com/ko_KR/%EC%97%AC%EC%84%B1/%ED%95%B8%EB%93%9C%EB%B0%B1/%EB%AA%A8%EB%91%90%EB%B3%B4%EA%B8%B0/pina-%EC%8A%A4%ED%84%B0%EB%93%9C-%EC%9E%A5%EC%8B%9D-%EC%B9%B4%ED%94%84%EC%8A%A4%ED%82%A8-%EB%B2%A0%EB%8B%88%ED%8B%B0-%EC%BC%80%EC%9D%B4%EC%8A%A4/MWRGATA01BK001.html
MWHGAXT03CO001,Tracy 비세토스 호보,1690000,Cognac,ACTIVE,비세토스 모노그램 캔버스,나파 가죽,스웨이드 마감의 극세사,24K 골드 도금 브라스 하드웨어,11 x 33 x 31,73cm - 105cm,,대한민국,탈부착이 가능하며 길이 조절이 가능한 가죽 스트랩 | 가죽 스트랩 잠금 장치가 있는 로고 자물쇠 | 내부 슬립 포켓 및 지퍼 수납공간,,https://images.mcmworldwide.com/i/mcmworldwide/MWHGAXT03CO001_01 | https://images.mcmworldwide.com/i/mcmworldwide/MWHGAXT03CO001_09 | https://images.mcmworldwide.com/i/mcmworldwide/MWHGAXT03CO001_02 | https://images.mcmworldwide.com/i/mcmworldwide/MWHGAXT03CO001_03 | https://images.mcmworldwide.com/i/mcmworldwide/MWHGAXT03CO001_04 | https://images.mcmworldwide.com/i/mcmworldwide/MWHGAXT03CO001_05 | https://images.mcmworldwide.com/i/mcmworldwide/MWHGAXT03CO001_06 | https://images.mcmworldwide.com/i/mcmworldwide/MWHGAXT03CO001_10 | https://images.mcmworldwide.com/i/mcmworldwide/MWHGAXT03CO001_11 | https://images.mcmworldwide.com/i/mcmworldwide/MWHGAXT03CO001_12,https://images.mcmworldwide.com/v/mcmworldwide/MWHGAXT03CO001_VID/webm_720p,https://kr.mcmworldwide.com/ko_KR/%EC%97%AC%EC%84%B1/%ED%95%B8%EB%93%9C%EB%B0%B1/%EB%AA%A8%EB%91%90%EB%B3%B4%EA%B8%B0/tracy-%EB%B9%84%EC%84%B8%ED%86%A0%EC%8A%A4-%ED%98%B8%EB%B3%B4/MWHGAXT03CO001.html
MWSGAXT03CO001,Tracy 비세토스 숄더백,1450000,Cognac,ACTIVE,비세토스 모노그램 캔버스,나파 가죽,스웨이드 마감의 극세사,24K 골드 도금 브라스 하드웨어,7 x 25 x 15,109cm - 134cm,,대한민국,탈부착이 가능하며 길이 조절이 가능한 가죽 스트랩 | 가죽 스트랩 잠금 장치가 있는 자물쇠 | 내부 슬립 포켓 및 지퍼 수납공간,,https://images.mcmworldwide.com/i/mcmworldwide/MWSGAXT03CO001_01 | https://images.mcmworldwide.com/i/mcmworldwide/MWSGAXT03CO001_09 | https://images.mcmworldwide.com/i/mcmworldwide/MWSGAXT03CO001_02 | https://images.mcmworldwide.com/i/mcmworldwide/MWSGAXT03CO001_03 | https://images.mcmworldwide.com/i/mcmworldwide/MWSGAXT03CO001_04 | https://images.mcmworldwide.com/i/mcmworldwide/MWSGAXT03CO001_05 | https://images.mcmworldwide.com/i/mcmworldwide/MWSGAXT03CO001_06 | https://images.mcmworldwide.com/i/mcmworldwide/MWSGAXT03CO001_10 | https://images.mcmworldwide.com/i/mcmworldwide/MWSGAXT03CO001_11 | https://images.mcmworldwide.com/i/mcmworldwide/MWSGAXT03CO001_12,https://images.mcmworldwide.com/v/mcmworldwide/MWSGAXT03CO001_VID/webm_720p,https://kr.mcmworldwide.com/ko_KR/%EC%97%AC%EC%84%B1/%ED%95%B8%EB%93%9C%EB%B0%B1/%EB%AA%A8%EB%91%90%EB%B3%B4%EA%B8%B0/tracy-%EB%B9%84%EC%84%B8%ED%86%A0%EC%8A%A4-%EC%88%84%EB%8D%94%EB%B0%B1/MWSGAXT03CO001.html
MWRGAOB01CO001,Pina 비세토스 탬버린 백,1690000,Cognac,ACTIVE,비세토스 모노그램 캔버스,스터드 장식 나파 가죽,스웨이드 마감의 극세사,24K 골드 도금 브라스 하드웨어,6 x 19 x 19,120.5 cm to 140.5 cm,4 cm,대한민국,탈부착이 가능하며 길이 조절이 가능한 가죽 크로스바디 스트랩 | 탈부착 가능한 가죽 태슬 장식 | 뒷면 가죽 벨트 루프 | 지퍼 클로저 | 내부 카드 슬롯,,https://images.mcmworldwide.com/i/mcmworldwide/MWRGAOB01CO001_01 | https://images.mcmworldwide.com/i/mcmworldwide/MWRGAOB01CO001_09 | https://images.mcmworldwide.com/i/mcmworldwide/MWRGAOB01CO001_02 | https://images.mcmworldwide.com/i/mcmworldwide/MWRGAOB01CO001_03 | https://images.mcmworldwide.com/i/mcmworldwide/MWRGAOB01CO001_04 | https://images.mcmworldwide.com/i/mcmworldwide/MWRGAOB01CO001_05 | https://images.mcmworldwide.com/i/mcmworldwide/MWRGAOB01CO001_10 | https://images.mcmworldwide.com/i/mcmworldwide/MWRGAOB01CO001_11,https://images.mcmworldwide.com/v/mcmworldwide/MWRGAOB01CO001_VID/webm_720p,https://kr.mcmworldwide.com/ko_KR/%EC%97%AC%EC%84%B1/%ED%95%B8%EB%93%9C%EB%B0%B1/%EB%AA%A8%EB%91%90%EB%B3%B4%EA%B8%B0/pina-%EB%B9%84%EC%84%B8%ED%86%A0%EC%8A%A4-%ED%83%AC%EB%B2%84%EB%A6%B0-%EB%B0%B1-/MWRGAOB01CO001.html
MYZGATA05CO001,Aren 비세토스 트라이엥글 크로스바디,790000,Cognac,ACTIVE,Visetos monogram canvas,Nappa leather,Microfiber with suede finish,Logo brass plate | 24k gold-plated brass hardware,6 x 24 x 19,104 cm to 128 cm,55 cm,대한민국,"Detachable, adjustable crossbody leather strap | Zip closure | Interior card slots | Rear leather belt loops",,https://images.mcmworldwide.com/i/mcmworldwide/MYZGATA05CO001_01 | https://images.mcmworldwide.com/i/mcmworldwide/MYZGATA05CO001_09 | https://images.mcmworldwide.com/i/mcmworldwide/MYZGATA05CO001_02 | https://images.mcmworldwide.com/i/mcmworldwide/MYZGATA05CO001_03 | https://images.mcmworldwide.com/i/mcmworldwide/MYZGATA05CO001_04 | https://images.mcmworldwide.com/i/mcmworldwide/MYZGATA05CO001_05 | https://images.mcmworldwide.com/i/mcmworldwide/MYZGATA05CO001_06 | https://images.mcmworldwide.com/i/mcmworldwide/MYZGATA05CO001_10 | https://images.mcmworldwide.com/i/mcmworldwide/MYZGATA05CO001_11,,https://kr.mcmworldwide.com/ko_KR/%EC%97%AC%EC%84%B1/%ED%95%B8%EB%93%9C%EB%B0%B1/%EB%AA%A8%EB%91%90%EB%B3%B4%EA%B8%B0/aren-%EB%B9%84%EC%84%B8%ED%86%A0%EC%8A%A4-%ED%8A%B8%EB%9D%BC%EC%9D%B4%EC%97%A5%EA%B8%80-%ED%81%AC%EB%A1%9C%EC%8A%A4%EB%B0%94%EB%94%94/MYZGATA05CO001.html
MMKGATA02BK001,Aren 노바 모노그램 ECONYL&reg; 백팩,1450000,Black,ACTIVE,ECONYL® 재생 나일론,,패브릭,로고 브라스 플레이트,9 x 31 x 43,77cm - 92 cm,6cm,대한민국,길이 조절이 가능한 숄더 스트랩 | 비세토스 모노그램 모티프 | 지퍼 클로저 | Interior zip pocket | 나일론 트림 | Dark silver-tone cobalt metal hardware,,https://images.mcmworldwide.com/i/mcmworldwide/MMKGATA02BK001_01 | https://images.mcmworldwide.com/i/mcmworldwide/MMKGATA02BK001_09 | https://images.mcmworldwide.com/i/mcmworldwide/MMKGATA02BK001_02 | https://images.mcmworldwide.com/i/mcmworldwide/MMKGATA02BK001_03 | https://images.mcmworldwide.com/i/mcmworldwide/MMKGATA02BK001_04 | https://images.mcmworldwide.com/i/mcmworldwide/MMKGATA02BK001_05 | https://images.mcmworldwide.com/i/mcmworldwide/MMKGATA02BK001_10,,https://kr.mcmworldwide.com/ko_KR/%EC%97%AC%EC%84%B1/%ED%95%B8%EB%93%9C%EB%B0%B1/%EB%AA%A8%EB%91%90%EB%B3%B4%EA%B8%B0/aren-%EB%85%B8%EB%B0%94-%EB%AA%A8%EB%85%B8%EA%B7%B8%EB%9E%A8-econyl%C2%AE-%EB%B0%B1%ED%8C%A9/MMKGATA02BK001.html
MMKGATA02BK001,Aren 노바 모노그램 ECONYL&reg; 백팩,1450000,Black,ACTIVE,ECONYL® 재생 나일론,,패브릭,로고 브라스 플레이트,9 x 31 x 43,77cm - 92 cm,6cm,대한민국,길이 조절이 가능한 숄더 스트랩 | 비세토스 모노그램 모티프 | 지퍼 클로저 | Interior zip pocket | 나일론 트림 | Dark silver-tone cobalt metal hardware,,https://images.mcmworldwide.com/i/mcmworldwide/MMKGATA02BK001_01 | https://images.mcmworldwide.com/i/mcmworldwide/MMKGATA02BK001_09 | https://images.mcmworldwide.com/i/mcmworldwide/MMKGATA02BK001_02 | https://images.mcmworldwide.com/i/mcmworldwide/MMKGATA02BK001_03 | https://images.mcmworldwide.com/i/mcmworldwide/MMKGATA02BK001_04 | https://images.mcmworldwide.com/i/mcmworldwide/MMKGATA02BK001_05 | https://images.mcmworldwide.com/i/mcmworldwide/MMKGATA02BK001_10,,https://kr.mcmworldwide.com/ko_KR/%EB%82%A8%EC%84%B1/%EA%B0%80%EB%B0%A9/%EB%B0%B1%ED%8C%A9/aren-%EB%85%B8%EB%B0%94-%EB%AA%A8%EB%85%B8%EA%B7%B8%EB%9E%A8-econyl%C2%AE-%EB%B0%B1%ED%8C%A9/MMKGATA02BK001.html
MMKGATA03MT001,Aren 노바 나일론 백팩,1450000,Multi,ACTIVE,폴리에스터 100%,나일론 100%,패브릭,로고 브라스 플레이트,9 x 31 x 43,77cm - 92 cm,6cm,대한민국,길이 조절이 가능한 숄더 스트랩 | 지퍼 클로저 | 내부 지퍼 포켓 | Dark silver-tone cobalt metal hardware,,https://images.mcmworldwide.com/i/mcmworldwide/MMKGATA03MT001_01 | https://images.mcmworldwide.com/i/mcmworldwide/MMKGATA03MT001_09 | https://images.mcmworldwide.com/i/mcmworldwide/MMKGATA03MT001_02 | https://images.mcmworldwide.com/i/mcmworldwide/MMKGATA03MT001_03 | https://images.mcmworldwide.com/i/mcmworldwide/MMKGATA03MT001_04 | https://images.mcmworldwide.com/i/mcmworldwide/MMKGATA03MT001_05 | https://images.mcmworldwide.com/i/mcmworldwide/MMKGATA03MT001_10 | https://images.mcmworldwide.com/i/mcmworldwide/MMKGATA03MT001_11 | https://images.mcmworldwide.com/i/mcmworldwide/MMKGATA03MT001_12,,https://kr.mcmworldwide.com/ko_KR/%EC%97%AC%EC%84%B1/%ED%95%B8%EB%93%9C%EB%B0%B1/%EB%AA%A8%EB%91%90%EB%B3%B4%EA%B8%B0/aren-%EB%85%B8%EB%B0%94-%EB%82%98%EC%9D%BC%EB%A1%A0-%EB%B0%B1%ED%8C%A9/MMKGATA03MT001.html
MMKGATA03MT001,Aren 노바 나일론 백팩,1450000,Multi,ACTIVE,폴리에스터 100%,나일론 100%,패브릭,로고 브라스 플레이트,9 x 31 x 43,77cm - 92 cm,6cm,대한민국,길이 조절이 가능한 숄더 스트랩 | 지퍼 클로저 | 내부 지퍼 포켓 | Dark silver-tone cobalt metal hardware,,https://images.mcmworldwide.com/i/mcmworldwide/MMKGATA03MT001_01 | https://images.mcmworldwide.com/i/mcmworldwide/MMKGATA03MT001_09 | https://images.mcmworldwide.com/i/mcmworldwide/MMKGATA03MT001_02 | https://images.mcmworldwide.com/i/mcmworldwide/MMKGATA03MT001_03 | https://images.mcmworldwide.com/i/mcmworldwide/MMKGATA03MT001_04 | https://images.mcmworldwide.com/i/mcmworldwide/MMKGATA03MT001_05 | https://images.mcmworldwide.com/i/mcmworldwide/MMKGATA03MT001_10 | https://images.mcmworldwide.com/i/mcmworldwide/MMKGATA03MT001_11 | https://images.mcmworldwide.com/i/mcmworldwide/MMKGATA03MT001_12,,https://kr.mcmworldwide.com/ko_KR/%EB%82%A8%EC%84%B1/%EA%B0%80%EB%B0%A9/%EB%B0%B1%ED%8C%A9/aren-%EB%85%B8%EB%B0%94-%EB%82%98%EC%9D%BC%EB%A1%A0-%EB%B0%B1%ED%8C%A9/MMKGATA03MT001.html
MMTGATA03BK001,Aren 노바 나일론 토트,990000,Black,ACTIVE,100% 나일론,,,로고 브라스 플레이트,12 x 32 x 39,,21cm,대한민국,핸들 스트랩 | D링 참 장식 디테일 | Dark silver-tone cobalt metal hardware,,https://images.mcmworldwide.com/i/mcmworldwide/MMTGATA03BK001_01 | https://images.mcmworldwide.com/i/mcmworldwide/MMTGATA03BK001_09 | https://images.mcmworldwide.com/i/mcmworldwide/MMTGATA03BK001_02 | https://images.mcmworldwide.com/i/mcmworldwide/MMTGATA03BK001_03 | https://images.mcmworldwide.com/i/mcmworldwide/MMTGATA03BK001_04 | https://images.mcmworldwide.com/i/mcmworldwide/MMTGATA03BK001_05 | https://images.mcmworldwide.com/i/mcmworldwide/MMTGATA03BK001_06 | https://images.mcmworldwide.com/i/mcmworldwide/MMTGATA03BK001_10 | https://images.mcmworldwide.com/i/mcmworldwide/MMTGATA03BK001_11,,https://kr.mcmworldwide.com/ko_KR/%EC%97%AC%EC%84%B1/%ED%95%B8%EB%93%9C%EB%B0%B1/%EB%AA%A8%EB%91%90%EB%B3%B4%EA%B8%B0/aren-%EB%85%B8%EB%B0%94-%EB%82%98%EC%9D%BC%EB%A1%A0-%ED%86%A0%ED%8A%B8/MMTGATA03BK001.html
MMTGATA03BK001,Aren 노바 나일론 토트,990000,Black,ACTIVE,100% 나일론,,,로고 브라스 플레이트,12 x 32 x 39,,21cm,대한민국,핸들 스트랩 | D링 참 장식 디테일 | Dark silver-tone cobalt metal hardware,,https://images.mcmworldwide.com/i/mcmworldwide/MMTGATA03BK001_01 | https://images.mcmworldwide.com/i/mcmworldwide/MMTGATA03BK001_09 | https://images.mcmworldwide.com/i/mcmworldwide/MMTGATA03BK001_02 | https://images.mcmworldwide.com/i/mcmworldwide/MMTGATA03BK001_03 | https://images.mcmworldwide.com/i/mcmworldwide/MMTGATA03BK001_04 | https://images.mcmworldwide.com/i/mcmworldwide/MMTGATA03BK001_05 | https://images.mcmworldwide.com/i/mcmworldwide/MMTGATA03BK001_06 | https://images.mcmworldwide.com/i/mcmworldwide/MMTGATA03BK001_10 | https://images.mcmworldwide.com/i/mcmworldwide/MMTGATA03BK001_11,,https://kr.mcmworldwide.com/ko_KR/%EB%82%A8%EC%84%B1/%EA%B0%80%EB%B0%A9/%ED%86%A0%ED%8A%B8%EB%B0%B1/aren-%EB%85%B8%EB%B0%94-%EB%82%98%EC%9D%BC%EB%A1%A0-%ED%86%A0%ED%8A%B8/MMTGATA03BK001.html
MMRGATA07BK001,Aren 노바 모노그램 ECONYL&reg; 크로스바디,1090000,Black,ACTIVE,ECONYL® 재생 나일론,,패브릭,로고 브라스 플레이트,7 x 29 x 19,52cm - 109 cm,,대한민국,길이 조절이 가능한 스트랩 | 비세토스 모노그램 모티프 | 양방향 지퍼 클로저 | Interior zip pocket | 나일론 트림 | Dark silver-tone cobalt metal hardware,,https://images.mcmworldwide.com/i/mcmworldwide/MMRGATA07BK001_01 | https://images.mcmworldwide.com/i/mcmworldwide/MMRGATA07BK001_09 | https://images.mcmworldwide.com/i/mcmworldwide/MMRGATA07BK001_02 | https://images.mcmworldwide.com/i/mcmworldwide/MMRGATA07BK001_03 | https://images.mcmworldwide.com/i/mcmworldwide/MMRGATA07BK001_04 | https://images.mcmworldwide.com/i/mcmworldwide/MMRGATA07BK001_05 | https://images.mcmworldwide.com/i/mcmworldwide/MMRGATA07BK001_10,,https://kr.mcmworldwide.com/ko_KR/%EC%97%AC%EC%84%B1/%ED%95%B8%EB%93%9C%EB%B0%B1/%EB%AA%A8%EB%91%90%EB%B3%B4%EA%B8%B0/aren-%EB%85%B8%EB%B0%94-%EB%AA%A8%EB%85%B8%EA%B7%B8%EB%9E%A8-econyl%C2%AE-%ED%81%AC%EB%A1%9C%EC%8A%A4%EB%B0%94%EB%94%94/MMRGATA07BK001.html
MMRGATA07BK001,Aren 노바 모노그램 ECONYL&reg; 크로스바디,1090000,Black,ACTIVE,ECONYL® 재생 나일론,,패브릭,로고 브라스 플레이트,7 x 29 x 19,52cm - 109 cm,,대한민국,길이 조절이 가능한 스트랩 | 비세토스 모노그램 모티프 | 양방향 지퍼 클로저 | Interior zip pocket | 나일론 트림 | Dark silver-tone cobalt metal hardware,,https://images.mcmworldwide.com/i/mcmworldwide/MMRGATA07BK001_01 | https://images.mcmworldwide.com/i/mcmworldwide/MMRGATA07BK001_09 | https://images.mcmworldwide.com/i/mcmworldwide/MMRGATA07BK001_02 | https://images.mcmworldwide.com/i/mcmworldwide/MMRGATA07BK001_03 | https://images.mcmworldwide.com/i/mcmworldwide/MMRGATA07BK001_04 | https://images.mcmworldwide.com/i/mcmworldwide/MMRGATA07BK001_05 | https://images.mcmworldwide.com/i/mcmworldwide/MMRGATA07BK001_10,,https://kr.mcmworldwide.com/ko_KR/%EB%82%A8%EC%84%B1/%EA%B0%80%EB%B0%A9/%ED%81%AC%EB%A1%9C%EC%8A%A4%EB%B0%B1/aren-%EB%85%B8%EB%B0%94-%EB%AA%A8%EB%85%B8%EA%B7%B8%EB%9E%A8-econyl%C2%AE-%ED%81%AC%EB%A1%9C%EC%8A%A4%EB%B0%94%EB%94%94/MMRGATA07BK001.html
MMTGATA01BK001,Aren 노바 모노그램 ECONYL&reg; 토트,1350000,Black,ACTIVE,ECONYL® 재생 나일론,,패브릭,로고 브라스 플레이트,10 x 46 x 34,19cm -32cm,27cm,대한민국,길이 조절이 가능한 핸들 스트랩 | 비세토스 모노그램 모티프 | 지퍼 클로저 | Interior zip pocket | 나일론 트림 | Dark silver-tone cobalt metal hardware,,https://images.mcmworldwide.com/i/mcmworldwide/MMTGATA01BK001_01 | https://images.mcmworldwide.com/i/mcmworldwide/MMTGATA01BK001_09 | https://images.mcmworldwide.com/i/mcmworldwide/MMTGATA01BK001_02 | https://images.mcmworldwide.com/i/mcmworldwide/MMTGATA01BK001_03 | https://images.mcmworldwide.com/i/mcmworldwide/MMTGATA01BK001_04 | https://images.mcmworldwide.com/i/mcmworldwide/MMTGATA01BK001_05 | https://images.mcmworldwide.com/i/mcmworldwide/MMTGATA01BK001_06 | https://images.mcmworldwide.com/i/mcmworldwide/MMTGATA01BK001_10 | https://images.mcmworldwide.com/i/mcmworldwide/MMTGATA01BK001_11,,https://kr.mcmworldwide.com/ko_KR/%EC%97%AC%EC%84%B1/%ED%95%B8%EB%93%9C%EB%B0%B1/%EB%AA%A8%EB%91%90%EB%B3%B4%EA%B8%B0/aren-%EB%85%B8%EB%B0%94-%EB%AA%A8%EB%85%B8%EA%B7%B8%EB%9E%A8-econyl%C2%AE-%ED%86%A0%ED%8A%B8/MMTGATA01BK001.html
MMTGATA01BK001,Aren 노바 모노그램 ECONYL&reg; 토트,1350000,Black,ACTIVE,ECONYL® 재생 나일론,,패브릭,로고 브라스 플레이트,10 x 46 x 34,19cm -32cm,27cm,대한민국,길이 조절이 가능한 핸들 스트랩 | 비세토스 모노그램 모티프 | 지퍼 클로저 | Interior zip pocket | 나일론 트림 | Dark silver-tone cobalt metal hardware,,https://images.mcmworldwide.com/i/mcmworldwide/MMTGATA01BK001_01 | https://images.mcmworldwide.com/i/mcmworldwide/MMTGATA01BK001_09 | https://images.mcmworldwide.com/i/mcmworldwide/MMTGATA01BK001_02 | https://images.mcmworldwide.com/i/mcmworldwide/MMTGATA01BK001_03 | https://images.mcmworldwide.com/i/mcmworldwide/MMTGATA01BK001_04 | https://images.mcmworldwide.com/i/mcmworldwide/MMTGATA01BK001_05 | https://images.mcmworldwide.com/i/mcmworldwide/MMTGATA01BK001_06 | https://images.mcmworldwide.com/i/mcmworldwide/MMTGATA01BK001_10 | https://images.mcmworldwide.com/i/mcmworldwide/MMTGATA01BK001_11,,https://kr.mcmworldwide.com/ko_KR/%EB%82%A8%EC%84%B1/%EA%B0%80%EB%B0%A9/%ED%86%A0%ED%8A%B8%EB%B0%B1/aren-%EB%85%B8%EB%B0%94-%EB%AA%A8%EB%85%B8%EA%B7%B8%EB%9E%A8-econyl%C2%AE-%ED%86%A0%ED%8A%B8/MMTGATA01BK001.html
MMTGATA02MT001,Aren 노바 나일론 토트,1350000,Multi,ACTIVE,폴리에스터 100%,나일론 100%,패브릭,로고 브라스 플레이트,10 x 46 x 34,19cm -32cm,27cm,대한민국,길이 조절이 가능한 핸들 스트랩 | 지퍼 클로저 | 내부 지퍼 포켓 | Dark silver-tone cobalt metal hardware,,https://images.mcmworldwide.com/i/mcmworldwide/MMTGATA02MT001_01 | https://images.mcmworldwide.com/i/mcmworldwide/MMTGATA02MT001_09 | https://images.mcmworldwide.com/i/mcmworldwide/MMTGATA02MT001_02 | https://images.mcmworldwide.com/i/mcmworldwide/MMTGATA02MT001_03 | https://images.mcmworldwide.com/i/mcmworldwide/MMTGATA02MT001_04 | https://images.mcmworldwide.com/i/mcmworldwide/MMTGATA02MT001_05 | https://images.mcmworldwide.com/i/mcmworldwide/MMTGATA02MT001_06 | https://images.mcmworldwide.com/i/mcmworldwide/MMTGATA02MT001_10 | https://images.mcmworldwide.com/i/mcmworldwide/MMTGATA02MT001_11,,https://kr.mcmworldwide.com/ko_KR/%EC%97%AC%EC%84%B1/%ED%95%B8%EB%93%9C%EB%B0%B1/%EB%AA%A8%EB%91%90%EB%B3%B4%EA%B8%B0/aren-%EB%85%B8%EB%B0%94-%EB%82%98%EC%9D%BC%EB%A1%A0-%ED%86%A0%ED%8A%B8/MMTGATA02MT001.html
MMTGATA02MT001,Aren 노바 나일론 토트,1350000,Multi,ACTIVE,폴리에스터 100%,나일론 100%,패브릭,로고 브라스 플레이트,10 x 46 x 34,19cm -32cm,27cm,대한민국,길이 조절이 가능한 핸들 스트랩 | 지퍼 클로저 | 내부 지퍼 포켓 | Dark silver-tone cobalt metal hardware,,https://images.mcmworldwide.com/i/mcmworldwide/MMTGATA02MT001_01 | https://images.mcmworldwide.com/i/mcmworldwide/MMTGATA02MT001_09 | https://images.mcmworldwide.com/i/mcmworldwide/MMTGATA02MT001_02 | https://images.mcmworldwide.com/i/mcmworldwide/MMTGATA02MT001_03 | https://images.mcmworldwide.com/i/mcmworldwide/MMTGATA02MT001_04 | https://images.mcmworldwide.com/i/mcmworldwide/MMTGATA02MT001_05 | https://images.mcmworldwide.com/i/mcmworldwide/MMTGATA02MT001_06 | https://images.mcmworldwide.com/i/mcmworldwide/MMTGATA02MT001_10 | https://images.mcmworldwide.com/i/mcmworldwide/MMTGATA02MT001_11,,https://kr.mcmworldwide.com/ko_KR/%EB%82%A8%EC%84%B1/%EA%B0%80%EB%B0%A9/%ED%86%A0%ED%8A%B8%EB%B0%B1/aren-%EB%85%B8%EB%B0%94-%EB%82%98%EC%9D%BC%EB%A1%A0-%ED%86%A0%ED%8A%B8/MMTGATA02MT001.html
MMVGATT07K8001,Ottomar 비세토스 위켄더,2190000,Beige,ACTIVE,비세토스 모노그램 캔버스,나파 가죽,스웨이드 마감의 극세사,로고 브라스 플레이트 | 실버톤 코발트 브라스 하드웨어,25 x 55 x 31,75cm - 132cm,13.5cm,대한민국,탈착이 가능하며 길이 조절이 가능한 패브칙 웨빙 스트랩 | 가죽 탑 핸들 | 자물쇠와 키가 달린 탈착 가능한 가죽 행 태그 | 양방향 지퍼 클로저 | 내부 슬립 포켓 및 지퍼 포켓 | 캐리어 손잡이에 끼울 수 있는 밴드 | 가방 바닥 보호에 도움을 주는 메탈 피트,,https://images.mcmworldwide.com/i/mcmworldwide/MMVGATT07K8001_01 | https://images.mcmworldwide.com/i/mcmworldwide/MMVGATT07K8001_09 | https://images.mcmworldwide.com/i/mcmworldwide/MMVGATT07K8001_02 | https://images.mcmworldwide.com/i/mcmworldwide/MMVGATT07K8001_03 | https://images.mcmworldwide.com/i/mcmworldwide/MMVGATT07K8001_04 | https://images.mcmworldwide.com/i/mcmworldwide/MMVGATT07K8001_05 | https://images.mcmworldwide.com/i/mcmworldwide/MMVGATT07K8001_10,,https://kr.mcmworldwide.com/ko_KR/%EC%97%AC%EC%84%B1/%ED%95%B8%EB%93%9C%EB%B0%B1/%EB%AA%A8%EB%91%90%EB%B3%B4%EA%B8%B0/ottomar-%EB%B9%84%EC%84%B8%ED%86%A0%EC%8A%A4-%EC%9C%84%EC%BC%84%EB%8D%94/MMVGATT07K8001.html
MMVGATT07K8001,Ottomar 비세토스 위켄더,2190000,Beige,ACTIVE,비세토스 모노그램 캔버스,나파 가죽,스웨이드 마감의 극세사,로고 브라스 플레이트 | 실버톤 코발트 브라스 하드웨어,25 x 55 x 31,75cm - 132cm,13.5cm,대한민국,탈착이 가능하며 길이 조절이 가능한 패브칙 웨빙 스트랩 | 가죽 탑 핸들 | 자물쇠와 키가 달린 탈착 가능한 가죽 행 태그 | 양방향 지퍼 클로저 | 내부 슬립 포켓 및 지퍼 포켓 | 캐리어 손잡이에 끼울 수 있는 밴드 | 가방 바닥 보호에 도움을 주는 메탈 피트,,https://images.mcmworldwide.com/i/mcmworldwide/MMVGATT07K8001_01 | https://images.mcmworldwide.com/i/mcmworldwide/MMVGATT07K8001_09 | https://images.mcmworldwide.com/i/mcmworldwide/MMVGATT07K8001_02 | https://images.mcmworldwide.com/i/mcmworldwide/MMVGATT07K8001_03 | https://images.mcmworldwide.com/i/mcmworldwide/MMVGATT07K8001_04 | https://images.mcmworldwide.com/i/mcmworldwide/MMVGATT07K8001_05 | https://images.mcmworldwide.com/i/mcmworldwide/MMVGATT07K8001_10,,https://kr.mcmworldwide.com/ko_KR/%ED%8A%B8%EB%9E%98%EB%B8%94/%EB%9F%AC%EA%B8%B0%EC%A7%80-%EB%B0%B1/ottomar-%EB%B9%84%EC%84%B8%ED%86%A0%EC%8A%A4-%EC%9C%84%EC%BC%84%EB%8D%94/MMVGATT07K8001.html
MMVGATT06BK001,Aren 노바 모노그램 ECONYL&reg; 위켄더,1850000,Black,ACTIVE,ECONYL® 재생 나일론,,패브릭,로고 브라스 플레이트,20 x 53 x 30,89cm -132cm,29cm,대한민국,탈부착이 가능하며 길이 조절이 가능한 스트랩 | 탑핸들 | 비세토스 모노그램 모티프 | Zip closure | Interior zip pocket | 나일론 트림 | Dark silver-tone cobalt metal hardware,,https://images.mcmworldwide.com/i/mcmworldwide/MMVGATT06BK001_01 | https://images.mcmworldwide.com/i/mcmworldwide/MMVGATT06BK001_09 | https://images.mcmworldwide.com/i/mcmworldwide/MMVGATT06BK001_02 | https://images.mcmworldwide.com/i/mcmworldwide/MMVGATT06BK001_03 | https://images.mcmworldwide.com/i/mcmworldwide/MMVGATT06BK001_04 | https://images.mcmworldwide.com/i/mcmworldwide/MMVGATT06BK001_05 | https://images.mcmworldwide.com/i/mcmworldwide/MMVGATT06BK001_06 | https://images.mcmworldwide.com/i/mcmworldwide/MMVGATT06BK001_11 | https://images.mcmworldwide.com/i/mcmworldwide/MMVGATT06BK001_12 | https://images.mcmworldwide.com/i/mcmworldwide/MMVGATT06BK001_14,,https://kr.mcmworldwide.com/ko_KR/%EC%97%AC%EC%84%B1/%ED%95%B8%EB%93%9C%EB%B0%B1/%EB%AA%A8%EB%91%90%EB%B3%B4%EA%B8%B0/aren-%EB%85%B8%EB%B0%94-%EB%AA%A8%EB%85%B8%EA%B7%B8%EB%9E%A8-econyl%C2%AE-%EC%9C%84%EC%BC%84%EB%8D%94/MMVGATT06BK001.html
MMVGATT06BK001,Aren 노바 모노그램 ECONYL&reg; 위켄더,1850000,Black,ACTIVE,ECONYL® 재생 나일론,,패브릭,로고 브라스 플레이트,20 x 53 x 30,89cm -132cm,29cm,대한민국,탈부착이 가능하며 길이 조절이 가능한 스트랩 | 탑핸들 | 비세토스 모노그램 모티프 | Zip closure | Interior zip pocket | 나일론 트림 | Dark silver-tone cobalt metal hardware,,https://images.mcmworldwide.com/i/mcmworldwide/MMVGATT06BK001_01 | https://images.mcmworldwide.com/i/mcmworldwide/MMVGATT06BK001_09 | https://images.mcmworldwide.com/i/mcmworldwide/MMVGATT06BK001_02 | https://images.mcmworldwide.com/i/mcmworldwide/MMVGATT06BK001_03 | https://images.mcmworldwide.com/i/mcmworldwide/MMVGATT06BK001_04 | https://images.mcmworldwide.com/i/mcmworldwide/MMVGATT06BK001_05 | https://images.mcmworldwide.com/i/mcmworldwide/MMVGATT06BK001_06 | https://images.mcmworldwide.com/i/mcmworldwide/MMVGATT06BK001_11 | https://images.mcmworldwide.com/i/mcmworldwide/MMVGATT06BK001_12 | https://images.mcmworldwide.com/i/mcmworldwide/MMVGATT06BK001_14,,https://kr.mcmworldwide.com/ko_KR/%ED%8A%B8%EB%9E%98%EB%B8%94/%EB%9F%AC%EA%B8%B0%EC%A7%80-%EB%B0%B1/aren-%EB%85%B8%EB%B0%94-%EB%AA%A8%EB%85%B8%EA%B7%B8%EB%9E%A8-econyl%C2%AE-%EC%9C%84%EC%BC%84%EB%8D%94/MMVGATT06BK001.html
MWTGATA01CO001,Pina 비세토스 스터드 장식 토트,1850000,Cognac,ACTIVE,비세토스 모노그램 캔버스,나파 가죽,스웨이드 마감의 극세사,로고 브라스 플레이트 | 24K 골드 도금 브라스 하드웨어,18 x 41 x 32,112.5cm - 136.5cm,12cm,대한민국,탈부착이 가능하며 길이 조절이 가능한 가죽 스트랩 | 가죽 핸들 | 금속 로고 스터드 장식 | 양방향 지퍼 클로저 | 내부 슬립 포켓 및 지퍼 수납공간 | D링 참 장식 디테일 | 가방 바닥 보호에 도움을 주는 메탈 피트,,https://images.mcmworldwide.com/i/mcmworldwide/MWTGATA01CO001_01 | https://images.mcmworldwide.com/i/mcmworldwide/MWTGATA01CO001_09 | https://images.mcmworldwide.com/i/mcmworldwide/MWTGATA01CO001_02 | https://images.mcmworldwide.com/i/mcmworldwide/MWTGATA01CO001_03 | https://images.mcmworldwide.com/i/mcmworldwide/MWTGATA01CO001_04 | https://images.mcmworldwide.com/i/mcmworldwide/MWTGATA01CO001_05 | https://images.mcmworldwide.com/i/mcmworldwide/MWTGATA01CO001_06 | https://images.mcmworldwide.com/i/mcmworldwide/MWTGATA01CO001_10 | https://images.mcmworldwide.com/i/mcmworldwide/MWTGATA01CO001_11,,https://kr.mcmworldwide.com/ko_KR/%EC%97%AC%EC%84%B1/%ED%95%B8%EB%93%9C%EB%B0%B1/%EB%AA%A8%EB%91%90%EB%B3%B4%EA%B8%B0/pina-%EB%B9%84%EC%84%B8%ED%86%A0%EC%8A%A4-%EC%8A%A4%ED%84%B0%EB%93%9C-%EC%9E%A5%EC%8B%9D-%ED%86%A0%ED%8A%B8/MWTGATA01CO001.html
MWTGATA02CO001,Pina 비세토스 스터드 장식 토트,1690000,Cognac,ACTIVE,비세토스 모노그램 캔버스,나파 가죽,스웨이드 마감의 극세사,로고 브라스 플레이트 | 24K 골드 도금 브라스 하드웨어,13 x 30 x 24,107.5cm - 131.5cm,11cm,대한민국,탈부착이 가능하며 길이 조절이 가능한 가죽 스트랩 | 가죽 핸들 | 금속 로고 스터드 장식 | 양방향 지퍼 클로저 | 내부 슬립 포켓 및 지퍼 수납공간 | D링 참 장식 디테일 | 가방 바닥 보호에 도움을 주는 메탈 피트,,https://images.mcmworldwide.com/i/mcmworldwide/MWTGATA02CO001_01 | https://images.mcmworldwide.com/i/mcmworldwide/MWTGATA02CO001_09 | https://images.mcmworldwide.com/i/mcmworldwide/MWTGATA02CO001_02 | https://images.mcmworldwide.com/i/mcmworldwide/MWTGATA02CO001_03 | https://images.mcmworldwide.com/i/mcmworldwide/MWTGATA02CO001_04 | https://images.mcmworldwide.com/i/mcmworldwide/MWTGATA02CO001_05 | https://images.mcmworldwide.com/i/mcmworldwide/MWTGATA02CO001_06 | https://images.mcmworldwide.com/i/mcmworldwide/MWTGATA02CO001_10,,https://kr.mcmworldwide.com/ko_KR/%EC%97%AC%EC%84%B1/%ED%95%B8%EB%93%9C%EB%B0%B1/%EB%AA%A8%EB%91%90%EB%B3%B4%EA%B8%B0/pina-%EB%B9%84%EC%84%B8%ED%86%A0%EC%8A%A4-%EC%8A%A4%ED%84%B0%EB%93%9C-%EC%9E%A5%EC%8B%9D-%ED%86%A0%ED%8A%B8/MWTGATA02CO001.html
MMVGATT08CO001,MCM X We The Best Ottomar 비세토스 위켄더 백,2290000,Cognac,ACTIVE,비세토스 모노그램 캔버스,나파 가죽,코튼 트윌,앞면의 로고 브라스 플레이트 | 24K 앤티크 골드 도금 메탈 하드웨어,23 x 51 x 29,75cm - 132cm,13.5cm,대한민국,탈착이 가능하며 길이 조절이 가능한 패브칙 웨빙 스트랩 | 가죽 탑 핸들 | 탈착 가능한 “We The Best” 참과 가죽 커버 메탈 자물쇠 및 키 | 양방향 지퍼 클로저 | 내부 슬립 포켓과 지퍼 수납공간 | 캐리어 손잡이에 끼울 수 있는 밴드 | 가방 바닥 보호에 도움을 주는 메탈 피트 | 폴더블 디자인,,https://images.mcmworldwide.com/i/mcmworldwide/MMVGATT08CO001_01 | https://images.mcmworldwide.com/i/mcmworldwide/MMVGATT08CO001_09 | https://images.mcmworldwide.com/i/mcmworldwide/MMVGATT08CO001_02 | https://images.mcmworldwide.com/i/mcmworldwide/MMVGATT08CO001_03 | https://images.mcmworldwide.com/i/mcmworldwide/MMVGATT08CO001_04 | https://images.mcmworldwide.com/i/mcmworldwide/MMVGATT08CO001_05 | https://images.mcmworldwide.com/i/mcmworldwide/MMVGATT08CO001_10 | https://images.mcmworldwide.com/i/mcmworldwide/MMVGATT08CO001_11,,https://kr.mcmworldwide.com/ko_KR/%EC%97%AC%EC%84%B1/%ED%95%B8%EB%93%9C%EB%B0%B1/%EB%AA%A8%EB%91%90%EB%B3%B4%EA%B8%B0/mcm-x-we-the-best-ottomar-%EB%B9%84%EC%84%B8%ED%86%A0%EC%8A%A4-%EC%9C%84%EC%BC%84%EB%8D%94-%EB%B0%B1/MMVGATT08CO001.html
MYZGATA10CO001,MCM X We The Best 비세토스 크로스바디 파우치,850000,Cognac,ACTIVE,비세토스 모노그램 캔버스,나파 가죽,코튼 트윌,24K 앤티크 골드 도금 메탈 하드웨어,2 x 30 x 21,60cm,,대한민국,"탈착 가능하며 길이 조절이 가능한 가죽 크로스바디 스트랩 | 탈착 가능한 ""We The Best” 참 | 히든 스냅이 있는 뒷면 외부 포켓 | 탑 지퍼 클로저 | 내부 슬립 포켓 및 지퍼 수납공간",,https://images.mcmworldwide.com/i/mcmworldwide/MYZGATA10CO001_01 | https://images.mcmworldwide.com/i/mcmworldwide/MYZGATA10CO001_09 | https://images.mcmworldwide.com/i/mcmworldwide/MYZGATA10CO001_02 | https://images.mcmworldwide.com/i/mcmworldwide/MYZGATA10CO001_03 | https://images.mcmworldwide.com/i/mcmworldwide/MYZGATA10CO001_04 | https://images.mcmworldwide.com/i/mcmworldwide/MYZGATA10CO001_05 | https://images.mcmworldwide.com/i/mcmworldwide/MYZGATA10CO001_10 | https://images.mcmworldwide.com/i/mcmworldwide/MYZGATA10CO001_11 | https://images.mcmworldwide.com/i/mcmworldwide/MYZGATA10CO001_12,,https://kr.mcmworldwide.com/ko_KR/%EC%97%AC%EC%84%B1/%ED%95%B8%EB%93%9C%EB%B0%B1/%EB%AA%A8%EB%91%90%EB%B3%B4%EA%B8%B0/mcm-x-we-the-best-%EB%B9%84%EC%84%B8%ED%86%A0%EC%8A%A4-%ED%81%AC%EB%A1%9C%EC%8A%A4%EB%B0%94%EB%94%94-%ED%8C%8C%EC%9A%B0%EC%B9%98/MYZGATA10CO001.html
MYZGATA10CO001,MCM X We The Best 비세토스 크로스바디 파우치,850000,Cognac,ACTIVE,비세토스 모노그램 캔버스,나파 가죽,코튼 트윌,24K 앤티크 골드 도금 메탈 하드웨어,2 x 30 x 21,60cm,,대한민국,"탈착 가능하며 길이 조절이 가능한 가죽 크로스바디 스트랩 | 탈착 가능한 ""We The Best” 참 | 히든 스냅이 있는 뒷면 외부 포켓 | 탑 지퍼 클로저 | 내부 슬립 포켓 및 지퍼 수납공간",,https://images.mcmworldwide.com/i/mcmworldwide/MYZGATA10CO001_01 | https://images.mcmworldwide.com/i/mcmworldwide/MYZGATA10CO001_09 | https://images.mcmworldwide.com/i/mcmworldwide/MYZGATA10CO001_02 | https://images.mcmworldwide.com/i/mcmworldwide/MYZGATA10CO001_03 | https://images.mcmworldwide.com/i/mcmworldwide/MYZGATA10CO001_04 | https://images.mcmworldwide.com/i/mcmworldwide/MYZGATA10CO001_05 | https://images.mcmworldwide.com/i/mcmworldwide/MYZGATA10CO001_10 | https://images.mcmworldwide.com/i/mcmworldwide/MYZGATA10CO001_11 | https://images.mcmworldwide.com/i/mcmworldwide/MYZGATA10CO001_12,,https://kr.mcmworldwide.com/ko_KR/%EC%97%AC%EC%84%B1/%ED%95%B8%EB%93%9C%EB%B0%B1/%ED%81%B4%EB%9F%AC%EC%B9%98-%ED%8C%8C%EC%9A%B0%EC%B9%98/mcm-x-we-the-best-%EB%B9%84%EC%84%B8%ED%86%A0%EC%8A%A4-%ED%81%AC%EB%A1%9C%EC%8A%A4%EB%B0%94%EB%94%94-%ED%8C%8C%EC%9A%B0%EC%B9%98/MYZGATA10CO001.html
MWPGALR01BK001,New Liz 엠보스드 모노그램 레더 쇼퍼,1490000,Black,ACTIVE,풀그레인 가죽,,스웨이드 마감의 극세사,로고 브라스 플레이트 | 실버톤 코발트 브라스 하드웨어,17 x 30 x 35,,26.5 cm,이탈리아,가죽 핸들 스트랩 | 엠보스드 비세토스 모노그램 | 후크 잠금 장지 | 탈부착 가능한 레더 파우치 | D링 참 장식 디테일 | 바닥 보호를 위한 레더 패드,,https://images.mcmworldwide.com/i/mcmworldwide/MWPGALR01BK001_01 | https://images.mcmworldwide.com/i/mcmworldwide/MWPGALR01BK001_09 | https://images.mcmworldwide.com/i/mcmworldwide/MWPGALR01BK001_02 | https://images.mcmworldwide.com/i/mcmworldwide/MWPGALR01BK001_03 | https://images.mcmworldwide.com/i/mcmworldwide/MWPGALR01BK001_04 | https://images.mcmworldwide.com/i/mcmworldwide/MWPGALR01BK001_05 | https://images.mcmworldwide.com/i/mcmworldwide/MWPGALR01BK001_10 | https://images.mcmworldwide.com/i/mcmworldwide/MWPGALR01BK001_11,https://images.mcmworldwide.com/v/mcmworldwide/MWPGALR01BK001_VID/webm_720p,https://kr.mcmworldwide.com/ko_KR/%EC%97%AC%EC%84%B1/%ED%95%B8%EB%93%9C%EB%B0%B1/%EB%AA%A8%EB%91%90%EB%B3%B4%EA%B8%B0/new-liz-%EC%97%A0%EB%B3%B4%EC%8A%A4%EB%93%9C-%EB%AA%A8%EB%85%B8%EA%B7%B8%EB%9E%A8-%EB%A0%88%EB%8D%94-%EC%87%BC%ED%8D%BC/MWPGALR01BK001.html
MWPGALR02BK001,New Liz 엠보스드 모노그램 레더 쇼퍼,1350000,Black,ACTIVE,풀그레인 가죽,,스웨이드 마감의 극세사,로고 브라스 플레이트 | 실버톤 코발트 브라스 하드웨어,15 x 25 x 31,,26 cm,이탈리아,가죽 핸들 스트랩 | 엠보스드 비세토스 모노그램 | 후크 잠금 장지 | 탈부착 가능한 레더 파우치 | D링 참 장식 디테일 | 바닥 보호를 위한 레더 패드,,https://images.mcmworldwide.com/i/mcmworldwide/MWPGALR02BK001_01 | https://images.mcmworldwide.com/i/mcmworldwide/MWPGALR02BK001_09 | https://images.mcmworldwide.com/i/mcmworldwide/MWPGALR02BK001_02 | https://images.mcmworldwide.com/i/mcmworldwide/MWPGALR02BK001_03 | https://images.mcmworldwide.com/i/mcmworldwide/MWPGALR02BK001_04 | https://images.mcmworldwide.com/i/mcmworldwide/MWPGALR02BK001_05 | https://images.mcmworldwide.com/i/mcmworldwide/MWPGALR02BK001_11,https://images.mcmworldwide.com/v/mcmworldwide/MWPGALR02BK001_VID/webm_720p,https://kr.mcmworldwide.com/ko_KR/%EC%97%AC%EC%84%B1/%ED%95%B8%EB%93%9C%EB%B0%B1/%EB%AA%A8%EB%91%90%EB%B3%B4%EA%B8%B0/new-liz-%EC%97%A0%EB%B3%B4%EC%8A%A4%EB%93%9C-%EB%AA%A8%EB%85%B8%EA%B7%B8%EB%9E%A8-%EB%A0%88%EB%8D%94-%EC%87%BC%ED%8D%BC/MWPGALR02BK001.html
MWSGATA01BK001,Aren 비세토스 E/W 숄더백,1090000,Black,ACTIVE,비세토스 모노그램 캔버스,,스웨이드 마감의 극세사,실버톤 코발트 브라스 하드웨어,9 x 29 x 12,,27 cm,대한민국,가죽 탑 핸들 | 로고가 엠보싱 처리된 탈부착 가능한 바바리안 다이아몬드 가죽 참 | 양방향 지퍼 클로저 | 내부 카드 슬롯 | 레더 트림,MWSGATA01I8001 | MWSGATA01PZ001 | MWSGSTA02CO001,https://images.mcmworldwide.com/i/mcmworldwide/MWSGATA01BK001_01 | https://images.mcmworldwide.com/i/mcmworldwide/MWSGATA01BK001_09 | https://images.mcmworldwide.com/i/mcmworldwide/MWSGATA01BK001_02 | https://images.mcmworldwide.com/i/mcmworldwide/MWSGATA01BK001_03 | https://images.mcmworldwide.com/i/mcmworldwide/MWSGATA01BK001_04 | https://images.mcmworldwide.com/i/mcmworldwide/MWSGATA01BK001_05 | https://images.mcmworldwide.com/i/mcmworldwide/MWSGATA01BK001_06 | https://images.mcmworldwide.com/i/mcmworldwide/MWSGATA01BK001_10,https://images.mcmworldwide.com/v/mcmworldwide/MWSGATA01BK001_VID/webm_720p,https://kr.mcmworldwide.com/ko_KR/%EC%97%AC%EC%84%B1/%ED%95%B8%EB%93%9C%EB%B0%B1/%EB%AA%A8%EB%91%90%EB%B3%B4%EA%B8%B0/aren-%EB%B9%84%EC%84%B8%ED%86%A0%EC%8A%A4-e%2Fw-%EC%88%84%EB%8D%94%EB%B0%B1/MWSGATA01BK001.html
MWSGATA01BK001,Aren 비세토스 E/W 숄더백,1090000,Black,ACTIVE,비세토스 모노그램 캔버스,,스웨이드 마감의 극세사,실버톤 코발트 브라스 하드웨어,9 x 29 x 12,,27 cm,대한민국,가죽 탑 핸들 | 로고가 엠보싱 처리된 탈부착 가능한 바바리안 다이아몬드 가죽 참 | 양방향 지퍼 클로저 | 내부 카드 슬롯 | 레더 트림,MWSGATA01I8001 | MWSGATA01PZ001 | MWSGSTA02CO001,https://images.mcmworldwide.com/i/mcmworldwide/MWSGATA01BK001_01 | https://images.mcmworldwide.com/i/mcmworldwide/MWSGATA01BK001_09 | https://images.mcmworldwide.com/i/mcmworldwide/MWSGATA01BK001_02 | https://images.mcmworldwide.com/i/mcmworldwide/MWSGATA01BK001_03 | https://images.mcmworldwide.com/i/mcmworldwide/MWSGATA01BK001_04 | https://images.mcmworldwide.com/i/mcmworldwide/MWSGATA01BK001_05 | https://images.mcmworldwide.com/i/mcmworldwide/MWSGATA01BK001_06 | https://images.mcmworldwide.com/i/mcmworldwide/MWSGATA01BK001_10,https://images.mcmworldwide.com/v/mcmworldwide/MWSGATA01BK001_VID/webm_720p,https://kr.mcmworldwide.com/ko_KR/%EC%97%AC%EC%84%B1/%ED%95%B8%EB%93%9C%EB%B0%B1/%EC%88%84%EB%8D%94%EB%B0%B1-%ED%81%AC%EB%A1%9C%EC%8A%A4%EB%B0%B1/aren-%EB%B9%84%EC%84%B8%ED%86%A0%EC%8A%A4-e%2Fw-%EC%88%84%EB%8D%94%EB%B0%B1/MWSGATA01BK001.html
MMVGATT04BK001,Ottomar 다이아몬드 퀼팅 레더 위켄더,3250000,Black,ACTIVE,나파 레더,,,로고 브라스 플레이트 | 무광 블랙 메탈 하드웨어,16 x 55 x 35,,,이탈리아,가죽 핸들 | 퀼팅 다이아몬드 모티프 | 바닥 부분의 “MCM” 로고 스티칭 | 양방향 지퍼 클로저 | 내부 지퍼 포켓 | 리사이클 코튼 라이닝,,https://images.mcmworldwide.com/i/mcmworldwide/MMVGATT04BK001_01 | https://images.mcmworldwide.com/i/mcmworldwide/MMVGATT04BK001_09 | https://images.mcmworldwide.com/i/mcmworldwide/MMVGATT04BK001_02 | https://images.mcmworldwide.com/i/mcmworldwide/MMVGATT04BK001_03 | https://images.mcmworldwide.com/i/mcmworldwide/MMVGATT04BK001_04 | https://images.mcmworldwide.com/i/mcmworldwide/MMVGATT04BK001_05 | https://images.mcmworldwide.com/i/mcmworldwide/MMVGATT04BK001_06 | https://images.mcmworldwide.com/i/mcmworldwide/MMVGATT04BK001_07 | https://images.mcmworldwide.com/i/mcmworldwide/MMVGATT04BK001_10 | https://images.mcmworldwide.com/i/mcmworldwide/MMVGATT04BK001_11 | https://images.mcmworldwide.com/i/mcmworldwide/MMVGATT04BK001_12,,https://kr.mcmworldwide.com/ko_KR/%EB%82%A8%EC%84%B1/%EA%B0%80%EB%B0%A9/%EB%AA%A8%EB%91%90%EB%B3%B4%EA%B8%B0/ottomar-%EB%8B%A4%EC%9D%B4%EC%95%84%EB%AA%AC%EB%93%9C-%ED%80%BC%ED%8C%85-%EB%A0%88%EB%8D%94-%EC%9C%84%EC%BC%84%EB%8D%94/MMVGATT04BK001.html
MMVGATT04BK001,Ottomar 다이아몬드 퀼팅 레더 위켄더,3250000,Black,ACTIVE,나파 레더,,,로고 브라스 플레이트 | 무광 블랙 메탈 하드웨어,16 x 55 x 35,,,이탈리아,가죽 핸들 | 퀼팅 다이아몬드 모티프 | 바닥 부분의 “MCM” 로고 스티칭 | 양방향 지퍼 클로저 | 내부 지퍼 포켓 | 리사이클 코튼 라이닝,,https://images.mcmworldwide.com/i/mcmworldwide/MMVGATT04BK001_01 | https://images.mcmworldwide.com/i/mcmworldwide/MMVGATT04BK001_09 | https://images.mcmworldwide.com/i/mcmworldwide/MMVGATT04BK001_02 | https://images.mcmworldwide.com/i/mcmworldwide/MMVGATT04BK001_03 | https://images.mcmworldwide.com/i/mcmworldwide/MMVGATT04BK001_04 | https://images.mcmworldwide.com/i/mcmworldwide/MMVGATT04BK001_05 | https://images.mcmworldwide.com/i/mcmworldwide/MMVGATT04BK001_06 | https://images.mcmworldwide.com/i/mcmworldwide/MMVGATT04BK001_07 | https://images.mcmworldwide.com/i/mcmworldwide/MMVGATT04BK001_10 | https://images.mcmworldwide.com/i/mcmworldwide/MMVGATT04BK001_11 | https://images.mcmworldwide.com/i/mcmworldwide/MMVGATT04BK001_12,,https://kr.mcmworldwide.com/ko_KR/%ED%8A%B8%EB%9E%98%EB%B8%94/%EB%9F%AC%EA%B8%B0%EC%A7%80-%EB%B0%B1/ottomar-%EB%8B%A4%EC%9D%B4%EC%95%84%EB%AA%AC%EB%93%9C-%ED%80%BC%ED%8C%85-%EB%A0%88%EB%8D%94-%EC%9C%84%EC%BC%84%EB%8D%94/MMVGATT04BK001.html
MMKGATA01BK001,Aren 다이아몬드 퀼팅 레더 백팩,2690000,Black,ACTIVE,나파 레더,,,로고 브라스 플레이트 | 무광 블랙 메탈 하드웨어,20 x 29 x 45,,,이탈리아,길이 조절이 가능한 숄더 스트랩 | 가죽 탑 핸들 | 다이아몬드 퀼팅 모티프 | 양방향 지퍼 클로저 | 13인치 노트북 수납이 가능한 내부 슬리브 및 포켓 | 리사이클 코튼 라이닝,,https://images.mcmworldwide.com/i/mcmworldwide/MMKGATA01BK001_01 | https://images.mcmworldwide.com/i/mcmworldwide/MMKGATA01BK001_09 | https://images.mcmworldwide.com/i/mcmworldwide/MMKGATA01BK001_02 | https://images.mcmworldwide.com/i/mcmworldwide/MMKGATA01BK001_03 | https://images.mcmworldwide.com/i/mcmworldwide/MMKGATA01BK001_04 | https://images.mcmworldwide.com/i/mcmworldwide/MMKGATA01BK001_06 | https://images.mcmworldwide.com/i/mcmworldwide/MMKGATA01BK001_10,,https://kr.mcmworldwide.com/ko_KR/%EB%82%A8%EC%84%B1/%EA%B0%80%EB%B0%A9/%EB%AA%A8%EB%91%90%EB%B3%B4%EA%B8%B0/aren-%EB%8B%A4%EC%9D%B4%EC%95%84%EB%AA%AC%EB%93%9C-%ED%80%BC%ED%8C%85-%EB%A0%88%EB%8D%94-%EB%B0%B1%ED%8C%A9/MMKGATA01BK001.html
MMRGATA05BK001,Aren 다이아몬드 퀼팅 레더 크로스바디,1550000,Black,ACTIVE,나파 레더,,,로고 브라스 플레이트 | 알루미늄 하드웨어,15 x 21 x 10,,,이탈리아,탈부착이 가능하며 길이 조절이 가능한 헤링본 웨빙 스트랩 | 다이아몬드 퀼팅 모티프 | 바닥 부분의 “MCM” 로고 스티칭 | 양방향 지퍼 클로저 | 리사이클 코튼 라이닝,,https://images.mcmworldwide.com/i/mcmworldwide/MMRGATA05BK001_01 | https://images.mcmworldwide.com/i/mcmworldwide/MMRGATA05BK001_09 | https://images.mcmworldwide.com/i/mcmworldwide/MMRGATA05BK001_02 | https://images.mcmworldwide.com/i/mcmworldwide/MMRGATA05BK001_03 | https://images.mcmworldwide.com/i/mcmworldwide/MMRGATA05BK001_04 | https://images.mcmworldwide.com/i/mcmworldwide/MMRGATA05BK001_05 | https://images.mcmworldwide.com/i/mcmworldwide/MMRGATA05BK001_06 | https://images.mcmworldwide.com/i/mcmworldwide/MMRGATA05BK001_10,,https://kr.mcmworldwide.com/ko_KR/%EB%82%A8%EC%84%B1/%EA%B0%80%EB%B0%A9/%EB%AA%A8%EB%91%90%EB%B3%B4%EA%B8%B0/aren-%EB%8B%A4%EC%9D%B4%EC%95%84%EB%AA%AC%EB%93%9C-%ED%80%BC%ED%8C%85-%EB%A0%88%EB%8D%94-%ED%81%AC%EB%A1%9C%EC%8A%A4%EB%B0%94%EB%94%94/MMRGATA05BK001.html
MMRGATA05BK001,Aren 다이아몬드 퀼팅 레더 크로스바디,1550000,Black,ACTIVE,나파 레더,,,로고 브라스 플레이트 | 알루미늄 하드웨어,15 x 21 x 10,,,이탈리아,탈부착이 가능하며 길이 조절이 가능한 헤링본 웨빙 스트랩 | 다이아몬드 퀼팅 모티프 | 바닥 부분의 “MCM” 로고 스티칭 | 양방향 지퍼 클로저 | 리사이클 코튼 라이닝,,https://images.mcmworldwide.com/i/mcmworldwide/MMRGATA05BK001_01 | https://images.mcmworldwide.com/i/mcmworldwide/MMRGATA05BK001_09 | https://images.mcmworldwide.com/i/mcmworldwide/MMRGATA05BK001_02 | https://images.mcmworldwide.com/i/mcmworldwide/MMRGATA05BK001_03 | https://images.mcmworldwide.com/i/mcmworldwide/MMRGATA05BK001_04 | https://images.mcmworldwide.com/i/mcmworldwide/MMRGATA05BK001_05 | https://images.mcmworldwide.com/i/mcmworldwide/MMRGATA05BK001_06 | https://images.mcmworldwide.com/i/mcmworldwide/MMRGATA05BK001_10,,https://kr.mcmworldwide.com/ko_KR/%EB%82%A8%EC%84%B1/%EA%B0%80%EB%B0%A9/%ED%81%AC%EB%A1%9C%EC%8A%A4%EB%B0%B1/aren-%EB%8B%A4%EC%9D%B4%EC%95%84%EB%AA%AC%EB%93%9C-%ED%80%BC%ED%8C%85-%EB%A0%88%EB%8D%94-%ED%81%AC%EB%A1%9C%EC%8A%A4%EB%B0%94%EB%94%94/MMRGATA05BK001.html
MMLGATA02BK001,Aren 엠보스드 모노그램 레더 슬링백,1550000,Black,ACTIVE,나파 레더,,코튼 트윌,다크 실버톤 코발트 메탈 하드웨어,9 x 21 x 37,66.5 cm to 116 cm | 66.5cm - 116cm,,이탈리아,길이 조절이 가능한 패브릭 웨빙 스트랩 | 엠보스드 비세토스 모노그램 | 앞면 지퍼 포켓 | 양방향 지퍼 클로저 | 내부 포켓,,https://images.mcmworldwide.com/i/mcmworldwide/MMLGATA02BK001_01 | https://images.mcmworldwide.com/i/mcmworldwide/MMLGATA02BK001_02 | https://images.mcmworldwide.com/i/mcmworldwide/MMLGATA02BK001_03 | https://images.mcmworldwide.com/i/mcmworldwide/MMLGATA02BK001_04 | https://images.mcmworldwide.com/i/mcmworldwide/MMLGATA02BK001_05 | https://images.mcmworldwide.com/i/mcmworldwide/MMLGATA02BK001_10 | https://images.mcmworldwide.com/i/mcmworldwide/MMLGATA02BK001_11,https://images.mcmworldwide.com/v/mcmworldwide/MMLGATA02BK001_VID/webm_720p,https://kr.mcmworldwide.com/ko_KR/%EB%82%A8%EC%84%B1/%EA%B0%80%EB%B0%A9/%EB%AA%A8%EB%91%90%EB%B3%B4%EA%B8%B0/aren-%EC%97%A0%EB%B3%B4%EC%8A%A4%EB%93%9C-%EB%AA%A8%EB%85%B8%EA%B7%B8%EB%9E%A8-%EB%A0%88%EB%8D%94-%EC%8A%AC%EB%A7%81%EB%B0%B1/MMLGATA02BK001.html
MMKGAVE10CO001,MCM X We The Best Stark 비세토스 백팩,1950000,Cognac,ACTIVE,비세토스 모노그램 캔버스,,스웨이드 마감의 극세사,로고 브라스 플레이트 | 건메탈 하드웨어,15 x 32 x 44,74 - 88CM,6.5cm,대한민국,"길이 조절이 가능한 숄더 스트랩 | 탑 핸들 | 탈착 가능한 ""We The Best” 참 | 앞면과 옆면의 지퍼 수납공간 | 양방향 지퍼 클로저 | 13인치 노트북 및 태블릿 수납이 가능한 내부 슬리브 | 울트라스웨이드 트리밍",,https://images.mcmworldwide.com/i/mcmworldwide/MMKGAVE10CO001_01 | https://images.mcmworldwide.com/i/mcmworldwide/MMKGAVE10CO001_09 | https://images.mcmworldwide.com/i/mcmworldwide/MMKGAVE10CO001_02 | https://images.mcmworldwide.com/i/mcmworldwide/MMKGAVE10CO001_03 | https://images.mcmworldwide.com/i/mcmworldwide/MMKGAVE10CO001_04 | https://images.mcmworldwide.com/i/mcmworldwide/MMKGAVE10CO001_05 | https://images.mcmworldwide.com/i/mcmworldwide/MMKGAVE10CO001_06 | https://images.mcmworldwide.com/i/mcmworldwide/MMKGAVE10CO001_10 | https://images.mcmworldwide.com/i/mcmworldwide/MMKGAVE10CO001_11,,https://kr.mcmworldwide.com/ko_KR/%EB%82%A8%EC%84%B1/%EA%B0%80%EB%B0%A9/%EB%AA%A8%EB%91%90%EB%B3%B4%EA%B8%B0/mcm-x-we-the-best-stark-%EB%B9%84%EC%84%B8%ED%86%A0%EC%8A%A4-%EB%B0%B1%ED%8C%A9/MMKGAVE10CO001.html
MMKGAVE10CO001,MCM X We The Best Stark 비세토스 백팩,1950000,Cognac,ACTIVE,비세토스 모노그램 캔버스,,스웨이드 마감의 극세사,로고 브라스 플레이트 | 건메탈 하드웨어,15 x 32 x 44,74 - 88CM,6.5cm,대한민국,"길이 조절이 가능한 숄더 스트랩 | 탑 핸들 | 탈착 가능한 ""We The Best” 참 | 앞면과 옆면의 지퍼 수납공간 | 양방향 지퍼 클로저 | 13인치 노트북 및 태블릿 수납이 가능한 내부 슬리브 | 울트라스웨이드 트리밍",,https://images.mcmworldwide.com/i/mcmworldwide/MMKGAVE10CO001_01 | https://images.mcmworldwide.com/i/mcmworldwide/MMKGAVE10CO001_09 | https://images.mcmworldwide.com/i/mcmworldwide/MMKGAVE10CO001_02 | https://images.mcmworldwide.com/i/mcmworldwide/MMKGAVE10CO001_03 | https://images.mcmworldwide.com/i/mcmworldwide/MMKGAVE10CO001_04 | https://images.mcmworldwide.com/i/mcmworldwide/MMKGAVE10CO001_05 | https://images.mcmworldwide.com/i/mcmworldwide/MMKGAVE10CO001_06 | https://images.mcmworldwide.com/i/mcmworldwide/MMKGAVE10CO001_10 | https://images.mcmworldwide.com/i/mcmworldwide/MMKGAVE10CO001_11,,https://kr.mcmworldwide.com/ko_KR/%EB%82%A8%EC%84%B1/%EA%B0%80%EB%B0%A9/%EB%B0%B1%ED%8C%A9/mcm-x-we-the-best-stark-%EB%B9%84%EC%84%B8%ED%86%A0%EC%8A%A4-%EB%B0%B1%ED%8C%A9/MMKGAVE10CO001.html
MMKGAVE09CO001,MCM X We The Best Stark 비세토스 백팩,1950000,Cognac,ACTIVE,비세토스 모노그램 캔버스,나파 가죽,스웨이드 마감의 극세사,로고 브라스 플레이트 | 24K 앤티크 골드 도금 메탈 하드웨어,15 x 32 x 44,74 - 88CM,6.5cm,대한민국,"길이 조절이 가능한 숄더 스트랩 | 가죽 탑 핸들 | 탈착 가능한 ""We The Best” 참 | 앞면 및 외부 측면 지퍼 포켓 | 양방향 지퍼 클로저 | 13인치 노트북 및 태블릿 수납이 가능한 내부 슬리브",,https://images.mcmworldwide.com/i/mcmworldwide/MMKGAVE09CO001_01 | https://images.mcmworldwide.com/i/mcmworldwide/MMKGAVE09CO001_09 | https://images.mcmworldwide.com/i/mcmworldwide/MMKGAVE09CO001_02 | https://images.mcmworldwide.com/i/mcmworldwide/MMKGAVE09CO001_03 | https://images.mcmworldwide.com/i/mcmworldwide/MMKGAVE09CO001_04 | https://images.mcmworldwide.com/i/mcmworldwide/MMKGAVE09CO001_05 | https://images.mcmworldwide.com/i/mcmworldwide/MMKGAVE09CO001_06 | https://images.mcmworldwide.com/i/mcmworldwide/MMKGAVE09CO001_10 | https://images.mcmworldwide.com/i/mcmworldwide/MMKGAVE09CO001_11 | https://images.mcmworldwide.com/i/mcmworldwide/MMKGAVE09CO001_12,,https://kr.mcmworldwide.com/ko_KR/%EB%82%A8%EC%84%B1/%EA%B0%80%EB%B0%A9/%EB%AA%A8%EB%91%90%EB%B3%B4%EA%B8%B0/mcm-x-we-the-best-stark-%EB%B9%84%EC%84%B8%ED%86%A0%EC%8A%A4-%EB%B0%B1%ED%8C%A9/MMKGAVE09CO001.html
MMKGAVE09CO001,MCM X We The Best Stark 비세토스 백팩,1950000,Cognac,ACTIVE,비세토스 모노그램 캔버스,나파 가죽,스웨이드 마감의 극세사,로고 브라스 플레이트 | 24K 앤티크 골드 도금 메탈 하드웨어,15 x 32 x 44,74 - 88CM,6.5cm,대한민국,"길이 조절이 가능한 숄더 스트랩 | 가죽 탑 핸들 | 탈착 가능한 ""We The Best” 참 | 앞면 및 외부 측면 지퍼 포켓 | 양방향 지퍼 클로저 | 13인치 노트북 및 태블릿 수납이 가능한 내부 슬리브",,https://images.mcmworldwide.com/i/mcmworldwide/MMKGAVE09CO001_01 | https://images.mcmworldwide.com/i/mcmworldwide/MMKGAVE09CO001_09 | https://images.mcmworldwide.com/i/mcmworldwide/MMKGAVE09CO001_02 | https://images.mcmworldwide.com/i/mcmworldwide/MMKGAVE09CO001_03 | https://images.mcmworldwide.com/i/mcmworldwide/MMKGAVE09CO001_04 | https://images.mcmworldwide.com/i/mcmworldwide/MMKGAVE09CO001_05 | https://images.mcmworldwide.com/i/mcmworldwide/MMKGAVE09CO001_06 | https://images.mcmworldwide.com/i/mcmworldwide/MMKGAVE09CO001_10 | https://images.mcmworldwide.com/i/mcmworldwide/MMKGAVE09CO001_11 | https://images.mcmworldwide.com/i/mcmworldwide/MMKGAVE09CO001_12,,https://kr.mcmworldwide.com/ko_KR/%EB%82%A8%EC%84%B1/%EA%B0%80%EB%B0%A9/%EB%B0%B1%ED%8C%A9/mcm-x-we-the-best-stark-%EB%B9%84%EC%84%B8%ED%86%A0%EC%8A%A4-%EB%B0%B1%ED%8C%A9/MMKGAVE09CO001.html
MMVGATT08CO001,MCM X We The Best Ottomar 비세토스 위켄더 백,2290000,Cognac,ACTIVE,비세토스 모노그램 캔버스,나파 가죽,코튼 트윌,앞면의 로고 브라스 플레이트 | 24K 앤티크 골드 도금 메탈 하드웨어,23 x 51 x 29,75cm - 132cm,13.5cm,대한민국,탈착이 가능하며 길이 조절이 가능한 패브칙 웨빙 스트랩 | 가죽 탑 핸들 | 탈착 가능한 “We The Best” 참과 가죽 커버 메탈 자물쇠 및 키 | 양방향 지퍼 클로저 | 내부 슬립 포켓과 지퍼 수납공간 | 캐리어 손잡이에 끼울 수 있는 밴드 | 가방 바닥 보호에 도움을 주는 메탈 피트 | 폴더블 디자인,,https://images.mcmworldwide.com/i/mcmworldwide/MMVGATT08CO001_01 | https://images.mcmworldwide.com/i/mcmworldwide/MMVGATT08CO001_09 | https://images.mcmworldwide.com/i/mcmworldwide/MMVGATT08CO001_02 | https://images.mcmworldwide.com/i/mcmworldwide/MMVGATT08CO001_03 | https://images.mcmworldwide.com/i/mcmworldwide/MMVGATT08CO001_04 | https://images.mcmworldwide.com/i/mcmworldwide/MMVGATT08CO001_05 | https://images.mcmworldwide.com/i/mcmworldwide/MMVGATT08CO001_10 | https://images.mcmworldwide.com/i/mcmworldwide/MMVGATT08CO001_11,,https://kr.mcmworldwide.com/ko_KR/%EB%82%A8%EC%84%B1/%EA%B0%80%EB%B0%A9/%EB%AA%A8%EB%91%90%EB%B3%B4%EA%B8%B0/mcm-x-we-the-best-ottomar-%EB%B9%84%EC%84%B8%ED%86%A0%EC%8A%A4-%EC%9C%84%EC%BC%84%EB%8D%94-%EB%B0%B1/MMVGATT08CO001.html
MYZGATA10CO001,MCM X We The Best 비세토스 크로스바디 파우치,850000,Cognac,ACTIVE,비세토스 모노그램 캔버스,나파 가죽,코튼 트윌,24K 앤티크 골드 도금 메탈 하드웨어,2 x 30 x 21,60cm,,대한민국,"탈착 가능하며 길이 조절이 가능한 가죽 크로스바디 스트랩 | 탈착 가능한 ""We The Best” 참 | 히든 스냅이 있는 뒷면 외부 포켓 | 탑 지퍼 클로저 | 내부 슬립 포켓 및 지퍼 수납공간",,https://images.mcmworldwide.com/i/mcmworldwide/MYZGATA10CO001_01 | https://images.mcmworldwide.com/i/mcmworldwide/MYZGATA10CO001_09 | https://images.mcmworldwide.com/i/mcmworldwide/MYZGATA10CO001_02 | https://images.mcmworldwide.com/i/mcmworldwide/MYZGATA10CO001_03 | https://images.mcmworldwide.com/i/mcmworldwide/MYZGATA10CO001_04 | https://images.mcmworldwide.com/i/mcmworldwide/MYZGATA10CO001_05 | https://images.mcmworldwide.com/i/mcmworldwide/MYZGATA10CO001_10 | https://images.mcmworldwide.com/i/mcmworldwide/MYZGATA10CO001_11 | https://images.mcmworldwide.com/i/mcmworldwide/MYZGATA10CO001_12,,https://kr.mcmworldwide.com/ko_KR/%EB%82%A8%EC%84%B1/%EA%B0%80%EB%B0%A9/%EB%AA%A8%EB%91%90%EB%B3%B4%EA%B8%B0/mcm-x-we-the-best-%EB%B9%84%EC%84%B8%ED%86%A0%EC%8A%A4-%ED%81%AC%EB%A1%9C%EC%8A%A4%EB%B0%94%EB%94%94-%ED%8C%8C%EC%9A%B0%EC%B9%98/MYZGATA10CO001.html
MMKGATA02BK001,Aren 노바 모노그램 ECONYL&reg; 백팩,1450000,Black,ACTIVE,ECONYL® 재생 나일론,,패브릭,로고 브라스 플레이트,9 x 31 x 43,77cm - 92 cm,6cm,대한민국,길이 조절이 가능한 숄더 스트랩 | 비세토스 모노그램 모티프 | 지퍼 클로저 | Interior zip pocket | 나일론 트림 | Dark silver-tone cobalt metal hardware,,https://images.mcmworldwide.com/i/mcmworldwide/MMKGATA02BK001_01 | https://images.mcmworldwide.com/i/mcmworldwide/MMKGATA02BK001_09 | https://images.mcmworldwide.com/i/mcmworldwide/MMKGATA02BK001_02 | https://images.mcmworldwide.com/i/mcmworldwide/MMKGATA02BK001_03 | https://images.mcmworldwide.com/i/mcmworldwide/MMKGATA02BK001_04 | https://images.mcmworldwide.com/i/mcmworldwide/MMKGATA02BK001_05 | https://images.mcmworldwide.com/i/mcmworldwide/MMKGATA02BK001_10,,https://kr.mcmworldwide.com/ko_KR/%EB%82%A8%EC%84%B1/%EA%B0%80%EB%B0%A9/%EB%AA%A8%EB%91%90%EB%B3%B4%EA%B8%B0/aren-%EB%85%B8%EB%B0%94-%EB%AA%A8%EB%85%B8%EA%B7%B8%EB%9E%A8-econyl%C2%AE-%EB%B0%B1%ED%8C%A9/MMKGATA02BK001.html
MMKGATA03MT001,Aren 노바 나일론 백팩,1450000,Multi,ACTIVE,폴리에스터 100%,나일론 100%,패브릭,로고 브라스 플레이트,9 x 31 x 43,77cm - 92 cm,6cm,대한민국,길이 조절이 가능한 숄더 스트랩 | 지퍼 클로저 | 내부 지퍼 포켓 | Dark silver-tone cobalt metal hardware,,https://images.mcmworldwide.com/i/mcmworldwide/MMKGATA03MT001_01 | https://images.mcmworldwide.com/i/mcmworldwide/MMKGATA03MT001_09 | https://images.mcmworldwide.com/i/mcmworldwide/MMKGATA03MT001_02 | https://images.mcmworldwide.com/i/mcmworldwide/MMKGATA03MT001_03 | https://images.mcmworldwide.com/i/mcmworldwide/MMKGATA03MT001_04 | https://images.mcmworldwide.com/i/mcmworldwide/MMKGATA03MT001_05 | https://images.mcmworldwide.com/i/mcmworldwide/MMKGATA03MT001_10 | https://images.mcmworldwide.com/i/mcmworldwide/MMKGATA03MT001_11 | https://images.mcmworldwide.com/i/mcmworldwide/MMKGATA03MT001_12,,https://kr.mcmworldwide.com/ko_KR/%EB%82%A8%EC%84%B1/%EA%B0%80%EB%B0%A9/%EB%AA%A8%EB%91%90%EB%B3%B4%EA%B8%B0/aren-%EB%85%B8%EB%B0%94-%EB%82%98%EC%9D%BC%EB%A1%A0-%EB%B0%B1%ED%8C%A9/MMKGATA03MT001.html
MMTGATA03BK001,Aren 노바 나일론 토트,990000,Black,ACTIVE,100% 나일론,,,로고 브라스 플레이트,12 x 32 x 39,,21cm,대한민국,핸들 스트랩 | D링 참 장식 디테일 | Dark silver-tone cobalt metal hardware,,https://images.mcmworldwide.com/i/mcmworldwide/MMTGATA03BK001_01 | https://images.mcmworldwide.com/i/mcmworldwide/MMTGATA03BK001_09 | https://images.mcmworldwide.com/i/mcmworldwide/MMTGATA03BK001_02 | https://images.mcmworldwide.com/i/mcmworldwide/MMTGATA03BK001_03 | https://images.mcmworldwide.com/i/mcmworldwide/MMTGATA03BK001_04 | https://images.mcmworldwide.com/i/mcmworldwide/MMTGATA03BK001_05 | https://images.mcmworldwide.com/i/mcmworldwide/MMTGATA03BK001_06 | https://images.mcmworldwide.com/i/mcmworldwide/MMTGATA03BK001_10 | https://images.mcmworldwide.com/i/mcmworldwide/MMTGATA03BK001_11,,https://kr.mcmworldwide.com/ko_KR/%EB%82%A8%EC%84%B1/%EA%B0%80%EB%B0%A9/%EB%AA%A8%EB%91%90%EB%B3%B4%EA%B8%B0/aren-%EB%85%B8%EB%B0%94-%EB%82%98%EC%9D%BC%EB%A1%A0-%ED%86%A0%ED%8A%B8/MMTGATA03BK001.html
MMRGATA07BK001,Aren 노바 모노그램 ECONYL&reg; 크로스바디,1090000,Black,ACTIVE,ECONYL® 재생 나일론,,패브릭,로고 브라스 플레이트,7 x 29 x 19,52cm - 109 cm,,대한민국,길이 조절이 가능한 스트랩 | 비세토스 모노그램 모티프 | 양방향 지퍼 클로저 | Interior zip pocket | 나일론 트림 | Dark silver-tone cobalt metal hardware,,https://images.mcmworldwide.com/i/mcmworldwide/MMRGATA07BK001_01 | https://images.mcmworldwide.com/i/mcmworldwide/MMRGATA07BK001_09 | https://images.mcmworldwide.com/i/mcmworldwide/MMRGATA07BK001_02 | https://images.mcmworldwide.com/i/mcmworldwide/MMRGATA07BK001_03 | https://images.mcmworldwide.com/i/mcmworldwide/MMRGATA07BK001_04 | https://images.mcmworldwide.com/i/mcmworldwide/MMRGATA07BK001_05 | https://images.mcmworldwide.com/i/mcmworldwide/MMRGATA07BK001_10,,https://kr.mcmworldwide.com/ko_KR/%EB%82%A8%EC%84%B1/%EA%B0%80%EB%B0%A9/%EB%AA%A8%EB%91%90%EB%B3%B4%EA%B8%B0/aren-%EB%85%B8%EB%B0%94-%EB%AA%A8%EB%85%B8%EA%B7%B8%EB%9E%A8-econyl%C2%AE-%ED%81%AC%EB%A1%9C%EC%8A%A4%EB%B0%94%EB%94%94/MMRGATA07BK001.html
MMTGATA01BK001,Aren 노바 모노그램 ECONYL&reg; 토트,1350000,Black,ACTIVE,ECONYL® 재생 나일론,,패브릭,로고 브라스 플레이트,10 x 46 x 34,19cm -32cm,27cm,대한민국,길이 조절이 가능한 핸들 스트랩 | 비세토스 모노그램 모티프 | 지퍼 클로저 | Interior zip pocket | 나일론 트림 | Dark silver-tone cobalt metal hardware,,https://images.mcmworldwide.com/i/mcmworldwide/MMTGATA01BK001_01 | https://images.mcmworldwide.com/i/mcmworldwide/MMTGATA01BK001_09 | https://images.mcmworldwide.com/i/mcmworldwide/MMTGATA01BK001_02 | https://images.mcmworldwide.com/i/mcmworldwide/MMTGATA01BK001_03 | https://images.mcmworldwide.com/i/mcmworldwide/MMTGATA01BK001_04 | https://images.mcmworldwide.com/i/mcmworldwide/MMTGATA01BK001_05 | https://images.mcmworldwide.com/i/mcmworldwide/MMTGATA01BK001_06 | https://images.mcmworldwide.com/i/mcmworldwide/MMTGATA01BK001_10 | https://images.mcmworldwide.com/i/mcmworldwide/MMTGATA01BK001_11,,https://kr.mcmworldwide.com/ko_KR/%EB%82%A8%EC%84%B1/%EA%B0%80%EB%B0%A9/%EB%AA%A8%EB%91%90%EB%B3%B4%EA%B8%B0/aren-%EB%85%B8%EB%B0%94-%EB%AA%A8%EB%85%B8%EA%B7%B8%EB%9E%A8-econyl%C2%AE-%ED%86%A0%ED%8A%B8/MMTGATA01BK001.html
MMTGATA02MT001,Aren 노바 나일론 토트,1350000,Multi,ACTIVE,폴리에스터 100%,나일론 100%,패브릭,로고 브라스 플레이트,10 x 46 x 34,19cm -32cm,27cm,대한민국,길이 조절이 가능한 핸들 스트랩 | 지퍼 클로저 | 내부 지퍼 포켓 | Dark silver-tone cobalt metal hardware,,https://images.mcmworldwide.com/i/mcmworldwide/MMTGATA02MT001_01 | https://images.mcmworldwide.com/i/mcmworldwide/MMTGATA02MT001_09 | https://images.mcmworldwide.com/i/mcmworldwide/MMTGATA02MT001_02 | https://images.mcmworldwide.com/i/mcmworldwide/MMTGATA02MT001_03 | https://images.mcmworldwide.com/i/mcmworldwide/MMTGATA02MT001_04 | https://images.mcmworldwide.com/i/mcmworldwide/MMTGATA02MT001_05 | https://images.mcmworldwide.com/i/mcmworldwide/MMTGATA02MT001_06 | https://images.mcmworldwide.com/i/mcmworldwide/MMTGATA02MT001_10 | https://images.mcmworldwide.com/i/mcmworldwide/MMTGATA02MT001_11,,https://kr.mcmworldwide.com/ko_KR/%EB%82%A8%EC%84%B1/%EA%B0%80%EB%B0%A9/%EB%AA%A8%EB%91%90%EB%B3%B4%EA%B8%B0/aren-%EB%85%B8%EB%B0%94-%EB%82%98%EC%9D%BC%EB%A1%A0-%ED%86%A0%ED%8A%B8/MMTGATA02MT001.html
MMVGATT06BK001,Aren 노바 모노그램 ECONYL&reg; 위켄더,1850000,Black,ACTIVE,ECONYL® 재생 나일론,,패브릭,로고 브라스 플레이트,20 x 53 x 30,89cm -132cm,29cm,대한민국,탈부착이 가능하며 길이 조절이 가능한 스트랩 | 탑핸들 | 비세토스 모노그램 모티프 | Zip closure | Interior zip pocket | 나일론 트림 | Dark silver-tone cobalt metal hardware,,https://images.mcmworldwide.com/i/mcmworldwide/MMVGATT06BK001_01 | https://images.mcmworldwide.com/i/mcmworldwide/MMVGATT06BK001_09 | https://images.mcmworldwide.com/i/mcmworldwide/MMVGATT06BK001_02 | https://images.mcmworldwide.com/i/mcmworldwide/MMVGATT06BK001_03 | https://images.mcmworldwide.com/i/mcmworldwide/MMVGATT06BK001_04 | https://images.mcmworldwide.com/i/mcmworldwide/MMVGATT06BK001_05 | https://images.mcmworldwide.com/i/mcmworldwide/MMVGATT06BK001_06 | https://images.mcmworldwide.com/i/mcmworldwide/MMVGATT06BK001_11 | https://images.mcmworldwide.com/i/mcmworldwide/MMVGATT06BK001_12 | https://images.mcmworldwide.com/i/mcmworldwide/MMVGATT06BK001_14,,https://kr.mcmworldwide.com/ko_KR/%EB%82%A8%EC%84%B1/%EA%B0%80%EB%B0%A9/%EB%AA%A8%EB%91%90%EB%B3%B4%EA%B8%B0/aren-%EB%85%B8%EB%B0%94-%EB%AA%A8%EB%85%B8%EA%B7%B8%EB%9E%A8-econyl%C2%AE-%EC%9C%84%EC%BC%84%EB%8D%94/MMVGATT06BK001.html
MMVGATT07K8001,Ottomar 비세토스 위켄더,2190000,Beige,ACTIVE,비세토스 모노그램 캔버스,나파 가죽,스웨이드 마감의 극세사,로고 브라스 플레이트 | 실버톤 코발트 브라스 하드웨어,25 x 55 x 31,75cm - 132cm,13.5cm,대한민국,탈착이 가능하며 길이 조절이 가능한 패브칙 웨빙 스트랩 | 가죽 탑 핸들 | 자물쇠와 키가 달린 탈착 가능한 가죽 행 태그 | 양방향 지퍼 클로저 | 내부 슬립 포켓 및 지퍼 포켓 | 캐리어 손잡이에 끼울 수 있는 밴드 | 가방 바닥 보호에 도움을 주는 메탈 피트,,https://images.mcmworldwide.com/i/mcmworldwide/MMVGATT07K8001_01 | https://images.mcmworldwide.com/i/mcmworldwide/MMVGATT07K8001_09 | https://images.mcmworldwide.com/i/mcmworldwide/MMVGATT07K8001_02 | https://images.mcmworldwide.com/i/mcmworldwide/MMVGATT07K8001_03 | https://images.mcmworldwide.com/i/mcmworldwide/MMVGATT07K8001_04 | https://images.mcmworldwide.com/i/mcmworldwide/MMVGATT07K8001_05 | https://images.mcmworldwide.com/i/mcmworldwide/MMVGATT07K8001_10,,https://kr.mcmworldwide.com/ko_KR/%EB%82%A8%EC%84%B1/%EA%B0%80%EB%B0%A9/%EB%AA%A8%EB%91%90%EB%B3%B4%EA%B8%B0/ottomar-%EB%B9%84%EC%84%B8%ED%86%A0%EC%8A%A4-%EC%9C%84%EC%BC%84%EB%8D%94/MMVGATT07K8001.html
MMKEAVE14CO001,스타크 사이드 스터드 비세토스 백팩,1750000,Cognac,ACTIVE,비세토스 모노그램 캔버스,천연 나파 가죽,인조 나파,코발트 금속 장식 | 24K 도금 메탈 금속 장식,13 x 30 x 38,71cm ~ 87cm,7.5cm,대한민국,조절 가능한 어깨 스트랩 | 가죽 손잡이 부분 | MCM 로고 플레이트. | 전면 지퍼 수납공간 | 외부 사이드 포켓과 피라미드 모양 스터드 장식 | 양방향 지퍼 클로저 | 내부 포켓 및 13인치 노트북 또는 태블릿을 위한 슬리브,MMKEAVE14BK001,https://images.mcmworldwide.com/i/mcmworldwide/MMKEAVE14CO001_01 | https://images.mcmworldwide.com/i/mcmworldwide/MMKEAVE14CO001_09 | https://images.mcmworldwide.com/i/mcmworldwide/MMKEAVE14CO001_02 | https://images.mcmworldwide.com/i/mcmworldwide/MMKEAVE14CO001_03 | https://images.mcmworldwide.com/i/mcmworldwide/MMKEAVE14CO001_04 | https://images.mcmworldwide.com/i/mcmworldwide/MMKEAVE14CO001_05 | https://images.mcmworldwide.com/i/mcmworldwide/MMKEAVE14CO001_06 | https://images.mcmworldwide.com/i/mcmworldwide/MMKEAVE14CO001_10 | https://images.mcmworldwide.com/i/mcmworldwide/MMKEAVE14CO001_11,,https://kr.mcmworldwide.com/ko_KR/%EB%82%A8%EC%84%B1/%EA%B0%80%EB%B0%A9/%EB%AA%A8%EB%91%90%EB%B3%B4%EA%B8%B0/%EC%8A%A4%ED%83%80%ED%81%AC-%EC%82%AC%EC%9D%B4%EB%93%9C-%EC%8A%A4%ED%84%B0%EB%93%9C-%EB%B9%84%EC%84%B8%ED%86%A0%EC%8A%A4-%EB%B0%B1%ED%8C%A9/MMKEAVE14CO001.html
MMKEAVE14CO001,스타크 사이드 스터드 비세토스 백팩,1750000,Cognac,ACTIVE,비세토스 모노그램 캔버스,천연 나파 가죽,인조 나파,코발트 금속 장식 | 24K 도금 메탈 금속 장식,13 x 30 x 38,71cm ~ 87cm,7.5cm,대한민국,조절 가능한 어깨 스트랩 | 가죽 손잡이 부분 | MCM 로고 플레이트. | 전면 지퍼 수납공간 | 외부 사이드 포켓과 피라미드 모양 스터드 장식 | 양방향 지퍼 클로저 | 내부 포켓 및 13인치 노트북 또는 태블릿을 위한 슬리브,MMKEAVE14BK001,https://images.mcmworldwide.com/i/mcmworldwide/MMKEAVE14CO001_01 | https://images.mcmworldwide.com/i/mcmworldwide/MMKEAVE14CO001_09 | https://images.mcmworldwide.com/i/mcmworldwide/MMKEAVE14CO001_02 | https://images.mcmworldwide.com/i/mcmworldwide/MMKEAVE14CO001_03 | https://images.mcmworldwide.com/i/mcmworldwide/MMKEAVE14CO001_04 | https://images.mcmworldwide.com/i/mcmworldwide/MMKEAVE14CO001_05 | https://images.mcmworldwide.com/i/mcmworldwide/MMKEAVE14CO001_06 | https://images.mcmworldwide.com/i/mcmworldwide/MMKEAVE14CO001_10 | https://images.mcmworldwide.com/i/mcmworldwide/MMKEAVE14CO001_11,,https://kr.mcmworldwide.com/ko_KR/%EB%82%A8%EC%84%B1/%EA%B0%80%EB%B0%A9/%EB%B0%B1%ED%8C%A9/%EC%8A%A4%ED%83%80%ED%81%AC-%EC%82%AC%EC%9D%B4%EB%93%9C-%EC%8A%A4%ED%84%B0%EB%93%9C-%EB%B9%84%EC%84%B8%ED%86%A0%EC%8A%A4-%EB%B0%B1%ED%8C%A9/MMKEAVE14CO001.html
MMKEAVE14BK001,스타크 사이드 스터드 비세토스 백팩,1750000,Black,ACTIVE,비세토스 모노그램 캔버스,천연 나파 가죽,인조 나파,24K 도금 금속 장식 | 다크 톤 코발트 메탈 하드웨어.,13 x 30 x 38,71cm ~ 87cm,7.5cm,대한민국,조절 가능한 어깨 스트랩 | 가죽 손잡이 부분 | MCM 로고 플레이트. | 전면 지퍼 수납공간 | 외부 사이드 포켓과 피라미드 모양 스터드 장식 | 양방향 지퍼 클로저 | 내부 포켓 및 13인치 노트북 또는 태블릿을 위한 슬리브 | MCM 로고 플레이트,MMKEAVE14CO001,https://images.mcmworldwide.com/i/mcmworldwide/MMKEAVE14BK001_01 | https://images.mcmworldwide.com/i/mcmworldwide/MMKEAVE14BK001_09 | https://images.mcmworldwide.com/i/mcmworldwide/MMKEAVE14BK001_02 | https://images.mcmworldwide.com/i/mcmworldwide/MMKEAVE14BK001_03 | https://images.mcmworldwide.com/i/mcmworldwide/MMKEAVE14BK001_04 | https://images.mcmworldwide.com/i/mcmworldwide/MMKEAVE14BK001_10 | https://images.mcmworldwide.com/i/mcmworldwide/MMKEAVE14BK001_11,,https://kr.mcmworldwide.com/ko_KR/%EB%82%A8%EC%84%B1/%EA%B0%80%EB%B0%A9/%EB%B0%B1%ED%8C%A9/%EC%8A%A4%ED%83%80%ED%81%AC-%EC%82%AC%EC%9D%B4%EB%93%9C-%EC%8A%A4%ED%84%B0%EB%93%9C-%EB%B9%84%EC%84%B8%ED%86%A0%EC%8A%A4-%EB%B0%B1%ED%8C%A9/MMKEAVE14BK001.html
MMLGATA04CO001,Aren 비세토스 슬링백,1150000,Cognac,ACTIVE,비세토스 모노그램 캔버스,나파 가죽,코튼 트윌,24K 골드 도금 브라스 하드웨어,7 x 17 x 26,63 cm to 110 cm | 63cm - 110cm,,대한민국,길이 조절이 가능한 패브릭 웨빙 스트랩 | 앞면 지퍼 포켓 | 외부 포켓 | 양방향 지퍼 클로저,,https://images.mcmworldwide.com/i/mcmworldwide/MMLGATA04CO001_01 | https://images.mcmworldwide.com/i/mcmworldwide/MMLGATA04CO001_09 | https://images.mcmworldwide.com/i/mcmworldwide/MMLGATA04CO001_02 | https://images.mcmworldwide.com/i/mcmworldwide/MMLGATA04CO001_03 | https://images.mcmworldwide.com/i/mcmworldwide/MMLGATA04CO001_04 | https://images.mcmworldwide.com/i/mcmworldwide/MMLGATA04CO001_05 | https://images.mcmworldwide.com/i/mcmworldwide/MMLGATA04CO001_10,https://images.mcmworldwide.com/v/mcmworldwide/MMLGATA04CO001_VID/webm_720p,https://kr.mcmworldwide.com/ko_KR/%EB%82%A8%EC%84%B1/%EA%B0%80%EB%B0%A9/%EB%AA%A8%EB%91%90%EB%B3%B4%EA%B8%B0/aren-%EB%B9%84%EC%84%B8%ED%86%A0%EC%8A%A4-%EC%8A%AC%EB%A7%81%EB%B0%B1/MMLGATA04CO001.html
MMRFSTA05CO001,Aren 비세토스 크로스바디,850000,Cognac,ACTIVE,비세토스 모노그램 캔버스,천연 나파 가죽,,24K 도금 브라스 금속 장식,7 x 20 x 16,86cm~136cm,,대한민국,탈착 및 조절 가능한 헤링본 웨빙 스트랩 | 전면 지퍼 수납공간 | 뒷면 외부 포켓 | 지퍼 클로저. | 내부 포켓. | 코튼 트윌 안감.,MMRFSTA05BK001 | MMRGSTA07PZ001,https://images.mcmworldwide.com/i/mcmworldwide/MMRFSTA05CO001_01 | https://images.mcmworldwide.com/i/mcmworldwide/MMRFSTA05CO001_09 | https://images.mcmworldwide.com/i/mcmworldwide/MMRFSTA05CO001_02 | https://images.mcmworldwide.com/i/mcmworldwide/MMRFSTA05CO001_03 | https://images.mcmworldwide.com/i/mcmworldwide/MMRFSTA05CO001_04 | https://images.mcmworldwide.com/i/mcmworldwide/MMRFSTA05CO001_10,https://images.mcmworldwide.com/v/mcmworldwide/MMRFSTA05CO001_VID/webm_720p,https://kr.mcmworldwide.com/ko_KR/%EB%82%A8%EC%84%B1/%EA%B0%80%EB%B0%A9/%EB%AA%A8%EB%91%90%EB%B3%B4%EA%B8%B0/aren-%EB%B9%84%EC%84%B8%ED%86%A0%EC%8A%A4-%ED%81%AC%EB%A1%9C%EC%8A%A4%EB%B0%94%EB%94%94/MMRFSTA05CO001.html
MMRFSTA05CO001,Aren 비세토스 크로스바디,850000,Cognac,ACTIVE,비세토스 모노그램 캔버스,천연 나파 가죽,,24K 도금 브라스 금속 장식,7 x 20 x 16,86cm~136cm,,대한민국,탈착 및 조절 가능한 헤링본 웨빙 스트랩 | 전면 지퍼 수납공간 | 뒷면 외부 포켓 | 지퍼 클로저. | 내부 포켓. | 코튼 트윌 안감.,MMRFSTA05BK001 | MMRGSTA07PZ001,https://images.mcmworldwide.com/i/mcmworldwide/MMRFSTA05CO001_01 | https://images.mcmworldwide.com/i/mcmworldwide/MMRFSTA05CO001_09 | https://images.mcmworldwide.com/i/mcmworldwide/MMRFSTA05CO001_02 | https://images.mcmworldwide.com/i/mcmworldwide/MMRFSTA05CO001_03 | https://images.mcmworldwide.com/i/mcmworldwide/MMRFSTA05CO001_04 | https://images.mcmworldwide.com/i/mcmworldwide/MMRFSTA05CO001_10,https://images.mcmworldwide.com/v/mcmworldwide/MMRFSTA05CO001_VID/webm_720p,https://kr.mcmworldwide.com/ko_KR/%EB%82%A8%EC%84%B1/%EA%B0%80%EB%B0%A9/%ED%81%AC%EB%A1%9C%EC%8A%A4%EB%B0%B1/aren-%EB%B9%84%EC%84%B8%ED%86%A0%EC%8A%A4-%ED%81%AC%EB%A1%9C%EC%8A%A4%EB%B0%94%EB%94%94/MMRFSTA05CO001.html
MMRFSTA05BK001,Aren 비세토스 크로스바디,850000,Black,ACTIVE,비세토스 모노그램 캔버스,천연 나파 가죽,,앤틱 실버톤 금속 장식,7 x 20 x 16,86cm~136cm,,대한민국,탈착 및 조절 가능한 헤링본 웨빙 스트랩 | 전면 지퍼 수납공간 | 뒷면 외부 포켓 | 지퍼 클로저 | 내부 포켓. | 코튼 트윌 안감.,MMRFSTA05CO001 | MMRGSTA07PZ001,https://images.mcmworldwide.com/i/mcmworldwide/MMRFSTA05BK001_01 | https://images.mcmworldwide.com/i/mcmworldwide/MMRFSTA05BK001_09 | https://images.mcmworldwide.com/i/mcmworldwide/MMRFSTA05BK001_02 | https://images.mcmworldwide.com/i/mcmworldwide/MMRFSTA05BK001_03 | https://images.mcmworldwide.com/i/mcmworldwide/MMRFSTA05BK001_04 | https://images.mcmworldwide.com/i/mcmworldwide/MMRFSTA05BK001_10,https://images.mcmworldwide.com/v/mcmworldwide/MMRFSTA05BK001_VID/webm_720p,https://kr.mcmworldwide.com/ko_KR/%EB%82%A8%EC%84%B1/%EA%B0%80%EB%B0%A9/%ED%81%AC%EB%A1%9C%EC%8A%A4%EB%B0%B1/aren-%EB%B9%84%EC%84%B8%ED%86%A0%EC%8A%A4-%ED%81%AC%EB%A1%9C%EC%8A%A4%EB%B0%94%EB%94%94/MMRFSTA05BK001.html
MMRGSTA07PZ001,Aren 비세토스 크로스바디,850000,Pink,ACTIVE,비세토스 모노그램 캔버스,천연 나파 가죽,코튼 트윌,16K 골드 도금 메탈 하드웨어,7 x 20 x 16,86 cm to 136 cm,,대한민국,탈부착이 가능하며 길이 조절이 가능한 헤링본 웨빙 스트랩 | 앞면 지퍼 포켓 | 뒷면의 외부 포켓 | 지퍼 클로저 | 가죽 패치가 더해진 내부 포켓,MMRFSTA05BK001 | MMRFSTA05CO001,https://images.mcmworldwide.com/i/mcmworldwide/MMRGSTA07PZ001_01 | https://images.mcmworldwide.com/i/mcmworldwide/MMRGSTA07PZ001_09 | https://images.mcmworldwide.com/i/mcmworldwide/MMRGSTA07PZ001_02 | https://images.mcmworldwide.com/i/mcmworldwide/MMRGSTA07PZ001_03 | https://images.mcmworldwide.com/i/mcmworldwide/MMRGSTA07PZ001_04 | https://images.mcmworldwide.com/i/mcmworldwide/MMRGSTA07PZ001_05 | https://images.mcmworldwide.com/i/mcmworldwide/MMRGSTA07PZ001_10 | https://images.mcmworldwide.com/i/mcmworldwide/MMRGSTA07PZ001_11,https://images.mcmworldwide.com/v/mcmworldwide/MMRGSTA07PZ001_VID/webm_720p,https://kr.mcmworldwide.com/ko_KR/%EB%82%A8%EC%84%B1/%EA%B0%80%EB%B0%A9/%ED%81%AC%EB%A1%9C%EC%8A%A4%EB%B0%B1/aren-%EB%B9%84%EC%84%B8%ED%86%A0%EC%8A%A4-%ED%81%AC%EB%A1%9C%EC%8A%A4%EB%B0%94%EB%94%94/MMRGSTA07PZ001.html
MMVAAVY02CO001,Ottomar 비세토스 위켄더,2050000,Cognac,ACTIVE,비세토스 모노그램 캔버스,천연 가죽,,앞면의 로고 브라스 플레이트 | 24K 도금 메탈 금속 장식,23 x 51 x 29,75cm ~ 132cm,13.5cm,대한민국,탈부착 및 길이 조절 가능한 패브릭 웨빙 스트랩 | 가죽 손잡이 부분 | TSA 잠금장치 | 양방향 확장 지퍼 클로저 | 내부 슬립 포켓 및 지퍼 수납공간 | 뒷면의 외부 캐리어 슬리브 | 보호용 메탈 바닥 받침. | 폴더블 디자인 | 코튼 트윌 안감. | 보호용 메탈 피트,MMVAAVY02BK001,https://images.mcmworldwide.com/i/mcmworldwide/MMVAAVY02CO001_01 | https://images.mcmworldwide.com/i/mcmworldwide/MMVAAVY02CO001_09 | https://images.mcmworldwide.com/i/mcmworldwide/MMVAAVY02CO001_02 | https://images.mcmworldwide.com/i/mcmworldwide/MMVAAVY02CO001_03 | https://images.mcmworldwide.com/i/mcmworldwide/MMVAAVY02CO001_04 | https://images.mcmworldwide.com/i/mcmworldwide/MMVAAVY02CO001_10,https://images.mcmworldwide.com/v/mcmworldwide/MMVAAVY02CO001_VID/webm_720p,https://kr.mcmworldwide.com/ko_KR/%EB%82%A8%EC%84%B1/%EA%B0%80%EB%B0%A9/%EB%AA%A8%EB%91%90%EB%B3%B4%EA%B8%B0/ottomar-%EB%B9%84%EC%84%B8%ED%86%A0%EC%8A%A4-%EC%9C%84%EC%BC%84%EB%8D%94/MMVAAVY02CO001.html
MMVAAVY02CO001,Ottomar 비세토스 위켄더,2050000,Cognac,ACTIVE,비세토스 모노그램 캔버스,천연 가죽,,앞면의 로고 브라스 플레이트 | 24K 도금 메탈 금속 장식,23 x 51 x 29,75cm ~ 132cm,13.5cm,대한민국,탈부착 및 길이 조절 가능한 패브릭 웨빙 스트랩 | 가죽 손잡이 부분 | TSA 잠금장치 | 양방향 확장 지퍼 클로저 | 내부 슬립 포켓 및 지퍼 수납공간 | 뒷면의 외부 캐리어 슬리브 | 보호용 메탈 바닥 받침. | 폴더블 디자인 | 코튼 트윌 안감. | 보호용 메탈 피트,MMVAAVY02BK001,https://images.mcmworldwide.com/i/mcmworldwide/MMVAAVY02CO001_01 | https://images.mcmworldwide.com/i/mcmworldwide/MMVAAVY02CO001_09 | https://images.mcmworldwide.com/i/mcmworldwide/MMVAAVY02CO001_02 | https://images.mcmworldwide.com/i/mcmworldwide/MMVAAVY02CO001_03 | https://images.mcmworldwide.com/i/mcmworldwide/MMVAAVY02CO001_04 | https://images.mcmworldwide.com/i/mcmworldwide/MMVAAVY02CO001_10,https://images.mcmworldwide.com/v/mcmworldwide/MMVAAVY02CO001_VID/webm_720p,https://kr.mcmworldwide.com/ko_KR/%ED%8A%B8%EB%9E%98%EB%B8%94/%EB%9F%AC%EA%B8%B0%EC%A7%80-%EB%B0%B1/ottomar-%EB%B9%84%EC%84%B8%ED%86%A0%EC%8A%A4-%EC%9C%84%EC%BC%84%EB%8D%94/MMVAAVY02CO001.html
MMVAAVY02BK001,Ottomar 비세토스 위켄더,2050000,Black,ACTIVE,비세토스 모노그램 캔버스,천연 가죽,,앞면의 로고 브라스 플레이트 | 다크 실버 톤 코발트 메탈 하드웨어.,23 x 51 x 29,75cm ~ 132cm,13.5cm,대한민국,탈부착 및 길이 조절 가능한 패브릭 웨빙 스트랩 | 가죽 손잡이 부분 | TSA 잠금장치 | 양방향 확장 지퍼 클로저 | 내부 슬립 포켓 및 지퍼 수납공간 | 뒷면의 외부 캐리어 슬리브 | 보호용 메탈 바닥 받침. | 폴더블 디자인 | 코튼 트윌 안감. | 보호용 메탈 피트,MMVAAVY02CO001,https://images.mcmworldwide.com/i/mcmworldwide/MMVAAVY02BK001_01 | https://images.mcmworldwide.com/i/mcmworldwide/MMVAAVY02BK001_09 | https://images.mcmworldwide.com/i/mcmworldwide/MMVAAVY02BK001_02 | https://images.mcmworldwide.com/i/mcmworldwide/MMVAAVY02BK001_03 | https://images.mcmworldwide.com/i/mcmworldwide/MMVAAVY02BK001_04 | https://images.mcmworldwide.com/i/mcmworldwide/MMVAAVY02BK001_10 | https://images.mcmworldwide.com/i/mcmworldwide/MMVAAVY02BK001_11,https://images.mcmworldwide.com/v/mcmworldwide/MMVAAVY02BK001_VID/webm_720p,https://kr.mcmworldwide.com/ko_KR/%ED%8A%B8%EB%9E%98%EB%B8%94/%EB%9F%AC%EA%B8%B0%EC%A7%80-%EB%B0%B1/ottomar-%EB%B9%84%EC%84%B8%ED%86%A0%EC%8A%A4-%EC%9C%84%EC%BC%84%EB%8D%94/MMVAAVY02BK001.html
MMKDAVE02BK001,Stark 맥시 모노그램 레더 백팩,2390000,Black,ACTIVE,천연 나파 가죽,,스웨이드 마감 마이크로파이버,다크 금속 장식,15 x 33 x 42,75cm~89cm,7.5cm,대한민국,로고 우븐 패브릭 어깨 스트랩 | 가죽 손잡이 부분 | 엠보스드 맥시 비세토스 모노그램 | 전면 지퍼 수납공간 | 옆면 슬립 포켓 | 양방향 지퍼 클로저 | 내부 포켓 및 13인치 노트북과 태블릿을 위한 슬리브 | 패딩 뒷면 패널,MMKDAVE02VC001,https://images.mcmworldwide.com/i/mcmworldwide/MMKDAVE02BK001_01 | https://images.mcmworldwide.com/i/mcmworldwide/MMKDAVE02BK001_09 | https://images.mcmworldwide.com/i/mcmworldwide/MMKDAVE02BK001_02 | https://images.mcmworldwide.com/i/mcmworldwide/MMKDAVE02BK001_03 | https://images.mcmworldwide.com/i/mcmworldwide/MMKDAVE02BK001_04 | https://images.mcmworldwide.com/i/mcmworldwide/MMKDAVE02BK001_10 | https://images.mcmworldwide.com/i/mcmworldwide/MMKDAVE02BK001_11 | https://images.mcmworldwide.com/i/mcmworldwide/MMKDAVE02BK001_12,https://images.mcmworldwide.com/v/mcmworldwide/MMKDAVE02BK001_VID/webm_720p,https://kr.mcmworldwide.com/ko_KR/%EB%82%A8%EC%84%B1/%EA%B0%80%EB%B0%A9/%EB%AA%A8%EB%91%90%EB%B3%B4%EA%B8%B0/stark-%EB%A7%A5%EC%8B%9C-%EB%AA%A8%EB%85%B8%EA%B7%B8%EB%9E%A8-%EB%A0%88%EB%8D%94-%EB%B0%B1%ED%8C%A9/MMKDAVE02BK001.html
MMKGSVE04BK001,Stark 맥시 모노그램 레더 백팩,2090000,Black,ACTIVE,천연 풀 그레인 레더,,스웨이드 마감의 극세사,다크 메탈 하드웨어,14 x 28 x 35,75 cm - 89 cm,6 cm,이탈리아,로고 우븐 패브릭 숄더 스트랩 | 가죽 탑 핸들 | 엠보싱 처리된 맥시 비세토스 모노그램 | 앞면 지퍼 포켓 | 외부 사이드 슬립 포켓 | 양방향 지퍼 클로저 | 내부 수납공간 | Padded back panel,,https://images.mcmworldwide.com/i/mcmworldwide/MMKGSVE04BK001_01 | https://images.mcmworldwide.com/i/mcmworldwide/MMKGSVE04BK001_09 | https://images.mcmworldwide.com/i/mcmworldwide/MMKGSVE04BK001_02 | https://images.mcmworldwide.com/i/mcmworldwide/MMKGSVE04BK001_03 | https://images.mcmworldwide.com/i/mcmworldwide/MMKGSVE04BK001_04 | https://images.mcmworldwide.com/i/mcmworldwide/MMKGSVE04BK001_05 | https://images.mcmworldwide.com/i/mcmworldwide/MMKGSVE04BK001_10 | https://images.mcmworldwide.com/i/mcmworldwide/MMKGSVE04BK001_11,https://images.mcmworldwide.com/v/mcmworldwide/MMKGSVE04BK001_VID/webm_720p,https://kr.mcmworldwide.com/ko_KR/%EB%82%A8%EC%84%B1/%EA%B0%80%EB%B0%A9/%EB%AA%A8%EB%91%90%EB%B3%B4%EA%B8%B0/stark-%EB%A7%A5%EC%8B%9C-%EB%AA%A8%EB%85%B8%EA%B7%B8%EB%9E%A8-%EB%A0%88%EB%8D%94-%EB%B0%B1%ED%8C%A9/MMKGSVE04BK001.html
MYLGATA03BK001,Pina 스터드 장식 크로스바디 월렛,930000,Black,ACTIVE,100% 카프스킨,나파 가죽,패브릭,로고 브라스 플레이트 | 24K 골드 도금 브라스 하드웨어,4 x 20 x 11,133cm - 157cm,55cm,대한민국,"탈부착이 가능하며 길이 조절이 가능한 가죽 스트랩 | 금속 로고 스터드 장식 | 스냅 클로저 | 내부 카드 슬롯, 지폐 수납공간, 지퍼 수납공간",,https://images.mcmworldwide.com/i/mcmworldwide/MYLGATA03BK001_01 | https://images.mcmworldwide.com/i/mcmworldwide/MYLGATA03BK001_09 | https://images.mcmworldwide.com/i/mcmworldwide/MYLGATA03BK001_03 | https://images.mcmworldwide.com/i/mcmworldwide/MYLGATA03BK001_04 | https://images.mcmworldwide.com/i/mcmworldwide/MYLGATA03BK001_05 | https://images.mcmworldwide.com/i/mcmworldwide/MYLGATA03BK001_10,,https://kr.mcmworldwide.com/ko_KR/%EC%97%AC%EC%84%B1/%EC%A7%80%EA%B0%91-%EB%A0%88%EB%8D%94%EC%86%8C%ED%92%88/%EB%AA%A8%EB%91%90%EB%B3%B4%EA%B8%B0/pina-%EC%8A%A4%ED%84%B0%EB%93%9C-%EC%9E%A5%EC%8B%9D-%ED%81%AC%EB%A1%9C%EC%8A%A4%EB%B0%94%EB%94%94-%EC%9B%94%EB%A0%9B/MYLGATA03BK001.html
MYLGATA03BK001,Pina 스터드 장식 크로스바디 월렛,930000,Black,ACTIVE,100% 카프스킨,나파 가죽,패브릭,로고 브라스 플레이트 | 24K 골드 도금 브라스 하드웨어,4 x 20 x 11,133cm - 157cm,55cm,대한민국,"탈부착이 가능하며 길이 조절이 가능한 가죽 스트랩 | 금속 로고 스터드 장식 | 스냅 클로저 | 내부 카드 슬롯, 지폐 수납공간, 지퍼 수납공간",,https://images.mcmworldwide.com/i/mcmworldwide/MYLGATA03BK001_01 | https://images.mcmworldwide.com/i/mcmworldwide/MYLGATA03BK001_09 | https://images.mcmworldwide.com/i/mcmworldwide/MYLGATA03BK001_03 | https://images.mcmworldwide.com/i/mcmworldwide/MYLGATA03BK001_04 | https://images.mcmworldwide.com/i/mcmworldwide/MYLGATA03BK001_05 | https://images.mcmworldwide.com/i/mcmworldwide/MYLGATA03BK001_10,,https://kr.mcmworldwide.com/ko_KR/%EC%97%AC%EC%84%B1/%EC%A7%80%EA%B0%91-%EB%A0%88%EB%8D%94%EC%86%8C%ED%92%88/%EC%B2%B4%EC%9D%B8-%EC%A7%80%EA%B0%91/pina-%EC%8A%A4%ED%84%B0%EB%93%9C-%EC%9E%A5%EC%8B%9D-%ED%81%AC%EB%A1%9C%EC%8A%A4%EB%B0%94%EB%94%94-%EC%9B%94%EB%A0%9B/MYLGATA03BK001.html
MYLGATA01CO001,Pina 스터드 장식 크로스바디 월렛,830000,Cognac,ACTIVE,비세토스 모노그램 캔버스,나파 가죽,패브릭,로고 브라스 플레이트 | 24K 골드 도금 브라스 하드웨어,4 x 20 x 11,133cm - 157cm,55cm,대한민국,"탈부착이 가능하며 길이 조절이 가능한 가죽 스트랩 | 금속 로고 스터드 장식 | 스냅 클로저 | 내부 카드 슬롯, 지폐 수납공간, 지퍼 수납공간",,https://images.mcmworldwide.com/i/mcmworldwide/MYLGATA01CO001_01 | https://images.mcmworldwide.com/i/mcmworldwide/MYLGATA01CO001_09 | https://images.mcmworldwide.com/i/mcmworldwide/MYLGATA01CO001_03 | https://images.mcmworldwide.com/i/mcmworldwide/MYLGATA01CO001_04 | https://images.mcmworldwide.com/i/mcmworldwide/MYLGATA01CO001_05 | https://images.mcmworldwide.com/i/mcmworldwide/MYLGATA01CO001_10,,https://kr.mcmworldwide.com/ko_KR/%EC%97%AC%EC%84%B1/%EC%A7%80%EA%B0%91-%EB%A0%88%EB%8D%94%EC%86%8C%ED%92%88/%EB%AA%A8%EB%91%90%EB%B3%B4%EA%B8%B0/pina-%EC%8A%A4%ED%84%B0%EB%93%9C-%EC%9E%A5%EC%8B%9D-%ED%81%AC%EB%A1%9C%EC%8A%A4%EB%B0%94%EB%94%94-%EC%9B%94%EB%A0%9B/MYLGATA01CO001.html
MYLGATA01CO001,Pina 스터드 장식 크로스바디 월렛,830000,Cognac,ACTIVE,비세토스 모노그램 캔버스,나파 가죽,패브릭,로고 브라스 플레이트 | 24K 골드 도금 브라스 하드웨어,4 x 20 x 11,133cm - 157cm,55cm,대한민국,"탈부착이 가능하며 길이 조절이 가능한 가죽 스트랩 | 금속 로고 스터드 장식 | 스냅 클로저 | 내부 카드 슬롯, 지폐 수납공간, 지퍼 수납공간",,https://images.mcmworldwide.com/i/mcmworldwide/MYLGATA01CO001_01 | https://images.mcmworldwide.com/i/mcmworldwide/MYLGATA01CO001_09 | https://images.mcmworldwide.com/i/mcmworldwide/MYLGATA01CO001_03 | https://images.mcmworldwide.com/i/mcmworldwide/MYLGATA01CO001_04 | https://images.mcmworldwide.com/i/mcmworldwide/MYLGATA01CO001_05 | https://images.mcmworldwide.com/i/mcmworldwide/MYLGATA01CO001_10,,https://kr.mcmworldwide.com/ko_KR/%EC%97%AC%EC%84%B1/%EC%A7%80%EA%B0%91-%EB%A0%88%EB%8D%94%EC%86%8C%ED%92%88/%EC%B2%B4%EC%9D%B8-%EC%A7%80%EA%B0%91/pina-%EC%8A%A4%ED%84%B0%EB%93%9C-%EC%9E%A5%EC%8B%9D-%ED%81%AC%EB%A1%9C%EC%8A%A4%EB%B0%94%EB%94%94-%EC%9B%94%EB%A0%9B/MYLGATA01CO001.html
MYSGAAF01BK001,Pina 스터드 장식 카프스킨 지갑,590000,Black,ACTIVE,100% 카프스킨,나파 가죽,패브릭,로고 브라스 플레이트 | 24K 골드 도금 브라스 하드웨어,3 x 11 x 8,,,대한민국,"금속 로고 스터드 장식 | 스냅 클로저 | 내부 수납공간, 카드 슬롯 및 지퍼 포켓 및 체인 스트랩",,https://images.mcmworldwide.com/i/mcmworldwide/MYSGAAF01BK001_01 | https://images.mcmworldwide.com/i/mcmworldwide/MYSGAAF01BK001_03 | https://images.mcmworldwide.com/i/mcmworldwide/MYSGAAF01BK001_04,,https://kr.mcmworldwide.com/ko_KR/%EC%97%AC%EC%84%B1/%EC%A7%80%EA%B0%91-%EB%A0%88%EB%8D%94%EC%86%8C%ED%92%88/%EB%AA%A8%EB%91%90%EB%B3%B4%EA%B8%B0/pina-%EC%8A%A4%ED%84%B0%EB%93%9C-%EC%9E%A5%EC%8B%9D-%EC%B9%B4%ED%94%84%EC%8A%A4%ED%82%A8-%EC%A7%80%EA%B0%91/MYSGAAF01BK001.html
MYSGAAF01BK001,Pina 스터드 장식 카프스킨 지갑,590000,Black,ACTIVE,100% 카프스킨,나파 가죽,패브릭,로고 브라스 플레이트 | 24K 골드 도금 브라스 하드웨어,3 x 11 x 8,,,대한민국,"금속 로고 스터드 장식 | 스냅 클로저 | 내부 수납공간, 카드 슬롯 및 지퍼 포켓 및 체인 스트랩",,https://images.mcmworldwide.com/i/mcmworldwide/MYSGAAF01BK001_01 | https://images.mcmworldwide.com/i/mcmworldwide/MYSGAAF01BK001_03 | https://images.mcmworldwide.com/i/mcmworldwide/MYSGAAF01BK001_04,,https://kr.mcmworldwide.com/ko_KR/%EC%97%AC%EC%84%B1/%EC%A7%80%EA%B0%91-%EB%A0%88%EB%8D%94%EC%86%8C%ED%92%88/%EB%B0%98%EC%A7%80%EA%B0%91/pina-%EC%8A%A4%ED%84%B0%EB%93%9C-%EC%9E%A5%EC%8B%9D-%EC%B9%B4%ED%94%84%EC%8A%A4%ED%82%A8-%EC%A7%80%EA%B0%91/MYSGAAF01BK001.html
MYSGATA01CO001,Pina 스터드 장식 비세토스 지갑,550000,Cognac,ACTIVE,비세토스 모노그램 캔버스,나파 가죽,패브릭,로고 브라스 플레이트 | 24K 골드 도금 브라스 하드웨어,3 x 11 x 8,,,대한민국,"금속 로고 스터드 장식 | 스냅 클로저 | 내부 수납공간, 카드 슬롯 및 지퍼 포켓 및 체인 스트랩",,https://images.mcmworldwide.com/i/mcmworldwide/MYSGATA01CO001_01 | https://images.mcmworldwide.com/i/mcmworldwide/MYSGATA01CO001_03 | https://images.mcmworldwide.com/i/mcmworldwide/MYSGATA01CO001_04,,https://kr.mcmworldwide.com/ko_KR/%EC%97%AC%EC%84%B1/%EC%A7%80%EA%B0%91-%EB%A0%88%EB%8D%94%EC%86%8C%ED%92%88/%EB%AA%A8%EB%91%90%EB%B3%B4%EA%B8%B0/pina-%EC%8A%A4%ED%84%B0%EB%93%9C-%EC%9E%A5%EC%8B%9D-%EB%B9%84%EC%84%B8%ED%86%A0%EC%8A%A4-%EC%A7%80%EA%B0%91/MYSGATA01CO001.html
MYSGATA01CO001,Pina 스터드 장식 비세토스 지갑,550000,Cognac,ACTIVE,비세토스 모노그램 캔버스,나파 가죽,패브릭,로고 브라스 플레이트 | 24K 골드 도금 브라스 하드웨어,3 x 11 x 8,,,대한민국,"금속 로고 스터드 장식 | 스냅 클로저 | 내부 수납공간, 카드 슬롯 및 지퍼 포켓 및 체인 스트랩",,https://images.mcmworldwide.com/i/mcmworldwide/MYSGATA01CO001_01 | https://images.mcmworldwide.com/i/mcmworldwide/MYSGATA01CO001_03 | https://images.mcmworldwide.com/i/mcmworldwide/MYSGATA01CO001_04,,https://kr.mcmworldwide.com/ko_KR/%EC%97%AC%EC%84%B1/%EC%A7%80%EA%B0%91-%EB%A0%88%EB%8D%94%EC%86%8C%ED%92%88/%EB%B0%98%EC%A7%80%EA%B0%91/pina-%EC%8A%A4%ED%84%B0%EB%93%9C-%EC%9E%A5%EC%8B%9D-%EB%B9%84%EC%84%B8%ED%86%A0%EC%8A%A4-%EC%A7%80%EA%B0%91/MYSGATA01CO001.html
MYLFATA01CO001,Aren 비세토스 크로스바디 월렛,830000,Cognac,ACTIVE,비세토스 모노그램 캔버스,천연 가죽,,24k 금도금 브라스 하드웨어,4 x 20 x 11,55cm,,대한민국,탈착 가능한 가죽 스트랩 | 뒷면 외부 포켓 | 내부 카드 슬롯과 지퍼 수납공간 | Interior card slots and zip compartment | 패브릭 라이닝,MYLFATA01PZ001,https://images.mcmworldwide.com/i/mcmworldwide/MYLFATA01CO001_01 | https://images.mcmworldwide.com/i/mcmworldwide/MYLFATA01CO001_09 | https://images.mcmworldwide.com/i/mcmworldwide/MYLFATA01CO001_03 | https://images.mcmworldwide.com/i/mcmworldwide/MYLFATA01CO001_04,https://images.mcmworldwide.com/v/mcmworldwide/MYLFATA01CO001_VID/webm_720p,https://kr.mcmworldwide.com/ko_KR/%EC%97%AC%EC%84%B1/%EC%A7%80%EA%B0%91-%EB%A0%88%EB%8D%94%EC%86%8C%ED%92%88/%EB%AA%A8%EB%91%90%EB%B3%B4%EA%B8%B0/aren-%EB%B9%84%EC%84%B8%ED%86%A0%EC%8A%A4-%ED%81%AC%EB%A1%9C%EC%8A%A4%EB%B0%94%EB%94%94-%EC%9B%94%EB%A0%9B/MYLFATA01CO001.html
MYLFATA01CO001,Aren 비세토스 크로스바디 월렛,830000,Cognac,ACTIVE,비세토스 모노그램 캔버스,천연 가죽,,24k 금도금 브라스 하드웨어,4 x 20 x 11,55cm,,대한민국,탈착 가능한 가죽 스트랩 | 뒷면 외부 포켓 | 내부 카드 슬롯과 지퍼 수납공간 | Interior card slots and zip compartment | 패브릭 라이닝,MYLFATA01PZ001,https://images.mcmworldwide.com/i/mcmworldwide/MYLFATA01CO001_01 | https://images.mcmworldwide.com/i/mcmworldwide/MYLFATA01CO001_09 | https://images.mcmworldwide.com/i/mcmworldwide/MYLFATA01CO001_03 | https://images.mcmworldwide.com/i/mcmworldwide/MYLFATA01CO001_04,https://images.mcmworldwide.com/v/mcmworldwide/MYLFATA01CO001_VID/webm_720p,https://kr.mcmworldwide.com/ko_KR/%EC%97%AC%EC%84%B1/%EC%A7%80%EA%B0%91-%EB%A0%88%EB%8D%94%EC%86%8C%ED%92%88/%EC%B2%B4%EC%9D%B8-%EC%A7%80%EA%B0%91/aren-%EB%B9%84%EC%84%B8%ED%86%A0%EC%8A%A4-%ED%81%AC%EB%A1%9C%EC%8A%A4%EB%B0%94%EB%94%94-%EC%9B%94%EB%A0%9B/MYLFATA01CO001.html
MYLFATA01PZ001,Aren 비세토스 크로스바디 월렛,830000,Pink,ACTIVE,비세토스 모노그램 캔버스,천연 나파 가죽,,로고 브라스 플레이트 스냅 클로저 | 18K 금 도금 메탈 하드웨어,4 x 20 x 11,,55cm,대한민국,탈부착 가능한 가죽 스트랩 | 뒷면 외부 포켓 | 내부 카드 슬로과 지퍼 수납공간 | 패브릭 라이닝,MYLFATA01CO001,https://images.mcmworldwide.com/i/mcmworldwide/MYLFATA01PZ001_01 | https://images.mcmworldwide.com/i/mcmworldwide/MYLFATA01PZ001_09 | https://images.mcmworldwide.com/i/mcmworldwide/MYLFATA01PZ001_03 | https://images.mcmworldwide.com/i/mcmworldwide/MYLFATA01PZ001_04,https://images.mcmworldwide.com/v/mcmworldwide/MYLFATA01PZ001_VID/webm_720p,https://kr.mcmworldwide.com/ko_KR/%EC%97%AC%EC%84%B1/%EC%A7%80%EA%B0%91-%EB%A0%88%EB%8D%94%EC%86%8C%ED%92%88/%EC%B2%B4%EC%9D%B8-%EC%A7%80%EA%B0%91/aren-%EB%B9%84%EC%84%B8%ED%86%A0%EC%8A%A4-%ED%81%AC%EB%A1%9C%EC%8A%A4%EB%B0%94%EB%94%94-%EC%9B%94%EB%A0%9B/MYLFATA01PZ001.html
MYLFATA01PZ001,Aren 비세토스 크로스바디 월렛,830000,Pink,ACTIVE,비세토스 모노그램 캔버스,천연 나파 가죽,,로고 브라스 플레이트 스냅 클로저 | 18K 금 도금 메탈 하드웨어,4 x 20 x 11,,55cm,대한민국,탈부착 가능한 가죽 스트랩 | 뒷면 외부 포켓 | 내부 카드 슬로과 지퍼 수납공간 | 패브릭 라이닝,MYLFATA01CO001,https://images.mcmworldwide.com/i/mcmworldwide/MYLFATA01PZ001_01 | https://images.mcmworldwide.com/i/mcmworldwide/MYLFATA01PZ001_09 | https://images.mcmworldwide.com/i/mcmworldwide/MYLFATA01PZ001_03 | https://images.mcmworldwide.com/i/mcmworldwide/MYLFATA01PZ001_04,https://images.mcmworldwide.com/v/mcmworldwide/MYLFATA01PZ001_VID/webm_720p,https://kr.mcmworldwide.com/ko_KR/%EC%97%AC%EC%84%B1/%EC%A7%80%EA%B0%91-%EB%A0%88%EB%8D%94%EC%86%8C%ED%92%88/%EB%AA%A8%EB%91%90%EB%B3%B4%EA%B8%B0/aren-%EB%B9%84%EC%84%B8%ED%86%A0%EC%8A%A4-%ED%81%AC%EB%A1%9C%EC%8A%A4%EB%B0%94%EB%94%94-%EC%9B%94%EB%A0%9B/MYLFATA01PZ001.html
MXZGSTA01CO001,Aren 비세토스 핸드폰 랜야드,890000,Cognac,ACTIVE,비세토스 모노그램 캔버스,천연 가죽,코튼 트윌,로고 브라스 플레이트 | 24K 골드 도금 브라스 하드웨어,4 x 20 x 11,,55 cm,대한민국,아이폰 16 프로 맥스 수납 가능 | 가죽 스트랩 | 마그네틱 스냅 클로저 | 내부 카드 슬롯 | 지퍼 수납 공간,,https://images.mcmworldwide.com/i/mcmworldwide/MXZGSTA01CO001_01 | https://images.mcmworldwide.com/i/mcmworldwide/MXZGSTA01CO001_09 | https://images.mcmworldwide.com/i/mcmworldwide/MXZGSTA01CO001_02 | https://images.mcmworldwide.com/i/mcmworldwide/MXZGSTA01CO001_03 | https://images.mcmworldwide.com/i/mcmworldwide/MXZGSTA01CO001_04 | https://images.mcmworldwide.com/i/mcmworldwide/MXZGSTA01CO001_05 | https://images.mcmworldwide.com/i/mcmworldwide/MXZGSTA01CO001_10 | https://images.mcmworldwide.com/i/mcmworldwide/MXZGSTA01CO001_11,,https://kr.mcmworldwide.com/ko_KR/%EC%97%AC%EC%84%B1/%EC%A7%80%EA%B0%91-%EB%A0%88%EB%8D%94%EC%86%8C%ED%92%88/%EB%AA%A8%EB%91%90%EB%B3%B4%EA%B8%B0/aren-%EB%B9%84%EC%84%B8%ED%86%A0%EC%8A%A4-%ED%95%B8%EB%93%9C%ED%8F%B0-%EB%9E%9C%EC%95%BC%EB%93%9C/MXZGSTA01CO001.html
MXZGSTA01CO001,Aren 비세토스 핸드폰 랜야드,890000,Cognac,ACTIVE,비세토스 모노그램 캔버스,천연 가죽,코튼 트윌,로고 브라스 플레이트 | 24K 골드 도금 브라스 하드웨어,4 x 20 x 11,,55 cm,대한민국,아이폰 16 프로 맥스 수납 가능 | 가죽 스트랩 | 마그네틱 스냅 클로저 | 내부 카드 슬롯 | 지퍼 수납 공간,,https://images.mcmworldwide.com/i/mcmworldwide/MXZGSTA01CO001_01 | https://images.mcmworldwide.com/i/mcmworldwide/MXZGSTA01CO001_09 | https://images.mcmworldwide.com/i/mcmworldwide/MXZGSTA01CO001_02 | https://images.mcmworldwide.com/i/mcmworldwide/MXZGSTA01CO001_03 | https://images.mcmworldwide.com/i/mcmworldwide/MXZGSTA01CO001_04 | https://images.mcmworldwide.com/i/mcmworldwide/MXZGSTA01CO001_05 | https://images.mcmworldwide.com/i/mcmworldwide/MXZGSTA01CO001_10 | https://images.mcmworldwide.com/i/mcmworldwide/MXZGSTA01CO001_11,,https://kr.mcmworldwide.com/ko_KR/%EB%82%A8%EC%84%B1/%EC%A7%80%EA%B0%91-%EB%A0%88%EB%8D%94%EC%86%8C%ED%92%88/%EC%B9%B4%EB%93%9C%EC%A7%80%EA%B0%91-%ED%82%A4%ED%99%80%EB%8D%94/aren-%EB%B9%84%EC%84%B8%ED%86%A0%EC%8A%A4-%ED%95%B8%EB%93%9C%ED%8F%B0-%EB%9E%9C%EC%95%BC%EB%93%9C/MXZGSTA01CO001.html
MXZGATA12PZ001,Aren Crossbody Wallet in Visetos,890000,Pink,ACTIVE,Visetos monogram canvas,,Cotton twill,Logo brass plate,4 x 20 x 11,,55 cm,대한민국,Fits iPhone 17 Pro Max | Leather strap | Magnetic snap closure | Interior card slots | Zip compartment | Leather trim | 16k gold-plated metal hardware,,https://images.mcmworldwide.com/i/mcmworldwide/MXZGATA12PZ001_01 | https://images.mcmworldwide.com/i/mcmworldwide/MXZGATA12PZ001_09 | https://images.mcmworldwide.com/i/mcmworldwide/MXZGATA12PZ001_02 | https://images.mcmworldwide.com/i/mcmworldwide/MXZGATA12PZ001_03 | https://images.mcmworldwide.com/i/mcmworldwide/MXZGATA12PZ001_04 | https://images.mcmworldwide.com/i/mcmworldwide/MXZGATA12PZ001_05 | https://images.mcmworldwide.com/i/mcmworldwide/MXZGATA12PZ001_10,,https://kr.mcmworldwide.com/ko_KR/%EC%97%AC%EC%84%B1/%EC%A7%80%EA%B0%91-%EB%A0%88%EB%8D%94%EC%86%8C%ED%92%88/%EB%AA%A8%EB%91%90%EB%B3%B4%EA%B8%B0/aren-crossbody-wallet-in-visetos/MXZGATA12PZ001.html
MXZGATA12PZ001,Aren Crossbody Wallet in Visetos,890000,Pink,ACTIVE,Visetos monogram canvas,,Cotton twill,Logo brass plate,4 x 20 x 11,,55 cm,대한민국,Fits iPhone 17 Pro Max | Leather strap | Magnetic snap closure | Interior card slots | Zip compartment | Leather trim | 16k gold-plated metal hardware,,https://images.mcmworldwide.com/i/mcmworldwide/MXZGATA12PZ001_01 | https://images.mcmworldwide.com/i/mcmworldwide/MXZGATA12PZ001_09 | https://images.mcmworldwide.com/i/mcmworldwide/MXZGATA12PZ001_02 | https://images.mcmworldwide.com/i/mcmworldwide/MXZGATA12PZ001_03 | https://images.mcmworldwide.com/i/mcmworldwide/MXZGATA12PZ001_04 | https://images.mcmworldwide.com/i/mcmworldwide/MXZGATA12PZ001_05 | https://images.mcmworldwide.com/i/mcmworldwide/MXZGATA12PZ001_10,,https://kr.mcmworldwide.com/ko_KR/%EC%8B%A0%EC%83%81%ED%92%88/autumn-winter/aren-crossbody-wallet-in-visetos/MXZGATA12PZ001.html
MXZGATA04BK001,Aren 엠보스드 모노그램 레더 크로스바디 지갑,990000,Black,ACTIVE,풀 그레인 나파 레더,,코튼 트윌,다크 메탈 하드웨어,4 x 21 x 11,,55 cm,대한민국,iPhone 17 Pro Max 수납 가능 | 가죽 스트랩 | 엠보스드 비세토스 모노그램 | 마그네틱 스냅 클로저 | 내부 카드 슬롯 | 지퍼 수납 공간,,https://images.mcmworldwide.com/i/mcmworldwide/MXZGATA04BK001_01 | https://images.mcmworldwide.com/i/mcmworldwide/MXZGATA04BK001_09 | https://images.mcmworldwide.com/i/mcmworldwide/MXZGATA04BK001_02 | https://images.mcmworldwide.com/i/mcmworldwide/MXZGATA04BK001_03 | https://images.mcmworldwide.com/i/mcmworldwide/MXZGATA04BK001_04 | https://images.mcmworldwide.com/i/mcmworldwide/MXZGATA04BK001_05 | https://images.mcmworldwide.com/i/mcmworldwide/MXZGATA04BK001_10,,https://kr.mcmworldwide.com/ko_KR/%EC%97%AC%EC%84%B1/%EC%A7%80%EA%B0%91-%EB%A0%88%EB%8D%94%EC%86%8C%ED%92%88/%EB%AA%A8%EB%91%90%EB%B3%B4%EA%B8%B0/aren-%EC%97%A0%EB%B3%B4%EC%8A%A4%EB%93%9C-%EB%AA%A8%EB%85%B8%EA%B7%B8%EB%9E%A8-%EB%A0%88%EB%8D%94-%ED%81%AC%EB%A1%9C%EC%8A%A4%EB%B0%94%EB%94%94-%EC%A7%80%EA%B0%91/MXZGATA04BK001.html
MXZGATA04BK001,Aren 엠보스드 모노그램 레더 크로스바디 지갑,990000,Black,ACTIVE,풀 그레인 나파 레더,,코튼 트윌,다크 메탈 하드웨어,4 x 21 x 11,,55 cm,대한민국,iPhone 17 Pro Max 수납 가능 | 가죽 스트랩 | 엠보스드 비세토스 모노그램 | 마그네틱 스냅 클로저 | 내부 카드 슬롯 | 지퍼 수납 공간,,https://images.mcmworldwide.com/i/mcmworldwide/MXZGATA04BK001_01 | https://images.mcmworldwide.com/i/mcmworldwide/MXZGATA04BK001_09 | https://images.mcmworldwide.com/i/mcmworldwide/MXZGATA04BK001_02 | https://images.mcmworldwide.com/i/mcmworldwide/MXZGATA04BK001_03 | https://images.mcmworldwide.com/i/mcmworldwide/MXZGATA04BK001_04 | https://images.mcmworldwide.com/i/mcmworldwide/MXZGATA04BK001_05 | https://images.mcmworldwide.com/i/mcmworldwide/MXZGATA04BK001_10,,https://kr.mcmworldwide.com/ko_KR/%EB%82%A8%EC%84%B1/%EC%A7%80%EA%B0%91-%EB%A0%88%EB%8D%94%EC%86%8C%ED%92%88/%EC%B9%B4%EB%93%9C%EC%A7%80%EA%B0%91-%ED%82%A4%ED%99%80%EB%8D%94/aren-%EC%97%A0%EB%B3%B4%EC%8A%A4%EB%93%9C-%EB%AA%A8%EB%85%B8%EA%B7%B8%EB%9E%A8-%EB%A0%88%EB%8D%94-%ED%81%AC%EB%A1%9C%EC%8A%A4%EB%B0%94%EB%94%94-%EC%A7%80%EA%B0%91/MXZGATA04BK001.html
MYSGSTA01CO001,Aren 비세토스 브라스 플레이트 지갑,490000,Cognac,ACTIVE,비세토스 모노그램 캔버스,천연 가죽,,로고가 더해진 브라스 플레이트 장식의 스냅 클로저 | 24K 골드 도금 브라스 하드웨어,4 x 12 x 9,,,대한민국,뒷면 외부 슬립 포켓 | 지퍼 수납 공간 | 지폐 수납 공간 | 내부 카드 슬롯 | 패브릭 안감(카드 슬롯),,https://images.mcmworldwide.com/i/mcmworldwide/MYSGSTA01CO001_01 | https://images.mcmworldwide.com/i/mcmworldwide/MYSGSTA01CO001_03 | https://images.mcmworldwide.com/i/mcmworldwide/MYSGSTA01CO001_04,,https://kr.mcmworldwide.com/ko_KR/%EC%97%AC%EC%84%B1/%EC%A7%80%EA%B0%91-%EB%A0%88%EB%8D%94%EC%86%8C%ED%92%88/%EB%AA%A8%EB%91%90%EB%B3%B4%EA%B8%B0/aren-%EB%B9%84%EC%84%B8%ED%86%A0%EC%8A%A4-%EB%B8%8C%EB%9D%BC%EC%8A%A4-%ED%94%8C%EB%A0%88%EC%9D%B4%ED%8A%B8-%EC%A7%80%EA%B0%91/MYSGSTA01CO001.html
MYSGSTA01BK001,Aren 비세토스 브라스 플레이트 지갑,490000,Black,ACTIVE,비세토스 모노그램 캔버스,천연 가죽,,로고가 더해진 브라스 플레이트 장식의 스냅 클로저 | 실버톤 코발트 브라스 하드웨어,4 x 12 x 9,,,대한민국,뒷면 외부 슬립 포켓 | 지퍼 수납 공간 | 지폐 수납 공간 | 내부 카드 슬롯 | 패브릭 안감(카드 슬롯),MYSGSTA01PZ001,https://images.mcmworldwide.com/i/mcmworldwide/MYSGSTA01BK001_01 | https://images.mcmworldwide.com/i/mcmworldwide/MYSGSTA01BK001_03 | https://images.mcmworldwide.com/i/mcmworldwide/MYSGSTA01BK001_04,,https://kr.mcmworldwide.com/ko_KR/%EC%97%AC%EC%84%B1/%EC%A7%80%EA%B0%91-%EB%A0%88%EB%8D%94%EC%86%8C%ED%92%88/%EB%AA%A8%EB%91%90%EB%B3%B4%EA%B8%B0/aren-%EB%B9%84%EC%84%B8%ED%86%A0%EC%8A%A4-%EB%B8%8C%EB%9D%BC%EC%8A%A4-%ED%94%8C%EB%A0%88%EC%9D%B4%ED%8A%B8-%EC%A7%80%EA%B0%91/MYSGSTA01BK001.html
MYSGSTA01BK001,Aren 비세토스 브라스 플레이트 지갑,490000,Black,ACTIVE,비세토스 모노그램 캔버스,천연 가죽,,로고가 더해진 브라스 플레이트 장식의 스냅 클로저 | 실버톤 코발트 브라스 하드웨어,4 x 12 x 9,,,대한민국,뒷면 외부 슬립 포켓 | 지퍼 수납 공간 | 지폐 수납 공간 | 내부 카드 슬롯 | 패브릭 안감(카드 슬롯),MYSGSTA01PZ001,https://images.mcmworldwide.com/i/mcmworldwide/MYSGSTA01BK001_01 | https://images.mcmworldwide.com/i/mcmworldwide/MYSGSTA01BK001_03 | https://images.mcmworldwide.com/i/mcmworldwide/MYSGSTA01BK001_04,,https://kr.mcmworldwide.com/ko_KR/%EC%97%AC%EC%84%B1/%EC%A7%80%EA%B0%91-%EB%A0%88%EB%8D%94%EC%86%8C%ED%92%88/%EB%B0%98%EC%A7%80%EA%B0%91/aren-%EB%B9%84%EC%84%B8%ED%86%A0%EC%8A%A4-%EB%B8%8C%EB%9D%BC%EC%8A%A4-%ED%94%8C%EB%A0%88%EC%9D%B4%ED%8A%B8-%EC%A7%80%EA%B0%91/MYSGSTA01BK001.html
MYSGSTA01PZ001,Aren 비세토스 브라스 플레이트 지갑,490000,Pink,ACTIVE,비세토스 모노그램 캔버스,천연 가죽,,로고가 더해진 브라스 플레이트 장식의 스냅 클로저 | 16K 골드 도금 메탈 하드웨어,4 x 12 x 9,,,대한민국,뒷면 외부 슬립 포켓 | 지퍼 수납 공간 | 지폐 수납 공간 | 내부 카드 슬롯 | 패브릭 안감(카드 슬롯),MYSGSTA01BK001,https://images.mcmworldwide.com/i/mcmworldwide/MYSGSTA01PZ001_01 | https://images.mcmworldwide.com/i/mcmworldwide/MYSGSTA01PZ001_03 | https://images.mcmworldwide.com/i/mcmworldwide/MYSGSTA01PZ001_04,,https://kr.mcmworldwide.com/ko_KR/%EC%97%AC%EC%84%B1/%EC%A7%80%EA%B0%91-%EB%A0%88%EB%8D%94%EC%86%8C%ED%92%88/%EB%B0%98%EC%A7%80%EA%B0%91/aren-%EB%B9%84%EC%84%B8%ED%86%A0%EC%8A%A4-%EB%B8%8C%EB%9D%BC%EC%8A%A4-%ED%94%8C%EB%A0%88%EC%9D%B4%ED%8A%B8-%EC%A7%80%EA%B0%91/MYSGSTA01PZ001.html
MYSGSTA01PZ001,Aren 비세토스 브라스 플레이트 지갑,490000,Pink,ACTIVE,비세토스 모노그램 캔버스,천연 가죽,,로고가 더해진 브라스 플레이트 장식의 스냅 클로저 | 16K 골드 도금 메탈 하드웨어,4 x 12 x 9,,,대한민국,뒷면 외부 슬립 포켓 | 지퍼 수납 공간 | 지폐 수납 공간 | 내부 카드 슬롯 | 패브릭 안감(카드 슬롯),MYSGSTA01BK001,https://images.mcmworldwide.com/i/mcmworldwide/MYSGSTA01PZ001_01 | https://images.mcmworldwide.com/i/mcmworldwide/MYSGSTA01PZ001_03 | https://images.mcmworldwide.com/i/mcmworldwide/MYSGSTA01PZ001_04,,https://kr.mcmworldwide.com/ko_KR/%EC%97%AC%EC%84%B1/%EC%A7%80%EA%B0%91-%EB%A0%88%EB%8D%94%EC%86%8C%ED%92%88/%EB%AA%A8%EB%91%90%EB%B3%B4%EA%B8%B0/aren-%EB%B9%84%EC%84%B8%ED%86%A0%EC%8A%A4-%EB%B8%8C%EB%9D%BC%EC%8A%A4-%ED%94%8C%EB%A0%88%EC%9D%B4%ED%8A%B8-%EC%A7%80%EA%B0%91/MYSGSTA01PZ001.html
MYSGATA024B001,Aren 비세토스 브라스 플레이트 지갑,490000,Brown,ACTIVE,비세토스 모노그램 캔버스,,,로고가 더해진 브라스 플레이트 장식의 스냅 클로저 | 24K 골드 도금 브라스 하드웨어,3 x 11 x 9,,,대한민국,뒷면 외부 슬립 포켓 | 지퍼 수납 공간 | 지폐 수납 공간 | Interior card slots | 레더 트림 | 패브릭 안감(카드 슬롯),,https://images.mcmworldwide.com/i/mcmworldwide/MYSGATA024B001_01 | https://images.mcmworldwide.com/i/mcmworldwide/MYSGATA024B001_03 | https://images.mcmworldwide.com/i/mcmworldwide/MYSGATA024B001_04,,https://kr.mcmworldwide.com/ko_KR/%EC%97%AC%EC%84%B1/%EC%A7%80%EA%B0%91-%EB%A0%88%EB%8D%94%EC%86%8C%ED%92%88/%EB%AA%A8%EB%91%90%EB%B3%B4%EA%B8%B0/aren-%EB%B9%84%EC%84%B8%ED%86%A0%EC%8A%A4-%EB%B8%8C%EB%9D%BC%EC%8A%A4-%ED%94%8C%EB%A0%88%EC%9D%B4%ED%8A%B8-%EC%A7%80%EA%B0%91/MYSGATA024B001.html
MYSGATA024B001,Aren 비세토스 브라스 플레이트 지갑,490000,Brown,ACTIVE,비세토스 모노그램 캔버스,,,로고가 더해진 브라스 플레이트 장식의 스냅 클로저 | 24K 골드 도금 브라스 하드웨어,3 x 11 x 9,,,대한민국,뒷면 외부 슬립 포켓 | 지퍼 수납 공간 | 지폐 수납 공간 | Interior card slots | 레더 트림 | 패브릭 안감(카드 슬롯),,https://images.mcmworldwide.com/i/mcmworldwide/MYSGATA024B001_01 | https://images.mcmworldwide.com/i/mcmworldwide/MYSGATA024B001_03 | https://images.mcmworldwide.com/i/mcmworldwide/MYSGATA024B001_04,,https://kr.mcmworldwide.com/ko_KR/%EC%97%AC%EC%84%B1/%EC%A7%80%EA%B0%91-%EB%A0%88%EB%8D%94%EC%86%8C%ED%92%88/%EB%B0%98%EC%A7%80%EA%B0%91/aren-%EB%B9%84%EC%84%B8%ED%86%A0%EC%8A%A4-%EB%B8%8C%EB%9D%BC%EC%8A%A4-%ED%94%8C%EB%A0%88%EC%9D%B4%ED%8A%B8-%EC%A7%80%EA%B0%91/MYSGATA024B001.html
MYAGSTA01CO001,Aren 비세토스 카드 파우치,470000,Cognac,ACTIVE,비세토스 모노그램 캔버스,천연 가죽,패브릭,24K 골드 도금 브라스 하드웨어,3 x 12 x 9,,,대한민국,후크 잠금 장지 | 키링 | 지퍼 클로저 | 내부 포켓 및 카드 슬롯,MYAGSTA01BK001 | MYAGSTA01PZ001,https://images.mcmworldwide.com/i/mcmworldwide/MYAGSTA01CO001_01 | https://images.mcmworldwide.com/i/mcmworldwide/MYAGSTA01CO001_03 | https://images.mcmworldwide.com/i/mcmworldwide/MYAGSTA01CO001_04 | https://images.mcmworldwide.com/i/mcmworldwide/MYAGSTA01CO001_05,,https://kr.mcmworldwide.com/ko_KR/%EC%97%AC%EC%84%B1/%EC%A7%80%EA%B0%91-%EB%A0%88%EB%8D%94%EC%86%8C%ED%92%88/%EB%AA%A8%EB%91%90%EB%B3%B4%EA%B8%B0/aren-%EB%B9%84%EC%84%B8%ED%86%A0%EC%8A%A4-%EC%B9%B4%EB%93%9C-%ED%8C%8C%EC%9A%B0%EC%B9%98/MYAGSTA01CO001.html
MYAGSTA01CO001,Aren 비세토스 카드 파우치,470000,Cognac,ACTIVE,비세토스 모노그램 캔버스,천연 가죽,패브릭,24K 골드 도금 브라스 하드웨어,3 x 12 x 9,,,대한민국,후크 잠금 장지 | 키링 | 지퍼 클로저 | 내부 포켓 및 카드 슬롯,MYAGSTA01BK001 | MYAGSTA01PZ001,https://images.mcmworldwide.com/i/mcmworldwide/MYAGSTA01CO001_01 | https://images.mcmworldwide.com/i/mcmworldwide/MYAGSTA01CO001_03 | https://images.mcmworldwide.com/i/mcmworldwide/MYAGSTA01CO001_04 | https://images.mcmworldwide.com/i/mcmworldwide/MYAGSTA01CO001_05,,https://kr.mcmworldwide.com/ko_KR/%EC%97%AC%EC%84%B1/%EC%A7%80%EA%B0%91-%EB%A0%88%EB%8D%94%EC%86%8C%ED%92%88/%EC%B9%B4%EB%93%9C%EC%A7%80%EA%B0%91-%EB%A0%88%EB%8D%94%EC%86%8C%ED%92%88/aren-%EB%B9%84%EC%84%B8%ED%86%A0%EC%8A%A4-%EC%B9%B4%EB%93%9C-%ED%8C%8C%EC%9A%B0%EC%B9%98/MYAGSTA01CO001.html
MYAGSTA01BK001,Aren 비세토스 카드 파우치,470000,Black,ACTIVE,비세토스 모노그램 캔버스,천연 가죽,패브릭,실버톤 코발트 브라스 하드웨어,3 x 12 x 9,,,대한민국,후크 잠금 장지 | 키링 | 지퍼 클로저 | 내부 포켓 및 카드 슬롯,MYAGSTA01CO001 | MYAGSTA01PZ001,https://images.mcmworldwide.com/i/mcmworldwide/MYAGSTA01BK001_01 | https://images.mcmworldwide.com/i/mcmworldwide/MYAGSTA01BK001_03 | https://images.mcmworldwide.com/i/mcmworldwide/MYAGSTA01BK001_04 | https://images.mcmworldwide.com/i/mcmworldwide/MYAGSTA01BK001_05,,https://kr.mcmworldwide.com/ko_KR/%EC%97%AC%EC%84%B1/%EC%A7%80%EA%B0%91-%EB%A0%88%EB%8D%94%EC%86%8C%ED%92%88/%EC%B9%B4%EB%93%9C%EC%A7%80%EA%B0%91-%EB%A0%88%EB%8D%94%EC%86%8C%ED%92%88/aren-%EB%B9%84%EC%84%B8%ED%86%A0%EC%8A%A4-%EC%B9%B4%EB%93%9C-%ED%8C%8C%EC%9A%B0%EC%B9%98/MYAGSTA01BK001.html
MYAGSTA01PZ001,Aren 비세토스 카드 파우치,470000,Pink,ACTIVE,비세토스 모노그램 캔버스,천연 가죽,패브릭,16K 골드 도금 메탈 하드웨어,3 x 12 x 9,,,대한민국,후크 잠금 장지 | 키링 | 지퍼 클로저 | 내부 포켓 및 카드 슬롯,MYAGSTA01CO001 | MYAGSTA01BK001,https://images.mcmworldwide.com/i/mcmworldwide/MYAGSTA01PZ001_01 | https://images.mcmworldwide.com/i/mcmworldwide/MYAGSTA01PZ001_03 | https://images.mcmworldwide.com/i/mcmworldwide/MYAGSTA01PZ001_04 | https://images.mcmworldwide.com/i/mcmworldwide/MYAGSTA01PZ001_05,,https://kr.mcmworldwide.com/ko_KR/%EC%97%AC%EC%84%B1/%EC%A7%80%EA%B0%91-%EB%A0%88%EB%8D%94%EC%86%8C%ED%92%88/%EC%B9%B4%EB%93%9C%EC%A7%80%EA%B0%91-%EB%A0%88%EB%8D%94%EC%86%8C%ED%92%88/aren-%EB%B9%84%EC%84%B8%ED%86%A0%EC%8A%A4-%EC%B9%B4%EB%93%9C-%ED%8C%8C%EC%9A%B0%EC%B9%98/MYAGSTA01PZ001.html
MYAGSTA01BK001,Aren 비세토스 카드 파우치,470000,Black,ACTIVE,비세토스 모노그램 캔버스,천연 가죽,패브릭,실버톤 코발트 브라스 하드웨어,3 x 12 x 9,,,대한민국,후크 잠금 장지 | 키링 | 지퍼 클로저 | 내부 포켓 및 카드 슬롯,MYAGSTA01CO001 | MYAGSTA01PZ001,https://images.mcmworldwide.com/i/mcmworldwide/MYAGSTA01BK001_01 | https://images.mcmworldwide.com/i/mcmworldwide/MYAGSTA01BK001_03 | https://images.mcmworldwide.com/i/mcmworldwide/MYAGSTA01BK001_04 | https://images.mcmworldwide.com/i/mcmworldwide/MYAGSTA01BK001_05,,https://kr.mcmworldwide.com/ko_KR/%EC%97%AC%EC%84%B1/%EC%A7%80%EA%B0%91-%EB%A0%88%EB%8D%94%EC%86%8C%ED%92%88/%EB%AA%A8%EB%91%90%EB%B3%B4%EA%B8%B0/aren-%EB%B9%84%EC%84%B8%ED%86%A0%EC%8A%A4-%EC%B9%B4%EB%93%9C-%ED%8C%8C%EC%9A%B0%EC%B9%98/MYAGSTA01BK001.html
MYAFATA01PZ001,Aren 비세토스 카드 파우치,390000,Pink,ACTIVE,비세토스 모노그램 캔버스,천연 나파 가죽,패브릭,로고 브라스 플레이트 | 18K 골드 도금 메탈 하드웨어,1 x 13 x 9,,,대한민국,로고가 각인된 고리 장금장치 | 지퍼 클로저 | 내부 카드 슬롯,,https://images.mcmworldwide.com/i/mcmworldwide/MYAFATA01PZ001_01 | https://images.mcmworldwide.com/i/mcmworldwide/MYAFATA01PZ001_03 | https://images.mcmworldwide.com/i/mcmworldwide/MYAFATA01PZ001_04,,https://kr.mcmworldwide.com/ko_KR/%EC%97%AC%EC%84%B1/%EC%A7%80%EA%B0%91-%EB%A0%88%EB%8D%94%EC%86%8C%ED%92%88/%EB%AA%A8%EB%91%90%EB%B3%B4%EA%B8%B0/aren-%EB%B9%84%EC%84%B8%ED%86%A0%EC%8A%A4-%EC%B9%B4%EB%93%9C-%ED%8C%8C%EC%9A%B0%EC%B9%98/MYAFATA01PZ001.html
MYAFATA01PZ001,Aren 비세토스 카드 파우치,390000,Pink,ACTIVE,비세토스 모노그램 캔버스,천연 나파 가죽,패브릭,로고 브라스 플레이트 | 18K 골드 도금 메탈 하드웨어,1 x 13 x 9,,,대한민국,로고가 각인된 고리 장금장치 | 지퍼 클로저 | 내부 카드 슬롯,,https://images.mcmworldwide.com/i/mcmworldwide/MYAFATA01PZ001_01 | https://images.mcmworldwide.com/i/mcmworldwide/MYAFATA01PZ001_03 | https://images.mcmworldwide.com/i/mcmworldwide/MYAFATA01PZ001_04,,https://kr.mcmworldwide.com/ko_KR/%EC%97%AC%EC%84%B1/%EC%A7%80%EA%B0%91-%EB%A0%88%EB%8D%94%EC%86%8C%ED%92%88/%EC%B9%B4%EB%93%9C%EC%A7%80%EA%B0%91-%EB%A0%88%EB%8D%94%EC%86%8C%ED%92%88/aren-%EB%B9%84%EC%84%B8%ED%86%A0%EC%8A%A4-%EC%B9%B4%EB%93%9C-%ED%8C%8C%EC%9A%B0%EC%B9%98/MYAFATA01PZ001.html
MYAGSTA01PZ001,Aren 비세토스 카드 파우치,470000,Pink,ACTIVE,비세토스 모노그램 캔버스,천연 가죽,패브릭,16K 골드 도금 메탈 하드웨어,3 x 12 x 9,,,대한민국,후크 잠금 장지 | 키링 | 지퍼 클로저 | 내부 포켓 및 카드 슬롯,MYAGSTA01CO001 | MYAGSTA01BK001,https://images.mcmworldwide.com/i/mcmworldwide/MYAGSTA01PZ001_01 | https://images.mcmworldwide.com/i/mcmworldwide/MYAGSTA01PZ001_03 | https://images.mcmworldwide.com/i/mcmworldwide/MYAGSTA01PZ001_04 | https://images.mcmworldwide.com/i/mcmworldwide/MYAGSTA01PZ001_05,,https://kr.mcmworldwide.com/ko_KR/%EC%97%AC%EC%84%B1/%EC%A7%80%EA%B0%91-%EB%A0%88%EB%8D%94%EC%86%8C%ED%92%88/%EB%AA%A8%EB%91%90%EB%B3%B4%EA%B8%B0/aren-%EB%B9%84%EC%84%B8%ED%86%A0%EC%8A%A4-%EC%B9%B4%EB%93%9C-%ED%8C%8C%EC%9A%B0%EC%B9%98/MYAGSTA01PZ001.html
MXADATA08CO001,Aren 비세토스 카드 케이스,290000,Cognac,ACTIVE,비세토스 모노그램 캔버스,나파 가죽,,,1 x 11 x 8,,,대한민국,카드 슬롯 | 지폐 및 영수증용 중앙 포켓 | 패브릭 안감.,MXADATA08BK001 | MXADATA08I8001 | MXADATA08PZ001 | MXAFATA02K8001 | MXAGATA044B001,https://images.mcmworldwide.com/i/mcmworldwide/MXADATA08CO001_01 | https://images.mcmworldwide.com/i/mcmworldwide/MXADATA08CO001_03 | https://images.mcmworldwide.com/i/mcmworldwide/MXADATA08CO001_04,,https://kr.mcmworldwide.com/ko_KR/%EC%97%AC%EC%84%B1/%EC%A7%80%EA%B0%91-%EB%A0%88%EB%8D%94%EC%86%8C%ED%92%88/%EB%AA%A8%EB%91%90%EB%B3%B4%EA%B8%B0/aren-%EB%B9%84%EC%84%B8%ED%86%A0%EC%8A%A4-%EC%B9%B4%EB%93%9C-%EC%BC%80%EC%9D%B4%EC%8A%A4/MXADATA08CO001.html
MXSFATA03CO001,비세토스 오리지널 카드 케이스 반지갑,490000,Cognac,ACTIVE,Visetos monogram canvas,,Fabric (Card slots),,2 x 12 x 9,,,대한민국,지폐 슬리브 | 탈부착 가능한 카드 케이스 | 나파 가죽 트림 | Leather trim,MXSFATA03BK001,https://images.mcmworldwide.com/i/mcmworldwide/MXSFATA03CO001_01 | https://images.mcmworldwide.com/i/mcmworldwide/MXSFATA03CO001_03 | https://images.mcmworldwide.com/i/mcmworldwide/MXSFATA03CO001_04,,https://kr.mcmworldwide.com/ko_KR/%EB%82%A8%EC%84%B1/%EC%A7%80%EA%B0%91-%EB%A0%88%EB%8D%94%EC%86%8C%ED%92%88/%EB%AA%A8%EB%91%90%EB%B3%B4%EA%B8%B0/%EB%B9%84%EC%84%B8%ED%86%A0%EC%8A%A4-%EC%98%A4%EB%A6%AC%EC%A7%80%EB%84%90-%EC%B9%B4%EB%93%9C-%EC%BC%80%EC%9D%B4%EC%8A%A4-%EB%B0%98%EC%A7%80%EA%B0%91/MXSFATA03CO001.html
MXSFATA03CO001,비세토스 오리지널 카드 케이스 반지갑,490000,Cognac,ACTIVE,Visetos monogram canvas,,Fabric (Card slots),,2 x 12 x 9,,,대한민국,지폐 슬리브 | 탈부착 가능한 카드 케이스 | 나파 가죽 트림 | Leather trim,MXSFATA03BK001,https://images.mcmworldwide.com/i/mcmworldwide/MXSFATA03CO001_01 | https://images.mcmworldwide.com/i/mcmworldwide/MXSFATA03CO001_03 | https://images.mcmworldwide.com/i/mcmworldwide/MXSFATA03CO001_04,,https://kr.mcmworldwide.com/ko_KR/%EB%82%A8%EC%84%B1/%EC%A7%80%EA%B0%91-%EB%A0%88%EB%8D%94%EC%86%8C%ED%92%88/%EB%B0%98%EC%A7%80%EA%B0%91-%EB%A8%B8%EB%8B%88%ED%81%B4%EB%A6%BD/%EB%B9%84%EC%84%B8%ED%86%A0%EC%8A%A4-%EC%98%A4%EB%A6%AC%EC%A7%80%EB%84%90-%EC%B9%B4%EB%93%9C-%EC%BC%80%EC%9D%B4%EC%8A%A4-%EB%B0%98%EC%A7%80%EA%B0%91/MXSFATA03CO001.html
MXSFATA03BK001,비세토스 오리지널 카드 케이스 반지갑,490000,Black,ACTIVE,Visetos monogram canvas,,Fabric (Card slots),,2 x 12 x 9,,,대한민국,지폐 슬리브 | 탈부착 가능한 카드 케이스 | 나파 가죽 트림 | Leather trim,MXSFATA03CO001,https://images.mcmworldwide.com/i/mcmworldwide/MXSFATA03BK001_01 | https://images.mcmworldwide.com/i/mcmworldwide/MXSFATA03BK001_03 | https://images.mcmworldwide.com/i/mcmworldwide/MXSFATA03BK001_04,,https://kr.mcmworldwide.com/ko_KR/%EB%82%A8%EC%84%B1/%EC%A7%80%EA%B0%91-%EB%A0%88%EB%8D%94%EC%86%8C%ED%92%88/%EB%B0%98%EC%A7%80%EA%B0%91-%EB%A8%B8%EB%8B%88%ED%81%B4%EB%A6%BD/%EB%B9%84%EC%84%B8%ED%86%A0%EC%8A%A4-%EC%98%A4%EB%A6%AC%EC%A7%80%EB%84%90-%EC%B9%B4%EB%93%9C-%EC%BC%80%EC%9D%B4%EC%8A%A4-%EB%B0%98%EC%A7%80%EA%B0%91/MXSFATA03BK001.html
MXSFATA03BK001,비세토스 오리지널 카드 케이스 반지갑,490000,Black,ACTIVE,Visetos monogram canvas,,Fabric (Card slots),,2 x 12 x 9,,,대한민국,지폐 슬리브 | 탈부착 가능한 카드 케이스 | 나파 가죽 트림 | Leather trim,MXSFATA03CO001,https://images.mcmworldwide.com/i/mcmworldwide/MXSFATA03BK001_01 | https://images.mcmworldwide.com/i/mcmworldwide/MXSFATA03BK001_03 | https://images.mcmworldwide.com/i/mcmworldwide/MXSFATA03BK001_04,,https://kr.mcmworldwide.com/ko_KR/%EB%82%A8%EC%84%B1/%EC%A7%80%EA%B0%91-%EB%A0%88%EB%8D%94%EC%86%8C%ED%92%88/%EB%AA%A8%EB%91%90%EB%B3%B4%EA%B8%B0/%EB%B9%84%EC%84%B8%ED%86%A0%EC%8A%A4-%EC%98%A4%EB%A6%AC%EC%A7%80%EB%84%90-%EC%B9%B4%EB%93%9C-%EC%BC%80%EC%9D%B4%EC%8A%A4-%EB%B0%98%EC%A7%80%EA%B0%91/MXSFATA03BK001.html
MXSFATA01K8001,Aren 비세토스 카드 케이스가 더해진 반지갑,490000,Green,ACTIVE,비세토스 모노그램 캔버스,천연 나파 가죽,패브릭,,3 x 12 x 9,,,대한민국,지폐 수납 공간 | 내부 포켓 | 내부 카드 슬롯 | 탈착 가능한 카드 케이스,,https://images.mcmworldwide.com/i/mcmworldwide/MXSFATA01K8001_01 | https://images.mcmworldwide.com/i/mcmworldwide/MXSFATA01K8001_03 | https://images.mcmworldwide.com/i/mcmworldwide/MXSFATA01K8001_04,,https://kr.mcmworldwide.com/ko_KR/%EB%82%A8%EC%84%B1/%EC%A7%80%EA%B0%91-%EB%A0%88%EB%8D%94%EC%86%8C%ED%92%88/%EB%AA%A8%EB%91%90%EB%B3%B4%EA%B8%B0/aren-%EB%B9%84%EC%84%B8%ED%86%A0%EC%8A%A4-%EC%B9%B4%EB%93%9C-%EC%BC%80%EC%9D%B4%EC%8A%A4%EA%B0%80-%EB%8D%94%ED%95%B4%EC%A7%84-%EB%B0%98%EC%A7%80%EA%B0%91/MXSFATA01K8001.html
MXSFATA01K8001,Aren 비세토스 카드 케이스가 더해진 반지갑,490000,Green,ACTIVE,비세토스 모노그램 캔버스,천연 나파 가죽,패브릭,,3 x 12 x 9,,,대한민국,지폐 수납 공간 | 내부 포켓 | 내부 카드 슬롯 | 탈착 가능한 카드 케이스,,https://images.mcmworldwide.com/i/mcmworldwide/MXSFATA01K8001_01 | https://images.mcmworldwide.com/i/mcmworldwide/MXSFATA01K8001_03 | https://images.mcmworldwide.com/i/mcmworldwide/MXSFATA01K8001_04,,https://kr.mcmworldwide.com/ko_KR/%EB%82%A8%EC%84%B1/%EC%A7%80%EA%B0%91-%EB%A0%88%EB%8D%94%EC%86%8C%ED%92%88/%EB%B0%98%EC%A7%80%EA%B0%91-%EB%A8%B8%EB%8B%88%ED%81%B4%EB%A6%BD/aren-%EB%B9%84%EC%84%B8%ED%86%A0%EC%8A%A4-%EC%B9%B4%EB%93%9C-%EC%BC%80%EC%9D%B4%EC%8A%A4%EA%B0%80-%EB%8D%94%ED%95%B4%EC%A7%84-%EB%B0%98%EC%A7%80%EA%B0%91/MXSFATA01K8001.html
MXSFATA04CO001,비세토스 반지갑,410000,Cognac,ACTIVE,비세토스 모노그램 캔버스,천연 가죽,패브릭,,2 x 11 x 9,,,대한민국,내부 카드 슬롯 | 지폐 수납 공간 | 내부 포켓,MXSFATA04BK001,https://images.mcmworldwide.com/i/mcmworldwide/MXSFATA04CO001_01 | https://images.mcmworldwide.com/i/mcmworldwide/MXSFATA04CO001_03 | https://images.mcmworldwide.com/i/mcmworldwide/MXSFATA04CO001_04,,https://kr.mcmworldwide.com/ko_KR/%EB%82%A8%EC%84%B1/%EC%A7%80%EA%B0%91-%EB%A0%88%EB%8D%94%EC%86%8C%ED%92%88/%EB%AA%A8%EB%91%90%EB%B3%B4%EA%B8%B0/%EB%B9%84%EC%84%B8%ED%86%A0%EC%8A%A4-%EB%B0%98%EC%A7%80%EA%B0%91/MXSFATA04CO001.html
MXSFATA04CO001,비세토스 반지갑,410000,Cognac,ACTIVE,비세토스 모노그램 캔버스,천연 가죽,패브릭,,2 x 11 x 9,,,대한민국,내부 카드 슬롯 | 지폐 수납 공간 | 내부 포켓,MXSFATA04BK001,https://images.mcmworldwide.com/i/mcmworldwide/MXSFATA04CO001_01 | https://images.mcmworldwide.com/i/mcmworldwide/MXSFATA04CO001_03 | https://images.mcmworldwide.com/i/mcmworldwide/MXSFATA04CO001_04,,https://kr.mcmworldwide.com/ko_KR/%EB%82%A8%EC%84%B1/%EC%A7%80%EA%B0%91-%EB%A0%88%EB%8D%94%EC%86%8C%ED%92%88/%EB%B0%98%EC%A7%80%EA%B0%91-%EB%A8%B8%EB%8B%88%ED%81%B4%EB%A6%BD/%EB%B9%84%EC%84%B8%ED%86%A0%EC%8A%A4-%EB%B0%98%EC%A7%80%EA%B0%91/MXSFATA04CO001.html
MXSFATA04BK001,비세토스 반지갑,410000,Black,ACTIVE,비세토스 모노그램 캔버스,천연 가죽,패브릭,,2 x 11 x 9,,,대한민국,내부 카드 슬롯 | 지폐 수납 공간 | 내부 포켓,MXSFATA04CO001,https://images.mcmworldwide.com/i/mcmworldwide/MXSFATA04BK001_01 | https://images.mcmworldwide.com/i/mcmworldwide/MXSFATA04BK001_03 | https://images.mcmworldwide.com/i/mcmworldwide/MXSFATA04BK001_04,,https://kr.mcmworldwide.com/ko_KR/%EB%82%A8%EC%84%B1/%EC%A7%80%EA%B0%91-%EB%A0%88%EB%8D%94%EC%86%8C%ED%92%88/%EB%B0%98%EC%A7%80%EA%B0%91-%EB%A8%B8%EB%8B%88%ED%81%B4%EB%A6%BD/%EB%B9%84%EC%84%B8%ED%86%A0%EC%8A%A4-%EB%B0%98%EC%A7%80%EA%B0%91/MXSFATA04BK001.html
MXSFATA04BK001,비세토스 반지갑,410000,Black,ACTIVE,비세토스 모노그램 캔버스,천연 가죽,패브릭,,2 x 11 x 9,,,대한민국,내부 카드 슬롯 | 지폐 수납 공간 | 내부 포켓,MXSFATA04CO001,https://images.mcmworldwide.com/i/mcmworldwide/MXSFATA04BK001_01 | https://images.mcmworldwide.com/i/mcmworldwide/MXSFATA04BK001_03 | https://images.mcmworldwide.com/i/mcmworldwide/MXSFATA04BK001_04,,https://kr.mcmworldwide.com/ko_KR/%EB%82%A8%EC%84%B1/%EC%A7%80%EA%B0%91-%EB%A0%88%EB%8D%94%EC%86%8C%ED%92%88/%EB%AA%A8%EB%91%90%EB%B3%B4%EA%B8%B0/%EB%B9%84%EC%84%B8%ED%86%A0%EC%8A%A4-%EB%B0%98%EC%A7%80%EA%B0%91/MXSFATA04BK001.html
MXCAAVI02CO001,비세토스 오리지널 머니 클립 카드 케이스,310000,Cognac,ACTIVE,비세토스 모노그램 코티드 캔버스,,,24K 도금 메탈 로고 인그레이빙 머니 클립 | 24K 도금 로고 인그레이빙 메탈 머니 클립,1 x 11 x 8,,,대한민국,현금 및 영수증용 중앙 포켓 | 나파 가죽 트림 | 패브릭 안감.,MXCAAVI02BK001,https://images.mcmworldwide.com/i/mcmworldwide/MXCAAVI02CO001_01 | https://images.mcmworldwide.com/i/mcmworldwide/MXCAAVI02CO001_02 | https://images.mcmworldwide.com/i/mcmworldwide/MXCAAVI02CO001_03 | https://images.mcmworldwide.com/i/mcmworldwide/MXCAAVI02CO001_04,,https://kr.mcmworldwide.com/ko_KR/%EB%82%A8%EC%84%B1/%EC%A7%80%EA%B0%91-%EB%A0%88%EB%8D%94%EC%86%8C%ED%92%88/%EB%AA%A8%EB%91%90%EB%B3%B4%EA%B8%B0/%EB%B9%84%EC%84%B8%ED%86%A0%EC%8A%A4-%EC%98%A4%EB%A6%AC%EC%A7%80%EB%84%90-%EB%A8%B8%EB%8B%88-%ED%81%B4%EB%A6%BD-%EC%B9%B4%EB%93%9C-%EC%BC%80%EC%9D%B4%EC%8A%A4/MXCAAVI02CO001.html
MXCAAVI02CO001,비세토스 오리지널 머니 클립 카드 케이스,310000,Cognac,ACTIVE,비세토스 모노그램 코티드 캔버스,,,24K 도금 메탈 로고 인그레이빙 머니 클립 | 24K 도금 로고 인그레이빙 메탈 머니 클립,1 x 11 x 8,,,대한민국,현금 및 영수증용 중앙 포켓 | 나파 가죽 트림 | 패브릭 안감.,MXCAAVI02BK001,https://images.mcmworldwide.com/i/mcmworldwide/MXCAAVI02CO001_01 | https://images.mcmworldwide.com/i/mcmworldwide/MXCAAVI02CO001_02 | https://images.mcmworldwide.com/i/mcmworldwide/MXCAAVI02CO001_03 | https://images.mcmworldwide.com/i/mcmworldwide/MXCAAVI02CO001_04,,https://kr.mcmworldwide.com/ko_KR/%EB%82%A8%EC%84%B1/%EC%A7%80%EA%B0%91-%EB%A0%88%EB%8D%94%EC%86%8C%ED%92%88/%EB%B0%98%EC%A7%80%EA%B0%91-%EB%A8%B8%EB%8B%88%ED%81%B4%EB%A6%BD/%EB%B9%84%EC%84%B8%ED%86%A0%EC%8A%A4-%EC%98%A4%EB%A6%AC%EC%A7%80%EB%84%90-%EB%A8%B8%EB%8B%88-%ED%81%B4%EB%A6%BD-%EC%B9%B4%EB%93%9C-%EC%BC%80%EC%9D%B4%EC%8A%A4/MXCAAVI02CO001.html
MXCAAVI02BK001,비세토스 오리지널 머니 클립 카드 케이스,310000,Black,ACTIVE,비세토스 모노그램 코티드 캔버스,,,,1 x 11 x 8,,,대한민국,현금 및 영수증용 중앙 포켓 | 실버톤 메탈 로고 인그레이빙 머니 클립 | 나파 가죽 트림 | 실버톤 로고 인그레이빙 코발트 메탈 머니 클립 | 패브릭 안감.,MXCAAVI02CO001,https://images.mcmworldwide.com/i/mcmworldwide/MXCAAVI02BK001_01 | https://images.mcmworldwide.com/i/mcmworldwide/MXCAAVI02BK001_02 | https://images.mcmworldwide.com/i/mcmworldwide/MXCAAVI02BK001_03 | https://images.mcmworldwide.com/i/mcmworldwide/MXCAAVI02BK001_04,,https://kr.mcmworldwide.com/ko_KR/%EB%82%A8%EC%84%B1/%EC%A7%80%EA%B0%91-%EB%A0%88%EB%8D%94%EC%86%8C%ED%92%88/%EB%B0%98%EC%A7%80%EA%B0%91-%EB%A8%B8%EB%8B%88%ED%81%B4%EB%A6%BD/%EB%B9%84%EC%84%B8%ED%86%A0%EC%8A%A4-%EC%98%A4%EB%A6%AC%EC%A7%80%EB%84%90-%EB%A8%B8%EB%8B%88-%ED%81%B4%EB%A6%BD-%EC%B9%B4%EB%93%9C-%EC%BC%80%EC%9D%B4%EC%8A%A4/MXCAAVI02BK001.html
MXCAAVI02BK001,비세토스 오리지널 머니 클립 카드 케이스,310000,Black,ACTIVE,비세토스 모노그램 코티드 캔버스,,,,1 x 11 x 8,,,대한민국,현금 및 영수증용 중앙 포켓 | 실버톤 메탈 로고 인그레이빙 머니 클립 | 나파 가죽 트림 | 실버톤 로고 인그레이빙 코발트 메탈 머니 클립 | 패브릭 안감.,MXCAAVI02CO001,https://images.mcmworldwide.com/i/mcmworldwide/MXCAAVI02BK001_01 | https://images.mcmworldwide.com/i/mcmworldwide/MXCAAVI02BK001_02 | https://images.mcmworldwide.com/i/mcmworldwide/MXCAAVI02BK001_03 | https://images.mcmworldwide.com/i/mcmworldwide/MXCAAVI02BK001_04,,https://kr.mcmworldwide.com/ko_KR/%EB%82%A8%EC%84%B1/%EC%A7%80%EA%B0%91-%EB%A0%88%EB%8D%94%EC%86%8C%ED%92%88/%EB%AA%A8%EB%91%90%EB%B3%B4%EA%B8%B0/%EB%B9%84%EC%84%B8%ED%86%A0%EC%8A%A4-%EC%98%A4%EB%A6%AC%EC%A7%80%EB%84%90-%EB%A8%B8%EB%8B%88-%ED%81%B4%EB%A6%BD-%EC%B9%B4%EB%93%9C-%EC%BC%80%EC%9D%B4%EC%8A%A4/MXCAAVI02BK001.html
MXCESTA01BK001,Aren 맥시 모노그램 레더 머니 클립 카드 케이스,330000,Black,ACTIVE,천연 나파 가죽,,,,1 x 7 x 11,,,대한민국,엠보스드 맥시 모노그램 | 카드 슬롯 2개 | 중앙 포켓 | 다크 실버톤 메탈 머니 클립,,https://images.mcmworldwide.com/i/mcmworldwide/MXCESTA01BK001_01 | https://images.mcmworldwide.com/i/mcmworldwide/MXCESTA01BK001_03 | https://images.mcmworldwide.com/i/mcmworldwide/MXCESTA01BK001_04,,https://kr.mcmworldwide.com/ko_KR/%EB%82%A8%EC%84%B1/%EC%A7%80%EA%B0%91-%EB%A0%88%EB%8D%94%EC%86%8C%ED%92%88/%EB%AA%A8%EB%91%90%EB%B3%B4%EA%B8%B0/aren-%EB%A7%A5%EC%8B%9C-%EB%AA%A8%EB%85%B8%EA%B7%B8%EB%9E%A8-%EB%A0%88%EB%8D%94-%EB%A8%B8%EB%8B%88-%ED%81%B4%EB%A6%BD-%EC%B9%B4%EB%93%9C-%EC%BC%80%EC%9D%B4%EC%8A%A4/MXCESTA01BK001.html
MXCESTA01BK001,Aren 맥시 모노그램 레더 머니 클립 카드 케이스,330000,Black,ACTIVE,천연 나파 가죽,,,,1 x 7 x 11,,,대한민국,엠보스드 맥시 모노그램 | 카드 슬롯 2개 | 중앙 포켓 | 다크 실버톤 메탈 머니 클립,,https://images.mcmworldwide.com/i/mcmworldwide/MXCESTA01BK001_01 | https://images.mcmworldwide.com/i/mcmworldwide/MXCESTA01BK001_03 | https://images.mcmworldwide.com/i/mcmworldwide/MXCESTA01BK001_04,,https://kr.mcmworldwide.com/ko_KR/%EB%82%A8%EC%84%B1/%EC%A7%80%EA%B0%91-%EB%A0%88%EB%8D%94%EC%86%8C%ED%92%88/%EB%B0%98%EC%A7%80%EA%B0%91-%EB%A8%B8%EB%8B%88%ED%81%B4%EB%A6%BD/aren-%EB%A7%A5%EC%8B%9C-%EB%AA%A8%EB%85%B8%EA%B7%B8%EB%9E%A8-%EB%A0%88%EB%8D%94-%EB%A8%B8%EB%8B%88-%ED%81%B4%EB%A6%BD-%EC%B9%B4%EB%93%9C-%EC%BC%80%EC%9D%B4%EC%8A%A4/MXCESTA01BK001.html
MXAGATA044B001,Aren 비세토스 카드 지갑,290000,Brown,ACTIVE,비세토스 모노그램 캔버스,,패브릭,,1 x 11 x 8,,,대한민국,카드 슬롯 | 중앙 지폐 포켓 | 레더 트림,MXADATA08BK001 | MXADATA08CO001 | MXADATA08I8001 | MXADATA08PZ001 | MXAFATA02K8001,https://images.mcmworldwide.com/i/mcmworldwide/MXAGATA044B001_01 | https://images.mcmworldwide.com/i/mcmworldwide/MXAGATA044B001_03 | https://images.mcmworldwide.com/i/mcmworldwide/MXAGATA044B001_04,,https://kr.mcmworldwide.com/ko_KR/%EB%82%A8%EC%84%B1/%EC%A7%80%EA%B0%91-%EB%A0%88%EB%8D%94%EC%86%8C%ED%92%88/%EB%AA%A8%EB%91%90%EB%B3%B4%EA%B8%B0/aren-%EB%B9%84%EC%84%B8%ED%86%A0%EC%8A%A4-%EC%B9%B4%EB%93%9C-%EC%A7%80%EA%B0%91/MXAGATA044B001.html
MXAGATA044B001,Aren 비세토스 카드 지갑,290000,Brown,ACTIVE,비세토스 모노그램 캔버스,,패브릭,,1 x 11 x 8,,,대한민국,카드 슬롯 | 중앙 지폐 포켓 | 레더 트림,MXADATA08BK001 | MXADATA08CO001 | MXADATA08I8001 | MXADATA08PZ001 | MXAFATA02K8001,https://images.mcmworldwide.com/i/mcmworldwide/MXAGATA044B001_01 | https://images.mcmworldwide.com/i/mcmworldwide/MXAGATA044B001_03 | https://images.mcmworldwide.com/i/mcmworldwide/MXAGATA044B001_04,,https://kr.mcmworldwide.com/ko_KR/%EB%82%A8%EC%84%B1/%EC%A7%80%EA%B0%91-%EB%A0%88%EB%8D%94%EC%86%8C%ED%92%88/%EC%B9%B4%EB%93%9C%EC%A7%80%EA%B0%91-%ED%82%A4%ED%99%80%EB%8D%94/aren-%EB%B9%84%EC%84%B8%ED%86%A0%EC%8A%A4-%EC%B9%B4%EB%93%9C-%EC%A7%80%EA%B0%91/MXAGATA044B001.html
MXADATA08BK001,Aren 비세토스 카드 케이스,290000,Black,ACTIVE,비세토스 모노그램 캔버스,나파 가죽,,,1 x 11 x 8,,,대한민국,카드 슬롯 | 지폐 및 영수증용 중앙 포켓 | 패브릭 안감.,MXADATA08CO001 | MXADATA08I8001 | MXADATA08PZ001 | MXAFATA02K8001 | MXAGATA044B001,https://images.mcmworldwide.com/i/mcmworldwide/MXADATA08BK001_01 | https://images.mcmworldwide.com/i/mcmworldwide/MXADATA08BK001_03 | https://images.mcmworldwide.com/i/mcmworldwide/MXADATA08BK001_04,,https://kr.mcmworldwide.com/ko_KR/%EB%82%A8%EC%84%B1/%EC%A7%80%EA%B0%91-%EB%A0%88%EB%8D%94%EC%86%8C%ED%92%88/%EC%B9%B4%EB%93%9C%EC%A7%80%EA%B0%91-%ED%82%A4%ED%99%80%EB%8D%94/aren-%EB%B9%84%EC%84%B8%ED%86%A0%EC%8A%A4-%EC%B9%B4%EB%93%9C-%EC%BC%80%EC%9D%B4%EC%8A%A4/MXADATA08BK001.html
MXADATA08CO001,Aren 비세토스 카드 케이스,290000,Cognac,ACTIVE,비세토스 모노그램 캔버스,나파 가죽,,,1 x 11 x 8,,,대한민국,카드 슬롯 | 지폐 및 영수증용 중앙 포켓 | 패브릭 안감.,MXADATA08BK001 | MXADATA08I8001 | MXADATA08PZ001 | MXAFATA02K8001 | MXAGATA044B001,https://images.mcmworldwide.com/i/mcmworldwide/MXADATA08CO001_01 | https://images.mcmworldwide.com/i/mcmworldwide/MXADATA08CO001_03 | https://images.mcmworldwide.com/i/mcmworldwide/MXADATA08CO001_04,,https://kr.mcmworldwide.com/ko_KR/%EB%82%A8%EC%84%B1/%EC%A7%80%EA%B0%91-%EB%A0%88%EB%8D%94%EC%86%8C%ED%92%88/%EC%B9%B4%EB%93%9C%EC%A7%80%EA%B0%91-%ED%82%A4%ED%99%80%EB%8D%94/aren-%EB%B9%84%EC%84%B8%ED%86%A0%EC%8A%A4-%EC%B9%B4%EB%93%9C-%EC%BC%80%EC%9D%B4%EC%8A%A4/MXADATA08CO001.html
MXADATA08I8001,Aren 비세토스 카드 케이스,290000,Beige,ACTIVE,비세토스 모노그램 캔버스,나파 가죽,,,1 x 11 x 8,,,대한민국,카드 슬롯 | 지폐 및 영수증용 중앙 포켓 | 패브릭 안감.,MXADATA08BK001 | MXADATA08CO001 | MXADATA08PZ001 | MXAFATA02K8001 | MXAGATA044B001,https://images.mcmworldwide.com/i/mcmworldwide/MXADATA08I8001_01 | https://images.mcmworldwide.com/i/mcmworldwide/MXADATA08I8001_03 | https://images.mcmworldwide.com/i/mcmworldwide/MXADATA08I8001_04,,https://kr.mcmworldwide.com/ko_KR/%EB%82%A8%EC%84%B1/%EC%A7%80%EA%B0%91-%EB%A0%88%EB%8D%94%EC%86%8C%ED%92%88/%EC%B9%B4%EB%93%9C%EC%A7%80%EA%B0%91-%ED%82%A4%ED%99%80%EB%8D%94/aren-%EB%B9%84%EC%84%B8%ED%86%A0%EC%8A%A4-%EC%B9%B4%EB%93%9C-%EC%BC%80%EC%9D%B4%EC%8A%A4/MXADATA08I8001.html
MXADATA08PZ001,Aren 비세토스 카드 케이스,290000,Pink,ACTIVE,비세토스 모노그램 캔버스,천연 가죽,패브릭,,1 x 11 x 8,,,대한민국,카드 슬롯 | 중앙 지폐 포켓,MXADATA08BK001 | MXADATA08CO001 | MXADATA08I8001 | MXAFATA02K8001 | MXAGATA044B001,https://images.mcmworldwide.com/i/mcmworldwide/MXADATA08PZ001_01 | https://images.mcmworldwide.com/i/mcmworldwide/MXADATA08PZ001_03 | https://images.mcmworldwide.com/i/mcmworldwide/MXADATA08PZ001_04,,https://kr.mcmworldwide.com/ko_KR/%EB%82%A8%EC%84%B1/%EC%A7%80%EA%B0%91-%EB%A0%88%EB%8D%94%EC%86%8C%ED%92%88/%EC%B9%B4%EB%93%9C%EC%A7%80%EA%B0%91-%ED%82%A4%ED%99%80%EB%8D%94/aren-%EB%B9%84%EC%84%B8%ED%86%A0%EC%8A%A4-%EC%B9%B4%EB%93%9C-%EC%BC%80%EC%9D%B4%EC%8A%A4/MXADATA08PZ001.html
MXADATA08CO001,Aren 비세토스 카드 케이스,290000,Cognac,ACTIVE,비세토스 모노그램 캔버스,나파 가죽,,,1 x 11 x 8,,,대한민국,카드 슬롯 | 지폐 및 영수증용 중앙 포켓 | 패브릭 안감.,MXADATA08BK001 | MXADATA08I8001 | MXADATA08PZ001 | MXAFATA02K8001 | MXAGATA044B001,https://images.mcmworldwide.com/i/mcmworldwide/MXADATA08CO001_01 | https://images.mcmworldwide.com/i/mcmworldwide/MXADATA08CO001_03 | https://images.mcmworldwide.com/i/mcmworldwide/MXADATA08CO001_04,,https://kr.mcmworldwide.com/ko_KR/%EB%82%A8%EC%84%B1/%EC%A7%80%EA%B0%91-%EB%A0%88%EB%8D%94%EC%86%8C%ED%92%88/%EB%AA%A8%EB%91%90%EB%B3%B4%EA%B8%B0/aren-%EB%B9%84%EC%84%B8%ED%86%A0%EC%8A%A4-%EC%B9%B4%EB%93%9C-%EC%BC%80%EC%9D%B4%EC%8A%A4/MXADATA08CO001.html
MXADATA08I8001,Aren 비세토스 카드 케이스,290000,Beige,ACTIVE,비세토스 모노그램 캔버스,나파 가죽,,,1 x 11 x 8,,,대한민국,카드 슬롯 | 지폐 및 영수증용 중앙 포켓 | 패브릭 안감.,MXADATA08BK001 | MXADATA08CO001 | MXADATA08PZ001 | MXAFATA02K8001 | MXAGATA044B001,https://images.mcmworldwide.com/i/mcmworldwide/MXADATA08I8001_01 | https://images.mcmworldwide.com/i/mcmworldwide/MXADATA08I8001_03 | https://images.mcmworldwide.com/i/mcmworldwide/MXADATA08I8001_04,,https://kr.mcmworldwide.com/ko_KR/%EB%82%A8%EC%84%B1/%EC%A7%80%EA%B0%91-%EB%A0%88%EB%8D%94%EC%86%8C%ED%92%88/%EB%AA%A8%EB%91%90%EB%B3%B4%EA%B8%B0/aren-%EB%B9%84%EC%84%B8%ED%86%A0%EC%8A%A4-%EC%B9%B4%EB%93%9C-%EC%BC%80%EC%9D%B4%EC%8A%A4/MXADATA08I8001.html
MXADATA08BK001,Aren 비세토스 카드 케이스,290000,Black,ACTIVE,비세토스 모노그램 캔버스,나파 가죽,,,1 x 11 x 8,,,대한민국,카드 슬롯 | 지폐 및 영수증용 중앙 포켓 | 패브릭 안감.,MXADATA08CO001 | MXADATA08I8001 | MXADATA08PZ001 | MXAFATA02K8001 | MXAGATA044B001,https://images.mcmworldwide.com/i/mcmworldwide/MXADATA08BK001_01 | https://images.mcmworldwide.com/i/mcmworldwide/MXADATA08BK001_03 | https://images.mcmworldwide.com/i/mcmworldwide/MXADATA08BK001_04,,https://kr.mcmworldwide.com/ko_KR/%EB%82%A8%EC%84%B1/%EC%A7%80%EA%B0%91-%EB%A0%88%EB%8D%94%EC%86%8C%ED%92%88/%EB%AA%A8%EB%91%90%EB%B3%B4%EA%B8%B0/aren-%EB%B9%84%EC%84%B8%ED%86%A0%EC%8A%A4-%EC%B9%B4%EB%93%9C-%EC%BC%80%EC%9D%B4%EC%8A%A4/MXADATA08BK001.html
MMKGATA01BK001,Aren 다이아몬드 퀼팅 레더 백팩,2690000,Black,ACTIVE,나파 레더,,,로고 브라스 플레이트 | 무광 블랙 메탈 하드웨어,20 x 29 x 45,,,이탈리아,길이 조절이 가능한 숄더 스트랩 | 가죽 탑 핸들 | 다이아몬드 퀼팅 모티프 | 양방향 지퍼 클로저 | 13인치 노트북 수납이 가능한 내부 슬리브 및 포켓 | 리사이클 코튼 라이닝,,https://images.mcmworldwide.com/i/mcmworldwide/MMKGATA01BK001_01 | https://images.mcmworldwide.com/i/mcmworldwide/MMKGATA01BK001_09 | https://images.mcmworldwide.com/i/mcmworldwide/MMKGATA01BK001_02 | https://images.mcmworldwide.com/i/mcmworldwide/MMKGATA01BK001_03 | https://images.mcmworldwide.com/i/mcmworldwide/MMKGATA01BK001_04 | https://images.mcmworldwide.com/i/mcmworldwide/MMKGATA01BK001_06 | https://images.mcmworldwide.com/i/mcmworldwide/MMKGATA01BK001_10,,https://kr.mcmworldwide.com/ko_KR/%ED%8A%B8%EB%9E%98%EB%B8%94/%EB%AA%A8%EB%91%90%EB%B3%B4%EA%B8%B0/aren-%EB%8B%A4%EC%9D%B4%EC%95%84%EB%AA%AC%EB%93%9C-%ED%80%BC%ED%8C%85-%EB%A0%88%EB%8D%94-%EB%B0%B1%ED%8C%A9/MMKGATA01BK001.html
MMRGATA05BK001,Aren 다이아몬드 퀼팅 레더 크로스바디,1550000,Black,ACTIVE,나파 레더,,,로고 브라스 플레이트 | 알루미늄 하드웨어,15 x 21 x 10,,,이탈리아,탈부착이 가능하며 길이 조절이 가능한 헤링본 웨빙 스트랩 | 다이아몬드 퀼팅 모티프 | 바닥 부분의 “MCM” 로고 스티칭 | 양방향 지퍼 클로저 | 리사이클 코튼 라이닝,,https://images.mcmworldwide.com/i/mcmworldwide/MMRGATA05BK001_01 | https://images.mcmworldwide.com/i/mcmworldwide/MMRGATA05BK001_09 | https://images.mcmworldwide.com/i/mcmworldwide/MMRGATA05BK001_02 | https://images.mcmworldwide.com/i/mcmworldwide/MMRGATA05BK001_03 | https://images.mcmworldwide.com/i/mcmworldwide/MMRGATA05BK001_04 | https://images.mcmworldwide.com/i/mcmworldwide/MMRGATA05BK001_05 | https://images.mcmworldwide.com/i/mcmworldwide/MMRGATA05BK001_06 | https://images.mcmworldwide.com/i/mcmworldwide/MMRGATA05BK001_10,,https://kr.mcmworldwide.com/ko_KR/%ED%8A%B8%EB%9E%98%EB%B8%94/%EB%AA%A8%EB%91%90%EB%B3%B4%EA%B8%B0/aren-%EB%8B%A4%EC%9D%B4%EC%95%84%EB%AA%AC%EB%93%9C-%ED%80%BC%ED%8C%85-%EB%A0%88%EB%8D%94-%ED%81%AC%EB%A1%9C%EC%8A%A4%EB%B0%94%EB%94%94/MMRGATA05BK001.html
MMVGATT04BK001,Ottomar 다이아몬드 퀼팅 레더 위켄더,3250000,Black,ACTIVE,나파 레더,,,로고 브라스 플레이트 | 무광 블랙 메탈 하드웨어,16 x 55 x 35,,,이탈리아,가죽 핸들 | 퀼팅 다이아몬드 모티프 | 바닥 부분의 “MCM” 로고 스티칭 | 양방향 지퍼 클로저 | 내부 지퍼 포켓 | 리사이클 코튼 라이닝,,https://images.mcmworldwide.com/i/mcmworldwide/MMVGATT04BK001_01 | https://images.mcmworldwide.com/i/mcmworldwide/MMVGATT04BK001_09 | https://images.mcmworldwide.com/i/mcmworldwide/MMVGATT04BK001_02 | https://images.mcmworldwide.com/i/mcmworldwide/MMVGATT04BK001_03 | https://images.mcmworldwide.com/i/mcmworldwide/MMVGATT04BK001_04 | https://images.mcmworldwide.com/i/mcmworldwide/MMVGATT04BK001_05 | https://images.mcmworldwide.com/i/mcmworldwide/MMVGATT04BK001_06 | https://images.mcmworldwide.com/i/mcmworldwide/MMVGATT04BK001_07 | https://images.mcmworldwide.com/i/mcmworldwide/MMVGATT04BK001_10 | https://images.mcmworldwide.com/i/mcmworldwide/MMVGATT04BK001_11 | https://images.mcmworldwide.com/i/mcmworldwide/MMVGATT04BK001_12,,https://kr.mcmworldwide.com/ko_KR/%ED%8A%B8%EB%9E%98%EB%B8%94/%EB%AA%A8%EB%91%90%EB%B3%B4%EA%B8%B0/ottomar-%EB%8B%A4%EC%9D%B4%EC%95%84%EB%AA%AC%EB%93%9C-%ED%80%BC%ED%8C%85-%EB%A0%88%EB%8D%94-%EC%9C%84%EC%BC%84%EB%8D%94/MMVGATT04BK001.html
MMVGATT024B001,Ottomar 맥시 비세토스 위켄더,1750000,Brown,ACTIVE,맥시 비세토스 모노그램 캔버스,,스웨이드 마감의 극세사,24K 골드 도금 브라스 하드웨어,17 x 41 x 26,72cm - 127cm,12cm,대한민국,탈부착이 가능하며 길이 조절이 가능한 헤링본 웨빙 스트랩 | 가죽 탑 핸들 | 탈착 가능한 가죽 태그와 아이코닉한 메탈 자물쇠와 키 | 양방향 지퍼 클로저 | Interior pocket and zip compartment | Rear exterior leather trolley sleeve | Protective metal feet | 레더 트림,,https://images.mcmworldwide.com/i/mcmworldwide/MMVGATT024B001_01 | https://images.mcmworldwide.com/i/mcmworldwide/MMVGATT024B001_09 | https://images.mcmworldwide.com/i/mcmworldwide/MMVGATT024B001_02 | https://images.mcmworldwide.com/i/mcmworldwide/MMVGATT024B001_03 | https://images.mcmworldwide.com/i/mcmworldwide/MMVGATT024B001_05 | https://images.mcmworldwide.com/i/mcmworldwide/MMVGATT024B001_10 | https://images.mcmworldwide.com/i/mcmworldwide/MMVGATT024B001_11 | https://images.mcmworldwide.com/i/mcmworldwide/MMVGATT024B001_12,https://images.mcmworldwide.com/v/mcmworldwide/MMVGATT024B001_VID/webm_720p,https://kr.mcmworldwide.com/ko_KR/%ED%8A%B8%EB%9E%98%EB%B8%94/%EB%AA%A8%EB%91%90%EB%B3%B4%EA%B8%B0/ottomar-%EB%A7%A5%EC%8B%9C-%EB%B9%84%EC%84%B8%ED%86%A0%EC%8A%A4-%EC%9C%84%EC%BC%84%EB%8D%94/MMVGATT024B001.html
MMVGATT024B001,Ottomar 맥시 비세토스 위켄더,1750000,Brown,ACTIVE,맥시 비세토스 모노그램 캔버스,,스웨이드 마감의 극세사,24K 골드 도금 브라스 하드웨어,17 x 41 x 26,72cm - 127cm,12cm,대한민국,탈부착이 가능하며 길이 조절이 가능한 헤링본 웨빙 스트랩 | 가죽 탑 핸들 | 탈착 가능한 가죽 태그와 아이코닉한 메탈 자물쇠와 키 | 양방향 지퍼 클로저 | Interior pocket and zip compartment | Rear exterior leather trolley sleeve | Protective metal feet | 레더 트림,,https://images.mcmworldwide.com/i/mcmworldwide/MMVGATT024B001_01 | https://images.mcmworldwide.com/i/mcmworldwide/MMVGATT024B001_09 | https://images.mcmworldwide.com/i/mcmworldwide/MMVGATT024B001_02 | https://images.mcmworldwide.com/i/mcmworldwide/MMVGATT024B001_03 | https://images.mcmworldwide.com/i/mcmworldwide/MMVGATT024B001_05 | https://images.mcmworldwide.com/i/mcmworldwide/MMVGATT024B001_10 | https://images.mcmworldwide.com/i/mcmworldwide/MMVGATT024B001_11 | https://images.mcmworldwide.com/i/mcmworldwide/MMVGATT024B001_12,https://images.mcmworldwide.com/v/mcmworldwide/MMVGATT024B001_VID/webm_720p,https://kr.mcmworldwide.com/ko_KR/%ED%8A%B8%EB%9E%98%EB%B8%94/%EB%9F%AC%EA%B8%B0%EC%A7%80-%EB%B0%B1/ottomar-%EB%A7%A5%EC%8B%9C-%EB%B9%84%EC%84%B8%ED%86%A0%EC%8A%A4-%EC%9C%84%EC%BC%84%EB%8D%94/MMVGATT024B001.html
MXVFATT014B001,Ottomar 비세토스 여권 케이스,430000,Brown,ACTIVE,비세토스 모노그램 캔버스,,,24K 골드 도금 브라스 하드웨어,2 x 10 x 15,,,대한민국,패스포트 슬리브 | 카드 슬롯 | 지퍼 수납 공간 | 지폐 수납 공간 | Inner side pockets | 레더 트림 | 패브릭 안감(카드 슬롯),MXVFATT01CO001,https://images.mcmworldwide.com/i/mcmworldwide/MXVFATT014B001_01 | https://images.mcmworldwide.com/i/mcmworldwide/MXVFATT014B001_03 | https://images.mcmworldwide.com/i/mcmworldwide/MXVFATT014B001_04,,https://kr.mcmworldwide.com/ko_KR/%ED%8A%B8%EB%9E%98%EB%B8%94/%EB%AA%A8%EB%91%90%EB%B3%B4%EA%B8%B0/ottomar-%EB%B9%84%EC%84%B8%ED%86%A0%EC%8A%A4-%EC%97%AC%EA%B6%8C-%EC%BC%80%EC%9D%B4%EC%8A%A4/MXVFATT014B001.html
MXVFATT014B001,Ottomar 비세토스 여권 케이스,430000,Brown,ACTIVE,비세토스 모노그램 캔버스,,,24K 골드 도금 브라스 하드웨어,2 x 10 x 15,,,대한민국,패스포트 슬리브 | 카드 슬롯 | 지퍼 수납 공간 | 지폐 수납 공간 | Inner side pockets | 레더 트림 | 패브릭 안감(카드 슬롯),MXVFATT01CO001,https://images.mcmworldwide.com/i/mcmworldwide/MXVFATT014B001_01 | https://images.mcmworldwide.com/i/mcmworldwide/MXVFATT014B001_03 | https://images.mcmworldwide.com/i/mcmworldwide/MXVFATT014B001_04,,https://kr.mcmworldwide.com/ko_KR/%ED%8A%B8%EB%9E%98%EB%B8%94/%ED%8A%B8%EB%9E%98%EB%B8%94-%EC%95%A1%EC%84%B8%EC%84%9C%EB%A6%AC/ottomar-%EB%B9%84%EC%84%B8%ED%86%A0%EC%8A%A4-%EC%97%AC%EA%B6%8C-%EC%BC%80%EC%9D%B4%EC%8A%A4/MXVFATT014B001.html
MXVFATT01CO001,Ottomar 비세토스 여권 지갑,430000,Cognac,ACTIVE,비세토스 모노그램 캔버스,천연 가죽,패브릭,24K 골드 도금 브라스 하드웨어,2 x 10 x 15,,,대한민국,패스포트 슬리브 | 4개의 카드 슬롯 | 지퍼 수납 공간 | 지폐 수납 공간 | 내부 포켓,MXVFATT014B001,https://images.mcmworldwide.com/i/mcmworldwide/MXVFATT01CO001_01 | https://images.mcmworldwide.com/i/mcmworldwide/MXVFATT01CO001_03 | https://images.mcmworldwide.com/i/mcmworldwide/MXVFATT01CO001_04,,https://kr.mcmworldwide.com/ko_KR/%ED%8A%B8%EB%9E%98%EB%B8%94/%ED%8A%B8%EB%9E%98%EB%B8%94-%EC%95%A1%EC%84%B8%EC%84%9C%EB%A6%AC/ottomar-%EB%B9%84%EC%84%B8%ED%86%A0%EC%8A%A4-%EC%97%AC%EA%B6%8C-%EC%A7%80%EA%B0%91/MXVFATT01CO001.html
MXZGATT024B001,Ottomar 비세토스 트래블 파우치,430000,Brown,ACTIVE,비세토스 모노그램 캔버스,,패브릭,24K 골드 도금 브라스 하드웨어,2 x 18 x 12,,18 cm,대한민국,탈부착이 가능한 가죽 손목 스트랩 | 지퍼-어라운드 클로저 | 내부 카드 슬롯 | 레더 트림,,https://images.mcmworldwide.com/i/mcmworldwide/MXZGATT024B001_01 | https://images.mcmworldwide.com/i/mcmworldwide/MXZGATT024B001_03 | https://images.mcmworldwide.com/i/mcmworldwide/MXZGATT024B001_04,,https://kr.mcmworldwide.com/ko_KR/%ED%8A%B8%EB%9E%98%EB%B8%94/%EB%AA%A8%EB%91%90%EB%B3%B4%EA%B8%B0/ottomar-%EB%B9%84%EC%84%B8%ED%86%A0%EC%8A%A4-%ED%8A%B8%EB%9E%98%EB%B8%94-%ED%8C%8C%EC%9A%B0%EC%B9%98/MXZGATT024B001.html
MXZGATT024B001,Ottomar 비세토스 트래블 파우치,430000,Brown,ACTIVE,비세토스 모노그램 캔버스,,패브릭,24K 골드 도금 브라스 하드웨어,2 x 18 x 12,,18 cm,대한민국,탈부착이 가능한 가죽 손목 스트랩 | 지퍼-어라운드 클로저 | 내부 카드 슬롯 | 레더 트림,,https://images.mcmworldwide.com/i/mcmworldwide/MXZGATT024B001_01 | https://images.mcmworldwide.com/i/mcmworldwide/MXZGATT024B001_03 | https://images.mcmworldwide.com/i/mcmworldwide/MXZGATT024B001_04,,https://kr.mcmworldwide.com/ko_KR/%ED%8A%B8%EB%9E%98%EB%B8%94/%ED%8A%B8%EB%9E%98%EB%B8%94-%EC%95%A1%EC%84%B8%EC%84%9C%EB%A6%AC/ottomar-%EB%B9%84%EC%84%B8%ED%86%A0%EC%8A%A4-%ED%8A%B8%EB%9E%98%EB%B8%94-%ED%8C%8C%EC%9A%B0%EC%B9%98/MXZGATT024B001.html
MMVGATT01PZ001,Ottomar 비세토스 위켄더,1750000,Pink,ACTIVE,비세토스 모노그램 캔버스,나파 가죽,스웨이드 마감의 극세사,로고 브라스 플레이트 | 16K 골드 도금 메탈 하드웨어,17 x 41 x 26,72cm - 127cm,12cm,대한민국,탈부착이 가능하며 길이 조절이 가능한 위빙 스트랩 | 가죽 탑 핸들 | 탈부착 가능한 가죽 러기지 태그와 가죽 커버가 더해진 열쇠가 있는 패드락 | 뒷면 외부 가죽 트롤리 슬리브 | 양방향 확장형 지퍼 클로저 | 내부 포켓과 지퍼 포켓 | Protective metal feet,MMVGATT01BK001 | MMVGATT01CO001 | MMVFATT02K8001,https://images.mcmworldwide.com/i/mcmworldwide/MMVGATT01PZ001_01 | https://images.mcmworldwide.com/i/mcmworldwide/MMVGATT01PZ001_09 | https://images.mcmworldwide.com/i/mcmworldwide/MMVGATT01PZ001_02 | https://images.mcmworldwide.com/i/mcmworldwide/MMVGATT01PZ001_03 | https://images.mcmworldwide.com/i/mcmworldwide/MMVGATT01PZ001_04 | https://images.mcmworldwide.com/i/mcmworldwide/MMVGATT01PZ001_05 | https://images.mcmworldwide.com/i/mcmworldwide/MMVGATT01PZ001_10 | https://images.mcmworldwide.com/i/mcmworldwide/MMVGATT01PZ001_11,https://images.mcmworldwide.com/v/mcmworldwide/MMVGATT01PZ001_VID/webm_720p,https://kr.mcmworldwide.com/ko_KR/%ED%8A%B8%EB%9E%98%EB%B8%94/%EB%AA%A8%EB%91%90%EB%B3%B4%EA%B8%B0/ottomar-%EB%B9%84%EC%84%B8%ED%86%A0%EC%8A%A4-%EC%9C%84%EC%BC%84%EB%8D%94/MMVGATT01PZ001.html
MWPGSTA01PZ001,Leni 비세토스 쇼퍼,1450000,Pink,ACTIVE,비세토스 모노그램 캔버스,천연 가죽,패브릭,16K 골드 도금 메탈 하드웨어,16 x 34 x 36,,25 cm,대한민국,잠금 장치 | 두개의 앞면 플랩 포켓,MWPEATA02CO001,https://images.mcmworldwide.com/i/mcmworldwide/MWPGSTA01PZ001_01 | https://images.mcmworldwide.com/i/mcmworldwide/MWPGSTA01PZ001_09 | https://images.mcmworldwide.com/i/mcmworldwide/MWPGSTA01PZ001_02 | https://images.mcmworldwide.com/i/mcmworldwide/MWPGSTA01PZ001_03 | https://images.mcmworldwide.com/i/mcmworldwide/MWPGSTA01PZ001_04 | https://images.mcmworldwide.com/i/mcmworldwide/MWPGSTA01PZ001_05 | https://images.mcmworldwide.com/i/mcmworldwide/MWPGSTA01PZ001_10,https://images.mcmworldwide.com/v/mcmworldwide/MWPGSTA01PZ001_VID/webm_720p | https://images.mcmworldwide.com/v/mcmworldwide/MWPGSTA01PZ001_01_VID/webm_720p,https://kr.mcmworldwide.com/ko_KR/%ED%8A%B8%EB%9E%98%EB%B8%94/%EB%AA%A8%EB%91%90%EB%B3%B4%EA%B8%B0/-leni-%EB%B9%84%EC%84%B8%ED%86%A0%EC%8A%A4-%EC%87%BC%ED%8D%BC/MWPGSTA01PZ001.html
MWPGSTA01PZ001,Leni 비세토스 쇼퍼,1450000,Pink,ACTIVE,비세토스 모노그램 캔버스,천연 가죽,패브릭,16K 골드 도금 메탈 하드웨어,16 x 34 x 36,,25 cm,대한민국,잠금 장치 | 두개의 앞면 플랩 포켓,MWPEATA02CO001,https://images.mcmworldwide.com/i/mcmworldwide/MWPGSTA01PZ001_01 | https://images.mcmworldwide.com/i/mcmworldwide/MWPGSTA01PZ001_09 | https://images.mcmworldwide.com/i/mcmworldwide/MWPGSTA01PZ001_02 | https://images.mcmworldwide.com/i/mcmworldwide/MWPGSTA01PZ001_03 | https://images.mcmworldwide.com/i/mcmworldwide/MWPGSTA01PZ001_04 | https://images.mcmworldwide.com/i/mcmworldwide/MWPGSTA01PZ001_05 | https://images.mcmworldwide.com/i/mcmworldwide/MWPGSTA01PZ001_10,https://images.mcmworldwide.com/v/mcmworldwide/MWPGSTA01PZ001_VID/webm_720p | https://images.mcmworldwide.com/v/mcmworldwide/MWPGSTA01PZ001_01_VID/webm_720p,https://kr.mcmworldwide.com/ko_KR/%EC%97%AC%EC%84%B1/%ED%95%B8%EB%93%9C%EB%B0%B1/%EC%87%BC%ED%8D%BC-%ED%86%A0%ED%8A%B8%EB%B0%B1/-leni-%EB%B9%84%EC%84%B8%ED%86%A0%EC%8A%A4-%EC%87%BC%ED%8D%BC/MWPGSTA01PZ001.html
MWPEATA02CO001,Leni 비세토스 쇼퍼,1450000,Cognac,ACTIVE,비세토스 모노그램 캔버스,천연 나파 가죽,,24K 도금 브라스 금속 장식,16 x 34 x 36,,25cm,대한민국,고리 클로저 | 앞면 플랩 포켓 2개 | 참고: 마마 파우치 별도 판매 | 코튼 캔버스 안감.,MWPGSTA01PZ001,https://images.mcmworldwide.com/i/mcmworldwide/MWPEATA02CO001_01 | https://images.mcmworldwide.com/i/mcmworldwide/MWPEATA02CO001_09 | https://images.mcmworldwide.com/i/mcmworldwide/MWPEATA02CO001_02 | https://images.mcmworldwide.com/i/mcmworldwide/MWPEATA02CO001_03 | https://images.mcmworldwide.com/i/mcmworldwide/MWPEATA02CO001_04 | https://images.mcmworldwide.com/i/mcmworldwide/MWPEATA02CO001_10,https://images.mcmworldwide.com/v/mcmworldwide/MWPEATA02CO001_VID/webm_720p,https://kr.mcmworldwide.com/ko_KR/%EC%97%AC%EC%84%B1/%ED%95%B8%EB%93%9C%EB%B0%B1/%EC%87%BC%ED%8D%BC-%ED%86%A0%ED%8A%B8%EB%B0%B1/leni-%EB%B9%84%EC%84%B8%ED%86%A0%EC%8A%A4-%EC%87%BC%ED%8D%BC/MWPEATA02CO001.html
MYZGSTA08PZ001,Aren 비세토스 코스메틱 파우치,530000,Pink,ACTIVE,비세토스 모노그램 캔버스,천연 가죽,스웨이드 마감의 극세사,로고 브라스 플레이트 | 16K 골드 도금 메탈 하드웨어,6 x 20 x 13,,,대한민국,지퍼 클로저 | 다이아몬드 가죽 패치가 더해진 내부,,https://images.mcmworldwide.com/i/mcmworldwide/MYZGSTA08PZ001_01 | https://images.mcmworldwide.com/i/mcmworldwide/MYZGSTA08PZ001_02 | https://images.mcmworldwide.com/i/mcmworldwide/MYZGSTA08PZ001_03 | https://images.mcmworldwide.com/i/mcmworldwide/MYZGSTA08PZ001_04,,https://kr.mcmworldwide.com/ko_KR/%ED%8A%B8%EB%9E%98%EB%B8%94/%EB%AA%A8%EB%91%90%EB%B3%B4%EA%B8%B0/aren-%EB%B9%84%EC%84%B8%ED%86%A0%EC%8A%A4-%EC%BD%94%EC%8A%A4%EB%A9%94%ED%8B%B1-%ED%8C%8C%EC%9A%B0%EC%B9%98/MYZGSTA08PZ001.html
MYZGSTA08PZ001,Aren 비세토스 코스메틱 파우치,530000,Pink,ACTIVE,비세토스 모노그램 캔버스,천연 가죽,스웨이드 마감의 극세사,로고 브라스 플레이트 | 16K 골드 도금 메탈 하드웨어,6 x 20 x 13,,,대한민국,지퍼 클로저 | 다이아몬드 가죽 패치가 더해진 내부,,https://images.mcmworldwide.com/i/mcmworldwide/MYZGSTA08PZ001_01 | https://images.mcmworldwide.com/i/mcmworldwide/MYZGSTA08PZ001_02 | https://images.mcmworldwide.com/i/mcmworldwide/MYZGSTA08PZ001_03 | https://images.mcmworldwide.com/i/mcmworldwide/MYZGSTA08PZ001_04,,https://kr.mcmworldwide.com/ko_KR/%ED%8A%B8%EB%9E%98%EB%B8%94/%ED%8A%B8%EB%9E%98%EB%B8%94-%EC%95%A1%EC%84%B8%EC%84%9C%EB%A6%AC/aren-%EB%B9%84%EC%84%B8%ED%86%A0%EC%8A%A4-%EC%BD%94%EC%8A%A4%EB%A9%94%ED%8B%B1-%ED%8C%8C%EC%9A%B0%EC%B9%98/MYZGSTA08PZ001.html
MYZGSTA01CO001,Aren 비세토스 코스메틱 파우치,590000,Cognac,ACTIVE,비세토스 모노그램 캔버스,천연 가죽,스웨이드 마감의 극세사,로고 브라스 플레이트 | 24K 골드 도금 브라스 하드웨어,7 x 24 x 16,,,대한민국,지퍼 클로저 | 내부 슬립 포켓 | 다이아몬드 가죽 패치가 더해진 내부,,https://images.mcmworldwide.com/i/mcmworldwide/MYZGSTA01CO001_01 | https://images.mcmworldwide.com/i/mcmworldwide/MYZGSTA01CO001_02 | https://images.mcmworldwide.com/i/mcmworldwide/MYZGSTA01CO001_03 | https://images.mcmworldwide.com/i/mcmworldwide/MYZGSTA01CO001_04,,https://kr.mcmworldwide.com/ko_KR/%ED%8A%B8%EB%9E%98%EB%B8%94/%EB%AA%A8%EB%91%90%EB%B3%B4%EA%B8%B0/aren-%EB%B9%84%EC%84%B8%ED%86%A0%EC%8A%A4-%EC%BD%94%EC%8A%A4%EB%A9%94%ED%8B%B1-%ED%8C%8C%EC%9A%B0%EC%B9%98/MYZGSTA01CO001.html
MYZGSTA01CO001,Aren 비세토스 코스메틱 파우치,590000,Cognac,ACTIVE,비세토스 모노그램 캔버스,천연 가죽,스웨이드 마감의 극세사,로고 브라스 플레이트 | 24K 골드 도금 브라스 하드웨어,7 x 24 x 16,,,대한민국,지퍼 클로저 | 내부 슬립 포켓 | 다이아몬드 가죽 패치가 더해진 내부,,https://images.mcmworldwide.com/i/mcmworldwide/MYZGSTA01CO001_01 | https://images.mcmworldwide.com/i/mcmworldwide/MYZGSTA01CO001_02 | https://images.mcmworldwide.com/i/mcmworldwide/MYZGSTA01CO001_03 | https://images.mcmworldwide.com/i/mcmworldwide/MYZGSTA01CO001_04,,https://kr.mcmworldwide.com/ko_KR/%ED%8A%B8%EB%9E%98%EB%B8%94/%ED%8A%B8%EB%9E%98%EB%B8%94-%EC%95%A1%EC%84%B8%EC%84%9C%EB%A6%AC/aren-%EB%B9%84%EC%84%B8%ED%86%A0%EC%8A%A4-%EC%BD%94%EC%8A%A4%EB%A9%94%ED%8B%B1-%ED%8C%8C%EC%9A%B0%EC%B9%98/MYZGSTA01CO001.html
MMVGSTT04CO001,Ottomar 비세토스 캐빈 트롤리,3550000,Cognac,ACTIVE,비세토스 모노그램 캔버스,천연 가죽,나일론,24K 골드 도금 메탈 하드웨어,23 x 38 x 56,,,이탈리아,높이 조절 가능한 트롤리 손잡이 | 탑 핸들과 사이드 핸들 | 랩탑과 디바이스를 위한 앞면 지퍼 포켓 | 양방향 지퍼 클로저 | 내부 지퍼 수납공간과 다이아몬드 로고 레더 패치 | 내부 스트랩 잠금 장치,MMVGSTT04BK001,https://images.mcmworldwide.com/i/mcmworldwide/MMVGSTT04CO001_01 | https://images.mcmworldwide.com/i/mcmworldwide/MMVGSTT04CO001_09 | https://images.mcmworldwide.com/i/mcmworldwide/MMVGSTT04CO001_02 | https://images.mcmworldwide.com/i/mcmworldwide/MMVGSTT04CO001_03 | https://images.mcmworldwide.com/i/mcmworldwide/MMVGSTT04CO001_04 | https://images.mcmworldwide.com/i/mcmworldwide/MMVGSTT04CO001_05 | https://images.mcmworldwide.com/i/mcmworldwide/MMVGSTT04CO001_07 | https://images.mcmworldwide.com/i/mcmworldwide/MMVGSTT04CO001_10,https://images.mcmworldwide.com/v/mcmworldwide/MMVGSTT04CO001_VID/webm_720p | https://images.mcmworldwide.com/v/mcmworldwide/MMVGSTT04CO001_01_VID/webm_720p,https://kr.mcmworldwide.com/ko_KR/%ED%8A%B8%EB%9E%98%EB%B8%94/%EB%AA%A8%EB%91%90%EB%B3%B4%EA%B8%B0/ottomar-%EB%B9%84%EC%84%B8%ED%86%A0%EC%8A%A4-%EC%BA%90%EB%B9%88-%ED%8A%B8%EB%A1%A4%EB%A6%AC/MMVGSTT04CO001.html
MMVGSTT04CO001,Ottomar 비세토스 캐빈 트롤리,3550000,Cognac,ACTIVE,비세토스 모노그램 캔버스,천연 가죽,나일론,24K 골드 도금 메탈 하드웨어,23 x 38 x 56,,,이탈리아,높이 조절 가능한 트롤리 손잡이 | 탑 핸들과 사이드 핸들 | 랩탑과 디바이스를 위한 앞면 지퍼 포켓 | 양방향 지퍼 클로저 | 내부 지퍼 수납공간과 다이아몬드 로고 레더 패치 | 내부 스트랩 잠금 장치,MMVGSTT04BK001,https://images.mcmworldwide.com/i/mcmworldwide/MMVGSTT04CO001_01 | https://images.mcmworldwide.com/i/mcmworldwide/MMVGSTT04CO001_09 | https://images.mcmworldwide.com/i/mcmworldwide/MMVGSTT04CO001_02 | https://images.mcmworldwide.com/i/mcmworldwide/MMVGSTT04CO001_03 | https://images.mcmworldwide.com/i/mcmworldwide/MMVGSTT04CO001_04 | https://images.mcmworldwide.com/i/mcmworldwide/MMVGSTT04CO001_05 | https://images.mcmworldwide.com/i/mcmworldwide/MMVGSTT04CO001_07 | https://images.mcmworldwide.com/i/mcmworldwide/MMVGSTT04CO001_10,https://images.mcmworldwide.com/v/mcmworldwide/MMVGSTT04CO001_VID/webm_720p | https://images.mcmworldwide.com/v/mcmworldwide/MMVGSTT04CO001_01_VID/webm_720p,https://kr.mcmworldwide.com/ko_KR/%ED%8A%B8%EB%9E%98%EB%B8%94/%ED%8A%B8%EB%A1%A4%EB%A6%AC-%EB%8D%94%ED%94%8C%EB%B0%B1/ottomar-%EB%B9%84%EC%84%B8%ED%86%A0%EC%8A%A4-%EC%BA%90%EB%B9%88-%ED%8A%B8%EB%A1%A4%EB%A6%AC/MMVGSTT04CO001.html
MMVGSTT04BK001,Ottomar 비세토스 캐빈 트롤리,3550000,Black,ACTIVE,비세토스 모노그램 캔버스,,나일론,메탈 하드웨어,23 x 38 x 56,,,이탈리아,높이 조절 가능한 트롤리 손잡이 | 상단 및 옆면 가죽 손잡이 | 랩탑과 디바이스를 위한 앞면 지퍼 포켓 | 양방향 지퍼 클로저 | 내부 지퍼 수납공간과 다이아몬드 로고 레더 패치 | 내부 스트랩 잠금 장치 | 레더 트림,MMVGSTT04CO001,https://images.mcmworldwide.com/i/mcmworldwide/MMVGSTT04BK001_01 | https://images.mcmworldwide.com/i/mcmworldwide/MMVGSTT04BK001_09 | https://images.mcmworldwide.com/i/mcmworldwide/MMVGSTT04BK001_02 | https://images.mcmworldwide.com/i/mcmworldwide/MMVGSTT04BK001_03 | https://images.mcmworldwide.com/i/mcmworldwide/MMVGSTT04BK001_04 | https://images.mcmworldwide.com/i/mcmworldwide/MMVGSTT04BK001_05 | https://images.mcmworldwide.com/i/mcmworldwide/MMVGSTT04BK001_06 | https://images.mcmworldwide.com/i/mcmworldwide/MMVGSTT04BK001_10 | https://images.mcmworldwide.com/i/mcmworldwide/MMVGSTT04BK001_12,https://images.mcmworldwide.com/v/mcmworldwide/MMVGSTT04BK001_VID/webm_720p,https://kr.mcmworldwide.com/ko_KR/%ED%8A%B8%EB%9E%98%EB%B8%94/%ED%8A%B8%EB%A1%A4%EB%A6%AC-%EB%8D%94%ED%94%8C%EB%B0%B1/ottomar-%EB%B9%84%EC%84%B8%ED%86%A0%EC%8A%A4-%EC%BA%90%EB%B9%88-%ED%8A%B8%EB%A1%A4%EB%A6%AC/MMVGSTT04BK001.html
MMVGSTT03CO001,Ottomar 비세토스 가먼트 백,2150000,Cognac,ACTIVE,비세토스 모노그램 캔버스,천연 가죽,코튼,다크 메탈 하드웨어,20 x 45 x 31,120 cm - 131 cm,15 cm,이탈리아,탈부착이 가능하며 길이 조절이 가능한 헤링본 웨빙 스트랩 | 가죽 핸들 | 뒷면 외부 트롤리 슬리브 | 앞면 및 뒷면 지퍼 수납공간 | 내부 스트랩 잠금 장치,MMVGSTT03BK001,https://images.mcmworldwide.com/i/mcmworldwide/MMVGSTT03CO001_01 | https://images.mcmworldwide.com/i/mcmworldwide/MMVGSTT03CO001_09 | https://images.mcmworldwide.com/i/mcmworldwide/MMVGSTT03CO001_02 | https://images.mcmworldwide.com/i/mcmworldwide/MMVGSTT03CO001_03 | https://images.mcmworldwide.com/i/mcmworldwide/MMVGSTT03CO001_04 | https://images.mcmworldwide.com/i/mcmworldwide/MMVGSTT03CO001_05 | https://images.mcmworldwide.com/i/mcmworldwide/MMVGSTT03CO001_06 | https://images.mcmworldwide.com/i/mcmworldwide/MMVGSTT03CO001_07 | https://images.mcmworldwide.com/i/mcmworldwide/MMVGSTT03CO001_08,,https://kr.mcmworldwide.com/ko_KR/%ED%8A%B8%EB%9E%98%EB%B8%94/%EB%AA%A8%EB%91%90%EB%B3%B4%EA%B8%B0/ottomar-%EB%B9%84%EC%84%B8%ED%86%A0%EC%8A%A4-%EA%B0%80%EB%A8%BC%ED%8A%B8-%EB%B0%B1/MMVGSTT03CO001.html
MMVGSTT03CO001,Ottomar 비세토스 가먼트 백,2150000,Cognac,ACTIVE,비세토스 모노그램 캔버스,천연 가죽,코튼,다크 메탈 하드웨어,20 x 45 x 31,120 cm - 131 cm,15 cm,이탈리아,탈부착이 가능하며 길이 조절이 가능한 헤링본 웨빙 스트랩 | 가죽 핸들 | 뒷면 외부 트롤리 슬리브 | 앞면 및 뒷면 지퍼 수납공간 | 내부 스트랩 잠금 장치,MMVGSTT03BK001,https://images.mcmworldwide.com/i/mcmworldwide/MMVGSTT03CO001_01 | https://images.mcmworldwide.com/i/mcmworldwide/MMVGSTT03CO001_09 | https://images.mcmworldwide.com/i/mcmworldwide/MMVGSTT03CO001_02 | https://images.mcmworldwide.com/i/mcmworldwide/MMVGSTT03CO001_03 | https://images.mcmworldwide.com/i/mcmworldwide/MMVGSTT03CO001_04 | https://images.mcmworldwide.com/i/mcmworldwide/MMVGSTT03CO001_05 | https://images.mcmworldwide.com/i/mcmworldwide/MMVGSTT03CO001_06 | https://images.mcmworldwide.com/i/mcmworldwide/MMVGSTT03CO001_07 | https://images.mcmworldwide.com/i/mcmworldwide/MMVGSTT03CO001_08,,https://kr.mcmworldwide.com/ko_KR/%ED%8A%B8%EB%9E%98%EB%B8%94/%EB%9F%AC%EA%B8%B0%EC%A7%80-%EB%B0%B1/ottomar-%EB%B9%84%EC%84%B8%ED%86%A0%EC%8A%A4-%EA%B0%80%EB%A8%BC%ED%8A%B8-%EB%B0%B1/MMVGSTT03CO001.html
MMVGSTT03BK001,Ottomar 비세토스 가먼트 백,2150000,Black,ACTIVE,비세토스 모노그램 캔버스,천연 가죽,코튼,다크 메탈 하드웨어,20 x 45 x 31,120 cm - 131 cm,15 cm,이탈리아,탈부착이 가능하며 길이 조절이 가능한 헤링본 웨빙 스트랩 | 가죽 핸들 | 뒷면 외부 트롤리 슬리브 | 앞면 및 뒷면 지퍼 수납공간 | 내부 스트랩 잠금 장치,MMVGSTT03CO001,https://images.mcmworldwide.com/i/mcmworldwide/MMVGSTT03BK001_01 | https://images.mcmworldwide.com/i/mcmworldwide/MMVGSTT03BK001_09 | https://images.mcmworldwide.com/i/mcmworldwide/MMVGSTT03BK001_02 | https://images.mcmworldwide.com/i/mcmworldwide/MMVGSTT03BK001_03 | https://images.mcmworldwide.com/i/mcmworldwide/MMVGSTT03BK001_04 | https://images.mcmworldwide.com/i/mcmworldwide/MMVGSTT03BK001_05 | https://images.mcmworldwide.com/i/mcmworldwide/MMVGSTT03BK001_10 | https://images.mcmworldwide.com/i/mcmworldwide/MMVGSTT03BK001_11,https://images.mcmworldwide.com/v/mcmworldwide/MMVGSTT03BK001_VID/webm_720p,https://kr.mcmworldwide.com/ko_KR/%ED%8A%B8%EB%9E%98%EB%B8%94/%EB%9F%AC%EA%B8%B0%EC%A7%80-%EB%B0%B1/ottomar-%EB%B9%84%EC%84%B8%ED%86%A0%EC%8A%A4-%EA%B0%80%EB%A8%BC%ED%8A%B8-%EB%B0%B1/MMVGSTT03BK001.html
MXVFATT01CO001,Ottomar 비세토스 여권 지갑,430000,Cognac,ACTIVE,비세토스 모노그램 캔버스,천연 가죽,패브릭,24K 골드 도금 브라스 하드웨어,2 x 10 x 15,,,대한민국,패스포트 슬리브 | 4개의 카드 슬롯 | 지퍼 수납 공간 | 지폐 수납 공간 | 내부 포켓,MXVFATT014B001,https://images.mcmworldwide.com/i/mcmworldwide/MXVFATT01CO001_01 | https://images.mcmworldwide.com/i/mcmworldwide/MXVFATT01CO001_03 | https://images.mcmworldwide.com/i/mcmworldwide/MXVFATT01CO001_04,,https://kr.mcmworldwide.com/ko_KR/%ED%8A%B8%EB%9E%98%EB%B8%94/%EB%AA%A8%EB%91%90%EB%B3%B4%EA%B8%B0/ottomar-%EB%B9%84%EC%84%B8%ED%86%A0%EC%8A%A4-%EC%97%AC%EA%B6%8C-%EC%A7%80%EA%B0%91/MXVFATT01CO001.html
MMLFSTA01CO001,Aren 비세토스 슬링,1290000,Cognac,ACTIVE,비세토스 모노그램 캔버스,천연 나파 가죽,인조 나파,다크 톤 코발트 메탈 하드웨어.,11 x 31 x 44,83cm~101.5cm,3.5cm,대한민국,조절 가능한 어깨 스트랩 | 옆면 손잡이 | 앞면과 뒷면의 지퍼 포켓 | 사선 지퍼 클로저 | 내부 지퍼 수납공간,,https://images.mcmworldwide.com/i/mcmworldwide/MMLFSTA01CO001_01 | https://images.mcmworldwide.com/i/mcmworldwide/MMLFSTA01CO001_09 | https://images.mcmworldwide.com/i/mcmworldwide/MMLFSTA01CO001_02 | https://images.mcmworldwide.com/i/mcmworldwide/MMLFSTA01CO001_03 | https://images.mcmworldwide.com/i/mcmworldwide/MMLFSTA01CO001_04 | https://images.mcmworldwide.com/i/mcmworldwide/MMLFSTA01CO001_10,https://images.mcmworldwide.com/v/mcmworldwide/MMLFSTA01CO001_VID/webm_720p,https://kr.mcmworldwide.com/ko_KR/%ED%8A%B8%EB%9E%98%EB%B8%94/%EB%AA%A8%EB%91%90%EB%B3%B4%EA%B8%B0/aren-%EB%B9%84%EC%84%B8%ED%86%A0%EC%8A%A4-%EC%8A%AC%EB%A7%81/MMLFSTA01CO001.html
MMLFSTA01CO001,Aren 비세토스 슬링,1290000,Cognac,ACTIVE,비세토스 모노그램 캔버스,천연 나파 가죽,인조 나파,다크 톤 코발트 메탈 하드웨어.,11 x 31 x 44,83cm~101.5cm,3.5cm,대한민국,조절 가능한 어깨 스트랩 | 옆면 손잡이 | 앞면과 뒷면의 지퍼 포켓 | 사선 지퍼 클로저 | 내부 지퍼 수납공간,,https://images.mcmworldwide.com/i/mcmworldwide/MMLFSTA01CO001_01 | https://images.mcmworldwide.com/i/mcmworldwide/MMLFSTA01CO001_09 | https://images.mcmworldwide.com/i/mcmworldwide/MMLFSTA01CO001_02 | https://images.mcmworldwide.com/i/mcmworldwide/MMLFSTA01CO001_03 | https://images.mcmworldwide.com/i/mcmworldwide/MMLFSTA01CO001_04 | https://images.mcmworldwide.com/i/mcmworldwide/MMLFSTA01CO001_10,https://images.mcmworldwide.com/v/mcmworldwide/MMLFSTA01CO001_VID/webm_720p,https://kr.mcmworldwide.com/ko_KR/%EB%82%A8%EC%84%B1/%EA%B0%80%EB%B0%A9/%EB%B0%B1%ED%8C%A9/aren-%EB%B9%84%EC%84%B8%ED%86%A0%EC%8A%A4-%EC%8A%AC%EB%A7%81/MMLFSTA01CO001.html
MXZFATT02CO001,Ottomar 비세토스 토일레트리 백,790000,Cognac,ACTIVE,비세토스 모노그램 캔버스,천연 가죽,나일론,24K 골드 도금 브라스 하드웨어,10 x 20 x 11,,4 cm,대한민국,가죽 탑 핸들 | 양방향으로 여닫을 수 있는 사선 지퍼 클로저 | 중앙 지퍼 포켓 | 내부 슬립 포켓 | 구획된 내부 수납공간,,https://images.mcmworldwide.com/i/mcmworldwide/MXZFATT02CO001_01 | https://images.mcmworldwide.com/i/mcmworldwide/MXZFATT02CO001_02 | https://images.mcmworldwide.com/i/mcmworldwide/MXZFATT02CO001_03 | https://images.mcmworldwide.com/i/mcmworldwide/MXZFATT02CO001_04,,https://kr.mcmworldwide.com/ko_KR/%ED%8A%B8%EB%9E%98%EB%B8%94/%EB%AA%A8%EB%91%90%EB%B3%B4%EA%B8%B0/ottomar-%EB%B9%84%EC%84%B8%ED%86%A0%EC%8A%A4-%ED%86%A0%EC%9D%BC%EB%A0%88%ED%8A%B8%EB%A6%AC-%EB%B0%B1/MXZFATT02CO001.html
MXZFATT02CO001,Ottomar 비세토스 토일레트리 백,790000,Cognac,ACTIVE,비세토스 모노그램 캔버스,천연 가죽,나일론,24K 골드 도금 브라스 하드웨어,10 x 20 x 11,,4 cm,대한민국,가죽 탑 핸들 | 양방향으로 여닫을 수 있는 사선 지퍼 클로저 | 중앙 지퍼 포켓 | 내부 슬립 포켓 | 구획된 내부 수납공간,,https://images.mcmworldwide.com/i/mcmworldwide/MXZFATT02CO001_01 | https://images.mcmworldwide.com/i/mcmworldwide/MXZFATT02CO001_02 | https://images.mcmworldwide.com/i/mcmworldwide/MXZFATT02CO001_03 | https://images.mcmworldwide.com/i/mcmworldwide/MXZFATT02CO001_04,,https://kr.mcmworldwide.com/ko_KR/%ED%8A%B8%EB%9E%98%EB%B8%94/%ED%8A%B8%EB%9E%98%EB%B8%94-%EC%95%A1%EC%84%B8%EC%84%9C%EB%A6%AC/ottomar-%EB%B9%84%EC%84%B8%ED%86%A0%EC%8A%A4-%ED%86%A0%EC%9D%BC%EB%A0%88%ED%8A%B8%EB%A6%AC-%EB%B0%B1/MXZFATT02CO001.html
MXZESTT06CO001,Ottomar 비세토스 토일레트리 백,930000,Cognac,ACTIVE,비세토스 모노그램 캔버스,나파 가죽,스웨이드 마감 마이크로파이버,24K 도금 브라스 금속 장식,14 x 26 x 14,,4cm,대한민국,가죽 손잡이 부분 | 양방향 사선 지퍼 클로저 | 중앙 지퍼 포켓 | 분할된 내부 구조.,MXZESTT06BK001,https://images.mcmworldwide.com/i/mcmworldwide/MXZESTT06CO001_01 | https://images.mcmworldwide.com/i/mcmworldwide/MXZESTT06CO001_02 | https://images.mcmworldwide.com/i/mcmworldwide/MXZESTT06CO001_03 | https://images.mcmworldwide.com/i/mcmworldwide/MXZESTT06CO001_04,,https://kr.mcmworldwide.com/ko_KR/%ED%8A%B8%EB%9E%98%EB%B8%94/%EB%AA%A8%EB%91%90%EB%B3%B4%EA%B8%B0/ottomar-%EB%B9%84%EC%84%B8%ED%86%A0%EC%8A%A4-%ED%86%A0%EC%9D%BC%EB%A0%88%ED%8A%B8%EB%A6%AC-%EB%B0%B1/MXZESTT06CO001.html
MXZESTT06CO001,Ottomar 비세토스 토일레트리 백,930000,Cognac,ACTIVE,비세토스 모노그램 캔버스,나파 가죽,스웨이드 마감 마이크로파이버,24K 도금 브라스 금속 장식,14 x 26 x 14,,4cm,대한민국,가죽 손잡이 부분 | 양방향 사선 지퍼 클로저 | 중앙 지퍼 포켓 | 분할된 내부 구조.,MXZESTT06BK001,https://images.mcmworldwide.com/i/mcmworldwide/MXZESTT06CO001_01 | https://images.mcmworldwide.com/i/mcmworldwide/MXZESTT06CO001_02 | https://images.mcmworldwide.com/i/mcmworldwide/MXZESTT06CO001_03 | https://images.mcmworldwide.com/i/mcmworldwide/MXZESTT06CO001_04,,https://kr.mcmworldwide.com/ko_KR/%ED%8A%B8%EB%9E%98%EB%B8%94/%ED%8A%B8%EB%9E%98%EB%B8%94-%EC%95%A1%EC%84%B8%EC%84%9C%EB%A6%AC/ottomar-%EB%B9%84%EC%84%B8%ED%86%A0%EC%8A%A4-%ED%86%A0%EC%9D%BC%EB%A0%88%ED%8A%B8%EB%A6%AC-%EB%B0%B1/MXZESTT06CO001.html
MXZESTT06BK001,Ottomar 비세토스 토일레트리 백,930000,Black,ACTIVE,비세토스 모노그램 캔버스,천연 나파 가죽,스웨이드 마감 마이크로파이버,앤틱 실버톤 금속 장식,14 x 26 x 14,,4cm,대한민국,레더 손잡이 부분 | 양방향 사선 지퍼 클로저 | 중앙 지퍼 포켓 | 수납공간이 나눠진 내부와 포켓,MXZESTT06CO001,https://images.mcmworldwide.com/i/mcmworldwide/MXZESTT06BK001_01 | https://images.mcmworldwide.com/i/mcmworldwide/MXZESTT06BK001_02 | https://images.mcmworldwide.com/i/mcmworldwide/MXZESTT06BK001_03 | https://images.mcmworldwide.com/i/mcmworldwide/MXZESTT06BK001_04,,https://kr.mcmworldwide.com/ko_KR/%ED%8A%B8%EB%9E%98%EB%B8%94/%ED%8A%B8%EB%9E%98%EB%B8%94-%EC%95%A1%EC%84%B8%EC%84%9C%EB%A6%AC/ottomar-%EB%B9%84%EC%84%B8%ED%86%A0%EC%8A%A4-%ED%86%A0%EC%9D%BC%EB%A0%88%ED%8A%B8%EB%A6%AC-%EB%B0%B1/MXZESTT06BK001.html
MXZFATT07CO001,Ottomar 비세토스 러기지 택,145000,Cognac,ACTIVE,비세토스 모노그램 캔버스,천연 가죽,,로고 브라스 플레이트 | 24K 골드 도금 브라스 하드웨어,0 x 8 x 13,11 cm,,대한민국,탈부착이 가능하며 길이 조절이 가능한 가죽 스트랩 | 뒷면 ID 창,,https://images.mcmworldwide.com/i/mcmworldwide/MXZFATT07CO001_01 | https://images.mcmworldwide.com/i/mcmworldwide/MXZFATT07CO001_04,,https://kr.mcmworldwide.com/ko_KR/%ED%8A%B8%EB%9E%98%EB%B8%94/%EB%AA%A8%EB%91%90%EB%B3%B4%EA%B8%B0/ottomar-%EB%B9%84%EC%84%B8%ED%86%A0%EC%8A%A4-%EB%9F%AC%EA%B8%B0%EC%A7%80-%ED%83%9D/MXZFATT07CO001.html
MXZFATT07CO001,Ottomar 비세토스 러기지 택,145000,Cognac,ACTIVE,비세토스 모노그램 캔버스,천연 가죽,,로고 브라스 플레이트 | 24K 골드 도금 브라스 하드웨어,0 x 8 x 13,11 cm,,대한민국,탈부착이 가능하며 길이 조절이 가능한 가죽 스트랩 | 뒷면 ID 창,,https://images.mcmworldwide.com/i/mcmworldwide/MXZFATT07CO001_01 | https://images.mcmworldwide.com/i/mcmworldwide/MXZFATT07CO001_04,,https://kr.mcmworldwide.com/ko_KR/%ED%8A%B8%EB%9E%98%EB%B8%94/%ED%8A%B8%EB%9E%98%EB%B8%94-%EC%95%A1%EC%84%B8%EC%84%9C%EB%A6%AC/ottomar-%EB%B9%84%EC%84%B8%ED%86%A0%EC%8A%A4-%EB%9F%AC%EA%B8%B0%EC%A7%80-%ED%83%9D/MXZFATT07CO001.html
MMVGSTT04BK001,Ottomar 비세토스 캐빈 트롤리,3550000,Black,ACTIVE,비세토스 모노그램 캔버스,,나일론,메탈 하드웨어,23 x 38 x 56,,,이탈리아,높이 조절 가능한 트롤리 손잡이 | 상단 및 옆면 가죽 손잡이 | 랩탑과 디바이스를 위한 앞면 지퍼 포켓 | 양방향 지퍼 클로저 | 내부 지퍼 수납공간과 다이아몬드 로고 레더 패치 | 내부 스트랩 잠금 장치 | 레더 트림,MMVGSTT04CO001,https://images.mcmworldwide.com/i/mcmworldwide/MMVGSTT04BK001_01 | https://images.mcmworldwide.com/i/mcmworldwide/MMVGSTT04BK001_09 | https://images.mcmworldwide.com/i/mcmworldwide/MMVGSTT04BK001_02 | https://images.mcmworldwide.com/i/mcmworldwide/MMVGSTT04BK001_03 | https://images.mcmworldwide.com/i/mcmworldwide/MMVGSTT04BK001_04 | https://images.mcmworldwide.com/i/mcmworldwide/MMVGSTT04BK001_05 | https://images.mcmworldwide.com/i/mcmworldwide/MMVGSTT04BK001_06 | https://images.mcmworldwide.com/i/mcmworldwide/MMVGSTT04BK001_10 | https://images.mcmworldwide.com/i/mcmworldwide/MMVGSTT04BK001_12,https://images.mcmworldwide.com/v/mcmworldwide/MMVGSTT04BK001_VID/webm_720p,https://kr.mcmworldwide.com/ko_KR/%ED%8A%B8%EB%9E%98%EB%B8%94/%EB%AA%A8%EB%91%90%EB%B3%B4%EA%B8%B0/ottomar-%EB%B9%84%EC%84%B8%ED%86%A0%EC%8A%A4-%EC%BA%90%EB%B9%88-%ED%8A%B8%EB%A1%A4%EB%A6%AC/MMVGSTT04BK001.html
MWSGSTA02CO001,Aren 비세토스 E/W 숄더백,1090000,Cognac,ACTIVE,비세토스 모노그램 캔버스,천연 가죽,스웨이드 마감의 극세사,24K 골드 도금 브라스 하드웨어,9 x 29 x 12,,27 cm,대한민국,가죽 탑 핸들 | 탈착 가능한 로고가 새겨진 바바리안 다이아몬드 레더 참 | 양방향 지퍼 클로저 | 내부 카드 슬롯,MWSGATA01BK001 | MWSGATA01I8001 | MWSGATA01PZ001,https://images.mcmworldwide.com/i/mcmworldwide/MWSGSTA02CO001_01 | https://images.mcmworldwide.com/i/mcmworldwide/MWSGSTA02CO001_09 | https://images.mcmworldwide.com/i/mcmworldwide/MWSGSTA02CO001_02 | https://images.mcmworldwide.com/i/mcmworldwide/MWSGSTA02CO001_03 | https://images.mcmworldwide.com/i/mcmworldwide/MWSGSTA02CO001_04 | https://images.mcmworldwide.com/i/mcmworldwide/MWSGSTA02CO001_05 | https://images.mcmworldwide.com/i/mcmworldwide/MWSGSTA02CO001_06 | https://images.mcmworldwide.com/i/mcmworldwide/MWSGSTA02CO001_10,https://images.mcmworldwide.com/v/mcmworldwide/MWSGSTA02CO001_VID/webm_720p,https://kr.mcmworldwide.com/ko_KR/%EC%97%AC%EC%84%B1/%ED%95%B8%EB%93%9C%EB%B0%B1/%EC%88%84%EB%8D%94%EB%B0%B1-%ED%81%AC%EB%A1%9C%EC%8A%A4%EB%B0%B1/aren-%EB%B9%84%EC%84%B8%ED%86%A0%EC%8A%A4-e%2Fw-%EC%88%84%EB%8D%94%EB%B0%B1/MWSGSTA02CO001.html
MWSGATA01I8001,Aren 비세토스 E/W 숄더백,1090000,Beige,ACTIVE,비세토스 모노그램 캔버스,,스웨이드 마감의 극세사,16K 골드 도금 메탈 하드웨어,9 x 29 x 12,,27 cm,대한민국,가죽 탑 핸들 | 로고가 엠보싱 처리된 탈부착 가능한 바바리안 다이아몬드 가죽 참 | 양방향 지퍼 클로저 | 내부 카드 슬롯 | 레더 트림,MWSGATA01BK001 | MWSGATA01PZ001 | MWSGSTA02CO001,https://images.mcmworldwide.com/i/mcmworldwide/MWSGATA01I8001_01 | https://images.mcmworldwide.com/i/mcmworldwide/MWSGATA01I8001_09 | https://images.mcmworldwide.com/i/mcmworldwide/MWSGATA01I8001_02 | https://images.mcmworldwide.com/i/mcmworldwide/MWSGATA01I8001_03 | https://images.mcmworldwide.com/i/mcmworldwide/MWSGATA01I8001_04 | https://images.mcmworldwide.com/i/mcmworldwide/MWSGATA01I8001_05 | https://images.mcmworldwide.com/i/mcmworldwide/MWSGATA01I8001_06 | https://images.mcmworldwide.com/i/mcmworldwide/MWSGATA01I8001_10,,https://kr.mcmworldwide.com/ko_KR/%EC%97%AC%EC%84%B1/%ED%95%B8%EB%93%9C%EB%B0%B1/%EC%88%84%EB%8D%94%EB%B0%B1-%ED%81%AC%EB%A1%9C%EC%8A%A4%EB%B0%B1/aren-%EB%B9%84%EC%84%B8%ED%86%A0%EC%8A%A4-e%2Fw-%EC%88%84%EB%8D%94%EB%B0%B1/MWSGATA01I8001.html
MWPFSMT03PZ001,Toni 비세토스 상단 지퍼 쇼퍼,850000,Pink,ACTIVE,비세토스 모노그램 캔버스,천연 나파 가죽,,18K 금 도금 메탈 하드웨어,9 x 16 x 14,100cm ~ 126cm,9cm,대한민국,탈부착 및 조절 가능한 가죽 스트랩 | 가죽 손잡이 부분 | MCM 로고 플레이트. | 뒷면 외부 포켓 | 지퍼 클로저 | 내부 포켓 및 카드 슬롯 | 패브릭 안감.,MWPFSMT03BK001 | MWPGSMT03WT001,https://images.mcmworldwide.com/i/mcmworldwide/MWPFSMT03PZ001_01 | https://images.mcmworldwide.com/i/mcmworldwide/MWPFSMT03PZ001_09 | https://images.mcmworldwide.com/i/mcmworldwide/MWPFSMT03PZ001_02 | https://images.mcmworldwide.com/i/mcmworldwide/MWPFSMT03PZ001_03 | https://images.mcmworldwide.com/i/mcmworldwide/MWPFSMT03PZ001_04 | https://images.mcmworldwide.com/i/mcmworldwide/MWPFSMT03PZ001_10,,https://kr.mcmworldwide.com/ko_KR/%EA%B0%80%EB%B0%A9/%EB%AA%A8%EB%91%90%EB%B3%B4%EA%B8%B0/toni-%EB%B9%84%EC%84%B8%ED%86%A0%EC%8A%A4-%EC%83%81%EB%8B%A8-%EC%A7%80%ED%8D%BC-%EC%87%BC%ED%8D%BC/MWPFSMT03PZ001.html
MWPFSMT03BK001,Toni 비세토스 탑 지퍼 숄더,850000,Black,ACTIVE,비세토스 모노그램 캔버스,천연 나파 가죽,패브릭,로고 브라스 플레이트 | 실버톤 코발트 메탈 하드웨어,9 x 16 x 14,109.5cm - 13.5cm,9cm,대한민국,탈부착이 가능하며 길이 조절이 가능한 가죽 스트랩 | 가죽 탑 핸들 | 뒷면의 외부 포켓 | 상단 지퍼 클로저 | 내부 포켓 및 카드 슬롯,MWPFSMT03PZ001 | MWPGSMT03WT001,https://images.mcmworldwide.com/i/mcmworldwide/MWPFSMT03BK001_01 | https://images.mcmworldwide.com/i/mcmworldwide/MWPFSMT03BK001_09 | https://images.mcmworldwide.com/i/mcmworldwide/MWPFSMT03BK001_02 | https://images.mcmworldwide.com/i/mcmworldwide/MWPFSMT03BK001_03 | https://images.mcmworldwide.com/i/mcmworldwide/MWPFSMT03BK001_04 | https://images.mcmworldwide.com/i/mcmworldwide/MWPFSMT03BK001_10,https://images.mcmworldwide.com/v/mcmworldwide/MWPFSMT03BK001_VID/webm_720p,https://kr.mcmworldwide.com/ko_KR/%EC%97%AC%EC%84%B1/%ED%95%B8%EB%93%9C%EB%B0%B1/%EC%87%BC%ED%8D%BC-%ED%86%A0%ED%8A%B8%EB%B0%B1/toni-%EB%B9%84%EC%84%B8%ED%86%A0%EC%8A%A4-%ED%83%91-%EC%A7%80%ED%8D%BC-%EC%88%84%EB%8D%94/MWPFSMT03BK001.html
MWPGSMT03WT001,Toni 비세토스 탑 지퍼 쇼퍼,850000,White,ACTIVE,비세토스 모노그램 캔버스,나파 가죽,스웨이드 마감의 극세사,로고 브라스 플레이트 | 실버톤 코발트 브라스 하드웨어,9 x 16 x 14,106 cm - 130 cm,9 cm,대한민국,탈부착이 가능하며 길이 조절이 가능한 가죽 스트랩 | 가죽 탑 핸들 | 지퍼 클로저 | 가죽 패치가 더해진 내부 슬립 포켓,MWPFSMT03BK001 | MWPFSMT03PZ001,https://images.mcmworldwide.com/i/mcmworldwide/MWPGSMT03WT001_01 | https://images.mcmworldwide.com/i/mcmworldwide/MWPGSMT03WT001_09 | https://images.mcmworldwide.com/i/mcmworldwide/MWPGSMT03WT001_02 | https://images.mcmworldwide.com/i/mcmworldwide/MWPGSMT03WT001_03 | https://images.mcmworldwide.com/i/mcmworldwide/MWPGSMT03WT001_04 | https://images.mcmworldwide.com/i/mcmworldwide/MWPGSMT03WT001_05 | https://images.mcmworldwide.com/i/mcmworldwide/MWPGSMT03WT001_10 | https://images.mcmworldwide.com/i/mcmworldwide/MWPGSMT03WT001_11,https://images.mcmworldwide.com/v/mcmworldwide/MWPGSMT03WT001_VID/webm_720p,https://kr.mcmworldwide.com/ko_KR/%EC%97%AC%EC%84%B1/%ED%95%B8%EB%93%9C%EB%B0%B1/%EC%87%BC%ED%8D%BC-%ED%86%A0%ED%8A%B8%EB%B0%B1/toni-%EB%B9%84%EC%84%B8%ED%86%A0%EC%8A%A4-%ED%83%91-%EC%A7%80%ED%8D%BC-%EC%87%BC%ED%8D%BC/MWPGSMT03WT001.html
MWRGAAK01BK001,Diamond 비세토스 레더 믹스 숄더백,930000,Black,ACTIVE,비세토스 모노그램 캔버스,카프스킨 레더,패브릭,실버톤 코발트 브라스 하드웨어,5 x 20 x 13,60cm,,대한민국,탈부착 가능한 가죽 체인 스트랩 | 뒷면 외부 슬립 포켓 | 라우렐 로고 모티프의 바이에른 다이아몬드 프론트 플랩 | 마그네틱 스냅 클로저 | 내부 지퍼 포켓과 카드 슬롯,MWRESAK02CO001,https://images.mcmworldwide.com/i/mcmworldwide/MWRGAAK01BK001_01 | https://images.mcmworldwide.com/i/mcmworldwide/MWRGAAK01BK001_09 | https://images.mcmworldwide.com/i/mcmworldwide/MWRGAAK01BK001_02 | https://images.mcmworldwide.com/i/mcmworldwide/MWRGAAK01BK001_03 | https://images.mcmworldwide.com/i/mcmworldwide/MWRGAAK01BK001_04 | https://images.mcmworldwide.com/i/mcmworldwide/MWRGAAK01BK001_05 | https://images.mcmworldwide.com/i/mcmworldwide/MWRGAAK01BK001_10 | https://images.mcmworldwide.com/i/mcmworldwide/MWRGAAK01BK001_11,,https://kr.mcmworldwide.com/ko_KR/%EA%B0%80%EB%B0%A9/%EB%AA%A8%EB%91%90%EB%B3%B4%EA%B8%B0/diamond--%EB%B9%84%EC%84%B8%ED%86%A0%EC%8A%A4-%EB%A0%88%EB%8D%94-%EB%AF%B9%EC%8A%A4-%EC%88%84%EB%8D%94%EB%B0%B1/MWRGAAK01BK001.html
MWRESAK02CO001,비세토스 레더 믹스 다이아몬드 숄더백,930000,Cognac,ACTIVE,비세토스 모노그램 캔버스,나파 송아지 가죽,스웨이드 마감 마이크로파이버,24K 도금 메탈 금속 장식,5 x 20 x 13,,60cm,대한민국,탈부착 가능한 체인 레더 믹스 어깨 스트랩 | 후면 외부 슬립 포켓. | 라우렐 로고 프린트와 바이에른 다이아몬드 모티프 앞면 플랩 | 자석 스냅 클로저. | 내부 지퍼 포켓 및 카드 슬롯,MWRGAAK01BK001,https://images.mcmworldwide.com/i/mcmworldwide/MWRESAK02CO001_01 | https://images.mcmworldwide.com/i/mcmworldwide/MWRESAK02CO001_09 | https://images.mcmworldwide.com/i/mcmworldwide/MWRESAK02CO001_02 | https://images.mcmworldwide.com/i/mcmworldwide/MWRESAK02CO001_03 | https://images.mcmworldwide.com/i/mcmworldwide/MWRESAK02CO001_04 | https://images.mcmworldwide.com/i/mcmworldwide/MWRESAK02CO001_10,https://images.mcmworldwide.com/v/mcmworldwide/MWRESAK02CO001_VID/webm_720p,https://kr.mcmworldwide.com/ko_KR/%EC%97%AC%EC%84%B1/%ED%95%B8%EB%93%9C%EB%B0%B1/%EC%88%84%EB%8D%94%EB%B0%B1-%ED%81%AC%EB%A1%9C%EC%8A%A4%EB%B0%B1/%EB%B9%84%EC%84%B8%ED%86%A0%EC%8A%A4-%EB%A0%88%EB%8D%94-%EB%AF%B9%EC%8A%A4-%EB%8B%A4%EC%9D%B4%EC%95%84%EB%AA%AC%EB%93%9C-%EC%88%84%EB%8D%94%EB%B0%B1/MWRESAK02CO001.html
MMPGSDC02BK001,Dia 비세토스 카프 스킨 레더 쇼퍼,2050000,Black,ACTIVE,이탈리안 카프스킨 레더,,,로고 브라스 플레이트 | 24K 골드 도금 브라스 하드웨어,15 x 45 x 36,,22cm,이탈리아,카프레더 핸들 스트랩 | 후크 잠금 장지 | 탈부착 가능한 파우치 | 다이아몬드 그래픽 프린트가 더해진 패브릭 라이닝,MMPGSDC01CO001,https://images.mcmworldwide.com/i/mcmworldwide/MMPGSDC02BK001_01 | https://images.mcmworldwide.com/i/mcmworldwide/MMPGSDC02BK001_09 | https://images.mcmworldwide.com/i/mcmworldwide/MMPGSDC02BK001_02 | https://images.mcmworldwide.com/i/mcmworldwide/MMPGSDC02BK001_03 | https://images.mcmworldwide.com/i/mcmworldwide/MMPGSDC02BK001_04 | https://images.mcmworldwide.com/i/mcmworldwide/MMPGSDC02BK001_05 | https://images.mcmworldwide.com/i/mcmworldwide/MMPGSDC02BK001_06 | https://images.mcmworldwide.com/i/mcmworldwide/MMPGSDC02BK001_10 | https://images.mcmworldwide.com/i/mcmworldwide/MMPGSDC02BK001_11 | https://images.mcmworldwide.com/i/mcmworldwide/MMPGSDC02BK001_12,,https://kr.mcmworldwide.com/ko_KR/%EA%B0%80%EB%B0%A9/%EB%AA%A8%EB%91%90%EB%B3%B4%EA%B8%B0/dia-%EB%B9%84%EC%84%B8%ED%86%A0%EC%8A%A4-%EC%B9%B4%ED%94%84-%EC%8A%A4%ED%82%A8-%EB%A0%88%EB%8D%94-%EC%87%BC%ED%8D%BC/MMPGSDC02BK001.html
MMPGSDC01CO001,Dia 비세토스 레더 믹스 쇼퍼,1750000,Cognac,ACTIVE,비세토스 모노그램 캔버스,이탈리안 카프스킨,,로고 브라스 플레이트 | 24K 골드 도금 브라스 하드웨어,15 x 35 x 34,,22cm,이탈리아,카프레더 핸들 스트랩 | 후크 잠금 장지 | 탈부착 가능한 파우치 | 다이아몬드 그래픽 프린트가 더해진 패브릭 라이닝,MMPGSDC02BK001,https://images.mcmworldwide.com/i/mcmworldwide/MMPGSDC01CO001_01 | https://images.mcmworldwide.com/i/mcmworldwide/MMPGSDC01CO001_09 | https://images.mcmworldwide.com/i/mcmworldwide/MMPGSDC01CO001_02 | https://images.mcmworldwide.com/i/mcmworldwide/MMPGSDC01CO001_03 | https://images.mcmworldwide.com/i/mcmworldwide/MMPGSDC01CO001_04 | https://images.mcmworldwide.com/i/mcmworldwide/MMPGSDC01CO001_05 | https://images.mcmworldwide.com/i/mcmworldwide/MMPGSDC01CO001_06 | https://images.mcmworldwide.com/i/mcmworldwide/MMPGSDC01CO001_10 | https://images.mcmworldwide.com/i/mcmworldwide/MMPGSDC01CO001_11,,https://kr.mcmworldwide.com/ko_KR/%EB%82%A8%EC%84%B1/%EA%B0%80%EB%B0%A9/%ED%86%A0%ED%8A%B8%EB%B0%B1/dia-%EB%B9%84%EC%84%B8%ED%86%A0%EC%8A%A4-%EB%A0%88%EB%8D%94-%EB%AF%B9%EC%8A%A4-%EC%87%BC%ED%8D%BC/MMPGSDC01CO001.html
MMHGATA01CO001,Aren Zip Hobo in Visetos,1790000,Cognac,ACTIVE,Visetos monogram canvas,Nappa leather,Cotton twill,Logo brass plate | 24k gold-plated brass hardware,15 x 36 x 30,114.5 cm to 146.5 cm,,대한민국,Adjustable leather shoulder strap | Front zip compartment | Zip closure | Interior zip pocket,,https://images.mcmworldwide.com/i/mcmworldwide/MMHGATA01CO001_01 | https://images.mcmworldwide.com/i/mcmworldwide/MMHGATA01CO001_09 | https://images.mcmworldwide.com/i/mcmworldwide/MMHGATA01CO001_02 | https://images.mcmworldwide.com/i/mcmworldwide/MMHGATA01CO001_03 | https://images.mcmworldwide.com/i/mcmworldwide/MMHGATA01CO001_04 | https://images.mcmworldwide.com/i/mcmworldwide/MMHGATA01CO001_05 | https://images.mcmworldwide.com/i/mcmworldwide/MMHGATA01CO001_10 | https://images.mcmworldwide.com/i/mcmworldwide/MMHGATA01CO001_11,,https://kr.mcmworldwide.com/ko_KR/%EA%B0%80%EB%B0%A9/%EB%AA%A8%EB%91%90%EB%B3%B4%EA%B8%B0/aren-zip-hobo-in-visetos/MMHGATA01CO001.html
MMRGATA04CO001,Aren 비세토스 크로스바디,1350000,Cognac,ACTIVE,비세토스 모노그램 캔버스,나파 가죽,코튼 트윌,로고 브라스 플레이트 | 24K 골드 도금 브라스 하드웨어,7 x 27 x 21,85 cm - 151.5 cm,,대한민국,탈부착이 가능하며 길이 조절이 가능한 위빙 스트랩 | 뒷면의 외부 포켓 | 앞면 지퍼 포켓 | 양방향 지퍼 클로저 | 내부 슬립 포켓,,https://images.mcmworldwide.com/i/mcmworldwide/MMRGATA04CO001_01 | https://images.mcmworldwide.com/i/mcmworldwide/MMRGATA04CO001_09 | https://images.mcmworldwide.com/i/mcmworldwide/MMRGATA04CO001_02 | https://images.mcmworldwide.com/i/mcmworldwide/MMRGATA04CO001_03 | https://images.mcmworldwide.com/i/mcmworldwide/MMRGATA04CO001_04 | https://images.mcmworldwide.com/i/mcmworldwide/MMRGATA04CO001_05 | https://images.mcmworldwide.com/i/mcmworldwide/MMRGATA04CO001_10,,https://kr.mcmworldwide.com/ko_KR/%EA%B0%80%EB%B0%A9/%EB%AA%A8%EB%91%90%EB%B3%B4%EA%B8%B0/aren-%EB%B9%84%EC%84%B8%ED%86%A0%EC%8A%A4-%ED%81%AC%EB%A1%9C%EC%8A%A4%EB%B0%94%EB%94%94/MMRGATA04CO001.html
MWREATA01CO001,비세토스 아렌 숄더 백.,890000,Cognac,ACTIVE,비세토스 모노그램 캔버스,천연 나파 가죽,스웨이드 마감 마이크로파이버,24K 도금 브라스 금속 장식,6 x 21 x 11,,55cm,대한민국,골드톤 체인 스트랩 | 뒷면 외부 포켓 | MCM 로고 플레이트. | 자석 스냅 클로저. | 내부 지퍼 포켓 및 카드 슬롯.,,https://images.mcmworldwide.com/i/mcmworldwide/MWREATA01CO001_01 | https://images.mcmworldwide.com/i/mcmworldwide/MWREATA01CO001_09 | https://images.mcmworldwide.com/i/mcmworldwide/MWREATA01CO001_02 | https://images.mcmworldwide.com/i/mcmworldwide/MWREATA01CO001_03 | https://images.mcmworldwide.com/i/mcmworldwide/MWREATA01CO001_04,,https://kr.mcmworldwide.com/ko_KR/%EA%B0%80%EB%B0%A9/%EB%AA%A8%EB%91%90%EB%B3%B4%EA%B8%B0/%EB%B9%84%EC%84%B8%ED%86%A0%EC%8A%A4-%EC%95%84%EB%A0%8C-%EC%88%84%EB%8D%94-%EB%B0%B1./MWREATA01CO001.html
MMRGAUP01BK001,MCM X ATEEZ with MINGI Aren 비세토스 크로스바디,1250000,Black,ACTIVE,비세토스 모노그램 캔버스,나파 가죽,코튼 트윌,로고 브라스 플레이트 | 실버톤 코발트 메탈 하드웨어,5 x 22 x 16,80 cm - 140 cm,,대한민국,탈부착 및 길이 조절 가능한 크로스바디 스트랩 | 앞면의 ‘FIX ON’ 그래픽 디테일 | 뒷면의 ATEEZ 로고 디테일 | 마그네틱 스냅 클로저의 외부 후면 포켓 | 앞면 지퍼 포켓 | 지퍼 클로저 | 2개의 내부 슬립 포켓,,https://images.mcmworldwide.com/i/mcmworldwide/MMRGAUP01BK001_01 | https://images.mcmworldwide.com/i/mcmworldwide/MMRGAUP01BK001_02 | https://images.mcmworldwide.com/i/mcmworldwide/MMRGAUP01BK001_03 | https://images.mcmworldwide.com/i/mcmworldwide/MMRGAUP01BK001_04 | https://images.mcmworldwide.com/i/mcmworldwide/MMRGAUP01BK001_05,,https://kr.mcmworldwide.com/ko_KR/%EA%B0%80%EB%B0%A9/%EB%AA%A8%EB%91%90%EB%B3%B4%EA%B8%B0/mcm-x-ateez-with-mingi-aren-%EB%B9%84%EC%84%B8%ED%86%A0%EC%8A%A4-%ED%81%AC%EB%A1%9C%EC%8A%A4%EB%B0%94%EB%94%94/MMRGAUP01BK001.html
MMKGAUP02BK001,MCM X ATEEZ with MINGI Stark 비세토스 사이드 스터드 백팩,1690000,Black,ACTIVE,비세토스 모노그램 캔버스,나파 가죽,,로고 브라스 플레이트 | 다크 실버톤 코발트 메탈 하드웨어,13 x 26 x 33,74 cm - 90 cm,7cm,대한민국,길이 조절 가능한 숄더 스트랩 | 가죽 탑 핸들 | 앞면의 ‘FIX ON’ 그래픽 디테일 | 뒷면의 ATEEZ 로고 디테일 | 앞면 지퍼 포켓 | 스터드 디테일의 외부 사이드 포켓 | 양방향 지퍼 클로저 | 태블릿 수납용 내부 슬리브,,https://images.mcmworldwide.com/i/mcmworldwide/MMKGAUP02BK001_01 | https://images.mcmworldwide.com/i/mcmworldwide/MMKGAUP02BK001_02 | https://images.mcmworldwide.com/i/mcmworldwide/MMKGAUP02BK001_03 | https://images.mcmworldwide.com/i/mcmworldwide/MMKGAUP02BK001_04 | https://images.mcmworldwide.com/i/mcmworldwide/MMKGAUP02BK001_05 | https://images.mcmworldwide.com/i/mcmworldwide/MMKGAUP02BK001_06,,https://kr.mcmworldwide.com/ko_KR/%EA%B0%80%EB%B0%A9/%EB%AA%A8%EB%91%90%EB%B3%B4%EA%B8%B0/mcm-x-ateez-with-mingi-stark-%EB%B9%84%EC%84%B8%ED%86%A0%EC%8A%A4-%EC%82%AC%EC%9D%B4%EB%93%9C-%EC%8A%A4%ED%84%B0%EB%93%9C-%EB%B0%B1%ED%8C%A9/MMKGAUP02BK001.html
MWPGAUP02BK001,MCM X ATEEZ with MINGI Toni 탑 지퍼 비세토스 쇼퍼,1050000,Black,ACTIVE,비세토스 모노그램 캔버스,나파 가죽,,실버톤 코발트 메탈 하드웨어,10 x 19 x 19,98 cm - 114 cm,10cm,대한민국,앞면의 ‘FIX ON’ 그래픽 디테일 | 뒷면의 ATEEZ 로고 디테일 | 외부 후면 슬립 포켓 | 탑 지퍼 클로저 | 내부 지퍼 포켓 및 슬립 포켓 | 외부 D링 디테일 | 코튼 캔버스 라이닝,MWPGAUP02CO001,https://images.mcmworldwide.com/i/mcmworldwide/MWPGAUP02BK001_01 | https://images.mcmworldwide.com/i/mcmworldwide/MWPGAUP02BK001_02 | https://images.mcmworldwide.com/i/mcmworldwide/MWPGAUP02BK001_03 | https://images.mcmworldwide.com/i/mcmworldwide/MWPGAUP02BK001_04 | https://images.mcmworldwide.com/i/mcmworldwide/MWPGAUP02BK001_05 | https://images.mcmworldwide.com/i/mcmworldwide/MWPGAUP02BK001_06,,https://kr.mcmworldwide.com/ko_KR/%EA%B0%80%EB%B0%A9/%EB%AA%A8%EB%91%90%EB%B3%B4%EA%B8%B0/mcm-x-ateez-with-mingi-toni-%ED%83%91-%EC%A7%80%ED%8D%BC-%EB%B9%84%EC%84%B8%ED%86%A0%EC%8A%A4-%EC%87%BC%ED%8D%BC/MWPGAUP02BK001.html
MWPGAUP02CO001,MCM X ATEEZ with MINGI Toni 탑 지퍼 비세토스 쇼퍼,1050000,Cognac,ACTIVE,비세토스 모노그램 캔버스,나파 가죽,,24K 골드 도금 브라스 하드웨어,10 x 19 x 19,98 cm - 114 cm,10cm,대한민국,앞면의 ‘FIX ON’ 그래픽 디테일 | 뒷면의 ATEEZ 로고 디테일 | 외부 후면 슬립 포켓 | 탑 지퍼 클로저 | 내부 지퍼 포켓 및 슬립 포켓 | 외부 D링 디테일 | 코튼 캔버스 라이닝,MWPGAUP02BK001,https://images.mcmworldwide.com/i/mcmworldwide/MWPGAUP02CO001_01 | https://images.mcmworldwide.com/i/mcmworldwide/MWPGAUP02CO001_02 | https://images.mcmworldwide.com/i/mcmworldwide/MWPGAUP02CO001_03 | https://images.mcmworldwide.com/i/mcmworldwide/MWPGAUP02CO001_04 | https://images.mcmworldwide.com/i/mcmworldwide/MWPGAUP02CO001_05 | https://images.mcmworldwide.com/i/mcmworldwide/MWPGAUP02CO001_06,,https://kr.mcmworldwide.com/ko_KR/%EA%B0%80%EB%B0%A9/%EB%AA%A8%EB%91%90%EB%B3%B4%EA%B8%B0/mcm-x-ateez-with-mingi-toni-%ED%83%91-%EC%A7%80%ED%8D%BC-%EB%B9%84%EC%84%B8%ED%86%A0%EC%8A%A4-%EC%87%BC%ED%8D%BC/MWPGAUP02CO001.html
MWBGAUP01CO001,MCM X ATEEZ with MINGI Ella 비세토스 보스턴,1150000,Cognac,ACTIVE,비세토스 모노그램 캔버스,나파 가죽,스웨이드 마감의 극세사,24K 골드 도금 브라스 하드웨어,9 x 18 x 10,97 cm - 113cm,8cm,대한민국,탈부착 및 길이 조절 가능한 가죽 스트랩 | 가죽 탑 핸들 | 앞면의 ‘FIX ON’ 그래픽 디테일 | 뒷면의 ATEEZ 로고 디테일 | 탈부착 가능한 가죽 행택 및 자물쇠 디테일 | 양방향 지퍼 클로저 | 내부 포켓 및 카드 슬롯,,https://images.mcmworldwide.com/i/mcmworldwide/MWBGAUP01CO001_01 | https://images.mcmworldwide.com/i/mcmworldwide/MWBGAUP01CO001_02 | https://images.mcmworldwide.com/i/mcmworldwide/MWBGAUP01CO001_03 | https://images.mcmworldwide.com/i/mcmworldwide/MWBGAUP01CO001_04 | https://images.mcmworldwide.com/i/mcmworldwide/MWBGAUP01CO001_05,,https://kr.mcmworldwide.com/ko_KR/%EA%B0%80%EB%B0%A9/%EB%AA%A8%EB%91%90%EB%B3%B4%EA%B8%B0/mcm-x-ateez-with-mingi-ella-%EB%B9%84%EC%84%B8%ED%86%A0%EC%8A%A4-%EB%B3%B4%EC%8A%A4%ED%84%B4/MWBGAUP01CO001.html
MWBGAUP02CO001,MCM X ATEEZ with MINGI Ella 비세토스 보스턴,1290000,Cognac,ACTIVE,비세토스 모노그램 캔버스,,스웨이드 마감의 극세사,24K 골드 도금 브라스 하드웨어,12 x 24 x 15,115 cm - 134 cm,8 cm,대한민국,탈부착 및 길이 조절 가능한 가죽 스트랩 | 가죽 탑 핸들 | 앞면의 ‘FIX ON’ 그래픽 디테일 | 뒷면의 ATEEZ 로고 디테일 | 탈부착 가능한 로고 엠보싱 바바리안 다이아몬드 레더 참 | 양방향 지퍼 클로저 | 내부 포켓 | 레더 트림,,https://images.mcmworldwide.com/i/mcmworldwide/MWBGAUP02CO001_01 | https://images.mcmworldwide.com/i/mcmworldwide/MWBGAUP02CO001_02 | https://images.mcmworldwide.com/i/mcmworldwide/MWBGAUP02CO001_03 | https://images.mcmworldwide.com/i/mcmworldwide/MWBGAUP02CO001_04 | https://images.mcmworldwide.com/i/mcmworldwide/MWBGAUP02CO001_05,,https://kr.mcmworldwide.com/ko_KR/%EA%B0%80%EB%B0%A9/%EB%AA%A8%EB%91%90%EB%B3%B4%EA%B8%B0/mcm-x-ateez-with-mingi-ella-%EB%B9%84%EC%84%B8%ED%86%A0%EC%8A%A4-%EB%B3%B4%EC%8A%A4%ED%84%B4/MWBGAUP02CO001.html
MWPGSLR024B001,New Liz 비세토스 쇼퍼,1090000,Brown,ACTIVE,비세토스 모노그램 캔버스,,뮤닉 라이온 모티프가 더해진 패브릭,로고 브라스 플레이트 | 24K 골드 도금 브라스 하드웨어,17 x 30 x 35,,26.5 cm,대한민국,바이에른 다이아몬드에서 영감을 얻은 레더 핸들 스트랩 | 후크 잠금 장지 | 탈착 가능한 매칭되는 모노그램 지퍼 파우치 | D-ring detail for charms | Protective leather feet | 레더 트림,MWPGSLR02BK001 | MWPGSLR02CO001 | MWPGSLR02I8001 | MWPGSLR02PZ001,https://images.mcmworldwide.com/i/mcmworldwide/MWPGSLR024B001_01 | https://images.mcmworldwide.com/i/mcmworldwide/MWPGSLR024B001_09 | https://images.mcmworldwide.com/i/mcmworldwide/MWPGSLR024B001_02 | https://images.mcmworldwide.com/i/mcmworldwide/MWPGSLR024B001_03 | https://images.mcmworldwide.com/i/mcmworldwide/MWPGSLR024B001_04 | https://images.mcmworldwide.com/i/mcmworldwide/MWPGSLR024B001_05 | https://images.mcmworldwide.com/i/mcmworldwide/MWPGSLR024B001_06 | https://images.mcmworldwide.com/i/mcmworldwide/MWPGSLR024B001_10 | https://images.mcmworldwide.com/i/mcmworldwide/MWPGSLR024B001_11,https://images.mcmworldwide.com/v/mcmworldwide/MWPGSLR024B001_VID/webm_720p,https://kr.mcmworldwide.com/ko_KR/%EA%B0%80%EB%B0%A9/%EB%AA%A8%EB%91%90%EB%B3%B4%EA%B8%B0/new-liz-%EB%B9%84%EC%84%B8%ED%86%A0%EC%8A%A4-%EC%87%BC%ED%8D%BC/MWPGSLR024B001.html
MWPGSLR02BK001,New Liz 비세토스 쇼퍼,1090000,Black,ACTIVE,비세토스 모노그램 캔버스,천연 가죽,패브릭,로고 브라스 플레이트 | 실버톤 코발트 브라스 하드웨어,17 x 30 x 35,,26.5 cm,대한민국,바이에른 다이아몬드에서 영감을 받은 가죽 핸들 스트랩 | 후크 클라스프 클로저 | 탈착 가능한 비세토스 모노그램 지퍼 파우치 | D링 디테일 | 대비되는 톤으로 완성된 스티칭 | 바닥 보호를 위한 레더 패드,MWPGSLR024B001 | MWPGSLR02CO001 | MWPGSLR02I8001 | MWPGSLR02PZ001,https://images.mcmworldwide.com/i/mcmworldwide/MWPGSLR02BK001_01 | https://images.mcmworldwide.com/i/mcmworldwide/MWPGSLR02BK001_09 | https://images.mcmworldwide.com/i/mcmworldwide/MWPGSLR02BK001_02 | https://images.mcmworldwide.com/i/mcmworldwide/MWPGSLR02BK001_03 | https://images.mcmworldwide.com/i/mcmworldwide/MWPGSLR02BK001_04 | https://images.mcmworldwide.com/i/mcmworldwide/MWPGSLR02BK001_05 | https://images.mcmworldwide.com/i/mcmworldwide/MWPGSLR02BK001_06 | https://images.mcmworldwide.com/i/mcmworldwide/MWPGSLR02BK001_10 | https://images.mcmworldwide.com/i/mcmworldwide/MWPGSLR02BK001_11,https://images.mcmworldwide.com/v/mcmworldwide/MWPGSLR02BK001_VID/webm_720p | https://images.mcmworldwide.com/v/mcmworldwide/MWPGSLR02BK001_01_VID/webm_720p,https://kr.mcmworldwide.com/ko_KR/%EC%97%AC%EC%84%B1/%ED%95%B8%EB%93%9C%EB%B0%B1/%EC%87%BC%ED%8D%BC-%ED%86%A0%ED%8A%B8%EB%B0%B1/new-liz-%EB%B9%84%EC%84%B8%ED%86%A0%EC%8A%A4-%EC%87%BC%ED%8D%BC/MWPGSLR02BK001.html
MWPGSLR02CO001,New Liz 비세토스 쇼퍼,1090000,Cognac,ACTIVE,비세토스 모노그램 캔버스,천연 가죽,패브릭,로고 브라스 플레이트 | 24K 골드 도금 브라스 하드웨어,17 x 30 x 35,,26.5 cm,대한민국,바이에른 다이아몬드에서 영감을 받은 가죽 핸들 스트랩 | 후크 클라스프 클로저 | 탈착 가능한 비세토스 모노그램 지퍼 파우치 | D링 디테일 | 대비되는 톤으로 완성된 스티칭 | 바닥 보호를 위한 레더 패드,MWPGSLR024B001 | MWPGSLR02BK001 | MWPGSLR02I8001 | MWPGSLR02PZ001,https://images.mcmworldwide.com/i/mcmworldwide/MWPGSLR02CO001_01 | https://images.mcmworldwide.com/i/mcmworldwide/MWPGSLR02CO001_09 | https://images.mcmworldwide.com/i/mcmworldwide/MWPGSLR02CO001_02 | https://images.mcmworldwide.com/i/mcmworldwide/MWPGSLR02CO001_03 | https://images.mcmworldwide.com/i/mcmworldwide/MWPGSLR02CO001_04 | https://images.mcmworldwide.com/i/mcmworldwide/MWPGSLR02CO001_05 | https://images.mcmworldwide.com/i/mcmworldwide/MWPGSLR02CO001_06 | https://images.mcmworldwide.com/i/mcmworldwide/MWPGSLR02CO001_10 | https://images.mcmworldwide.com/i/mcmworldwide/MWPGSLR02CO001_11,https://images.mcmworldwide.com/v/mcmworldwide/MWPGSLR02CO001_VID/webm_720p | https://images.mcmworldwide.com/v/mcmworldwide/MWPGSLR02CO001_01_VID/webm_720p,https://kr.mcmworldwide.com/ko_KR/%EC%97%AC%EC%84%B1/%ED%95%B8%EB%93%9C%EB%B0%B1/%EC%87%BC%ED%8D%BC-%ED%86%A0%ED%8A%B8%EB%B0%B1/new-liz-%EB%B9%84%EC%84%B8%ED%86%A0%EC%8A%A4-%EC%87%BC%ED%8D%BC/MWPGSLR02CO001.html
MWPGSLR02PZ001,New Liz 비세토스 쇼퍼,1090000,Pink,ACTIVE,비세토스 모노그램 캔버스,천연 가죽,패브릭,로고 브라스 플레이트 | 16K 골드 도금 브라스 하드웨어,17 x 30 x 35,,26.5 cm,대한민국,바이에른 다이아몬드에서 영감을 받은 가죽 핸들 스트랩 | 후크 클라스프 클로저 | 탈착 가능한 비세토스 모노그램 지퍼 파우치 | D링 디테일 | 바닥 보호를 위한 레더 패드,MWPGSLR024B001 | MWPGSLR02BK001 | MWPGSLR02CO001 | MWPGSLR02I8001,https://images.mcmworldwide.com/i/mcmworldwide/MWPGSLR02PZ001_01 | https://images.mcmworldwide.com/i/mcmworldwide/MWPGSLR02PZ001_09 | https://images.mcmworldwide.com/i/mcmworldwide/MWPGSLR02PZ001_02 | https://images.mcmworldwide.com/i/mcmworldwide/MWPGSLR02PZ001_03 | https://images.mcmworldwide.com/i/mcmworldwide/MWPGSLR02PZ001_04 | https://images.mcmworldwide.com/i/mcmworldwide/MWPGSLR02PZ001_05 | https://images.mcmworldwide.com/i/mcmworldwide/MWPGSLR02PZ001_06 | https://images.mcmworldwide.com/i/mcmworldwide/MWPGSLR02PZ001_10 | https://images.mcmworldwide.com/i/mcmworldwide/MWPGSLR02PZ001_11,https://images.mcmworldwide.com/v/mcmworldwide/MWPGSLR02PZ001_VID/webm_720p | https://images.mcmworldwide.com/v/mcmworldwide/MWPGSLR02PZ001_01_VID/webm_720p,https://kr.mcmworldwide.com/ko_KR/%EC%97%AC%EC%84%B1/%ED%95%B8%EB%93%9C%EB%B0%B1/%EC%87%BC%ED%8D%BC-%ED%86%A0%ED%8A%B8%EB%B0%B1/new-liz-%EB%B9%84%EC%84%B8%ED%86%A0%EC%8A%A4-%EC%87%BC%ED%8D%BC/MWPGSLR02PZ001.html
MWPGSLR02I8001,New Liz 비세토스 쇼퍼,1090000,Beige,ACTIVE,비세토스 모노그램 캔버스,,패브릭,로고 브라스 플레이트 | 16K 골드 도금 메탈 하드웨어,17 x 30 x 35,,26.5 cm,대한민국,바이에른 다이아몬드에서 영감을 얻은 레더 핸들 스트랩 | 후크 잠금 장지 | 탈착 가능한 매칭되는 모노그램 지퍼 파우치 | D링 참 장식 디테일 | 바닥 보호를 위한 레더 패드 | 레더 트림,MWPGSLR024B001 | MWPGSLR02BK001 | MWPGSLR02CO001 | MWPGSLR02PZ001,https://images.mcmworldwide.com/i/mcmworldwide/MWPGSLR02I8001_01 | https://images.mcmworldwide.com/i/mcmworldwide/MWPGSLR02I8001_09 | https://images.mcmworldwide.com/i/mcmworldwide/MWPGSLR02I8001_02 | https://images.mcmworldwide.com/i/mcmworldwide/MWPGSLR02I8001_03 | https://images.mcmworldwide.com/i/mcmworldwide/MWPGSLR02I8001_04 | https://images.mcmworldwide.com/i/mcmworldwide/MWPGSLR02I8001_05 | https://images.mcmworldwide.com/i/mcmworldwide/MWPGSLR02I8001_06 | https://images.mcmworldwide.com/i/mcmworldwide/MWPGSLR02I8001_10 | https://images.mcmworldwide.com/i/mcmworldwide/MWPGSLR02I8001_11,https://images.mcmworldwide.com/v/mcmworldwide/MWPGSLR02I8001_VID/webm_720p,https://kr.mcmworldwide.com/ko_KR/%EC%97%AC%EC%84%B1/%ED%95%B8%EB%93%9C%EB%B0%B1/%EC%87%BC%ED%8D%BC-%ED%86%A0%ED%8A%B8%EB%B0%B1/new-liz-%EB%B9%84%EC%84%B8%ED%86%A0%EC%8A%A4-%EC%87%BC%ED%8D%BC/MWPGSLR02I8001.html
MWPGSMT024B001,Toni 비세토스 탑 지퍼 쇼퍼,970000,Brown,ACTIVE,비세토스 모노그램 캔버스,,스웨이드 마감의 극세사,로고 브라스 플레이트 | 24K 골드 도금 브라스 하드웨어,10 x 19 x 19,102cm - 128cm,11cm,대한민국,탈부착이 가능하며 길이 조절이 가능한 가죽 스트랩 | 가죽 탑 핸들 | 탑 지퍼 클로저 | Interior slip pocket with leather patch | D-ring detail for charms | 레더 트림,MWPAATN04BK001 | MWPAATN04CO001 | MWPAATN04I8001 | MWPFAMT08K8001 | MWPFSMT06PZ001 | MWPGSMT02WT001,https://images.mcmworldwide.com/i/mcmworldwide/MWPGSMT024B001_01 | https://images.mcmworldwide.com/i/mcmworldwide/MWPGSMT024B001_09 | https://images.mcmworldwide.com/i/mcmworldwide/MWPGSMT024B001_02 | https://images.mcmworldwide.com/i/mcmworldwide/MWPGSMT024B001_03 | https://images.mcmworldwide.com/i/mcmworldwide/MWPGSMT024B001_04 | https://images.mcmworldwide.com/i/mcmworldwide/MWPGSMT024B001_05 | https://images.mcmworldwide.com/i/mcmworldwide/MWPGSMT024B001_10,https://images.mcmworldwide.com/v/mcmworldwide/MWPGSMT024B001_VID/webm_720p,https://kr.mcmworldwide.com/ko_KR/%EA%B0%80%EB%B0%A9/%EB%AA%A8%EB%91%90%EB%B3%B4%EA%B8%B0/toni-%EB%B9%84%EC%84%B8%ED%86%A0%EC%8A%A4-%ED%83%91-%EC%A7%80%ED%8D%BC-%EC%87%BC%ED%8D%BC/MWPGSMT024B001.html
MWPAATN04BK001,Toni 비세토스 상단 지퍼 쇼퍼,970000,Black,ACTIVE,비세토스 모노그램 코티드 캔버스,,,실버 톤 코발트 메탈 하드웨어.,10 x 19 x 19,98cm~114cm,,대한민국,외부 뒷면 슬립 포켓 | 상단 지퍼 클로저 | 내부 지퍼 포켓 및 슬립 포켓 | 외부의 D-링 디테일 | 참을 달 수 있는 D링 | 나파 가죽 트림 | 코튼 캔버스 안감.,MWPAATN04CO001 | MWPAATN04I8001 | MWPFAMT08K8001 | MWPFSMT06PZ001 | MWPGSMT024B001 | MWPGSMT02WT001,https://images.mcmworldwide.com/i/mcmworldwide/MWPAATN04BK001_01 | https://images.mcmworldwide.com/i/mcmworldwide/MWPAATN04BK001_09 | https://images.mcmworldwide.com/i/mcmworldwide/MWPAATN04BK001_02 | https://images.mcmworldwide.com/i/mcmworldwide/MWPAATN04BK001_03 | https://images.mcmworldwide.com/i/mcmworldwide/MWPAATN04BK001_04 | https://images.mcmworldwide.com/i/mcmworldwide/MWPAATN04BK001_10,https://images.mcmworldwide.com/v/mcmworldwide/MWPAATN04BK001_VID/webm_720p,https://kr.mcmworldwide.com/ko_KR/%EC%97%AC%EC%84%B1/%ED%95%B8%EB%93%9C%EB%B0%B1/%EC%87%BC%ED%8D%BC-%ED%86%A0%ED%8A%B8%EB%B0%B1/toni-%EB%B9%84%EC%84%B8%ED%86%A0%EC%8A%A4-%EC%83%81%EB%8B%A8-%EC%A7%80%ED%8D%BC-%EC%87%BC%ED%8D%BC/MWPAATN04BK001.html
MWPAATN04CO001,Toni 비세토스 상단 지퍼 쇼퍼,970000,Cognac,ACTIVE,비세토스 모노그램 코티드 캔버스,,,24K 도금 메탈 금속 장식,10 x 19 x 19,98cm~114cm,,대한민국,외부 뒷면 슬립 포켓 | 상단 지퍼 클로저 | 내부 지퍼 포켓 및 슬립 포켓 | 참을 달 수 있는 D링 | 나파 가죽 트림 | 코튼 캔버스 안감.,MWPAATN04BK001 | MWPAATN04I8001 | MWPFAMT08K8001 | MWPFSMT06PZ001 | MWPGSMT024B001 | MWPGSMT02WT001,https://images.mcmworldwide.com/i/mcmworldwide/MWPAATN04CO001_01 | https://images.mcmworldwide.com/i/mcmworldwide/MWPAATN04CO001_09 | https://images.mcmworldwide.com/i/mcmworldwide/MWPAATN04CO001_02 | https://images.mcmworldwide.com/i/mcmworldwide/MWPAATN04CO001_03 | https://images.mcmworldwide.com/i/mcmworldwide/MWPAATN04CO001_04 | https://images.mcmworldwide.com/i/mcmworldwide/MWPAATN04CO001_05 | https://images.mcmworldwide.com/i/mcmworldwide/MWPAATN04CO001_06 | https://images.mcmworldwide.com/i/mcmworldwide/MWPAATN04CO001_10,https://images.mcmworldwide.com/v/mcmworldwide/MWPAATN04CO001_VID/webm_720p,https://kr.mcmworldwide.com/ko_KR/%EC%97%AC%EC%84%B1/%ED%95%B8%EB%93%9C%EB%B0%B1/%EC%87%BC%ED%8D%BC-%ED%86%A0%ED%8A%B8%EB%B0%B1/toni-%EB%B9%84%EC%84%B8%ED%86%A0%EC%8A%A4-%EC%83%81%EB%8B%A8-%EC%A7%80%ED%8D%BC-%EC%87%BC%ED%8D%BC/MWPAATN04CO001.html
MWPAATN04I8001,Toni 비세토스 상단 지퍼 쇼퍼,970000,Beige,ACTIVE,비세토스 모노그램 코티드 캔버스,,,24K 도금 브라스 금속 장식,10 x 19 x 19,98cm ~ 114cm,10cm,대한민국,탈부착 및 조절 가능한 가죽 스트랩 | 가죽 손잡이 부분 | 외부 포켓 | 상단 지퍼 클로저 | 내부 지퍼 포켓 및 슬립 포켓 | 참을 달 수 있는 D링 | 나파 가죽 트림 | 코튼 캔버스 안감.,MWPAATN04BK001 | MWPAATN04CO001 | MWPFAMT08K8001 | MWPFSMT06PZ001 | MWPGSMT024B001 | MWPGSMT02WT001,https://images.mcmworldwide.com/i/mcmworldwide/MWPAATN04I8001_01 | https://images.mcmworldwide.com/i/mcmworldwide/MWPAATN04I8001_09 | https://images.mcmworldwide.com/i/mcmworldwide/MWPAATN04I8001_02 | https://images.mcmworldwide.com/i/mcmworldwide/MWPAATN04I8001_03 | https://images.mcmworldwide.com/i/mcmworldwide/MWPAATN04I8001_04 | https://images.mcmworldwide.com/i/mcmworldwide/MWPAATN04I8001_10,https://images.mcmworldwide.com/v/mcmworldwide/MWPAATN04I8001_VID/webm_720p,https://kr.mcmworldwide.com/ko_KR/%EC%97%AC%EC%84%B1/%ED%95%B8%EB%93%9C%EB%B0%B1/%EC%87%BC%ED%8D%BC-%ED%86%A0%ED%8A%B8%EB%B0%B1/toni-%EB%B9%84%EC%84%B8%ED%86%A0%EC%8A%A4-%EC%83%81%EB%8B%A8-%EC%A7%80%ED%8D%BC-%EC%87%BC%ED%8D%BC/MWPAATN04I8001.html
MWPFSMT06PZ001,Toni 비세토스 상단 지퍼 쇼퍼,970000,Pink,ACTIVE,비세토스 모노그램 캔버스,천연 나파 가죽,,18K 금 도금 메탈 하드웨어,10 x 19 x 19,98cm ~ 114cm,10cm,대한민국,탈부착 및 조절 가능한 가죽 스트랩 | 가죽 손잡이 부분 | MCM 로고 플레이트. | 뒷면 외부 포켓 | 지퍼 클로저 | 내부 포켓 및 지퍼 수납 공간. | 패브릭 안감.,MWPAATN04BK001 | MWPAATN04CO001 | MWPAATN04I8001 | MWPFAMT08K8001 | MWPGSMT024B001 | MWPGSMT02WT001,https://images.mcmworldwide.com/i/mcmworldwide/MWPFSMT06PZ001_01 | https://images.mcmworldwide.com/i/mcmworldwide/MWPFSMT06PZ001_09 | https://images.mcmworldwide.com/i/mcmworldwide/MWPFSMT06PZ001_02 | https://images.mcmworldwide.com/i/mcmworldwide/MWPFSMT06PZ001_03 | https://images.mcmworldwide.com/i/mcmworldwide/MWPFSMT06PZ001_04 | https://images.mcmworldwide.com/i/mcmworldwide/MWPFSMT06PZ001_10,https://images.mcmworldwide.com/v/mcmworldwide/MWPFSMT06PZ001_VID/webm_720p | https://images.mcmworldwide.com/v/mcmworldwide/MWPFSMT06PZ001_01_VID/webm_720p,https://kr.mcmworldwide.com/ko_KR/%EC%97%AC%EC%84%B1/%ED%95%B8%EB%93%9C%EB%B0%B1/%EC%87%BC%ED%8D%BC-%ED%86%A0%ED%8A%B8%EB%B0%B1/toni-%EB%B9%84%EC%84%B8%ED%86%A0%EC%8A%A4-%EC%83%81%EB%8B%A8-%EC%A7%80%ED%8D%BC-%EC%87%BC%ED%8D%BC/MWPFSMT06PZ001.html
MWHGATA024B001,Aren 맥시 비세토스 호보,1290000,Brown,ACTIVE,맥시 비세토스 모노그램 캔버스,,스웨이드 마감의 극세사,24K 골드 도금 브라스 하드웨어,10 x 26 x 19,125cm - 133cm,,대한민국,길이 조절이 가능한 가죽 숄더 스트랩 | 탈착 가능한 바바리안 다이아몬드 가죽 참 | 지퍼 클로저 | 내부 포켓 | 레더 트림,,https://images.mcmworldwide.com/i/mcmworldwide/MWHGATA024B001_01 | https://images.mcmworldwide.com/i/mcmworldwide/MWHGATA024B001_09 | https://images.mcmworldwide.com/i/mcmworldwide/MWHGATA024B001_02 | https://images.mcmworldwide.com/i/mcmworldwide/MWHGATA024B001_03 | https://images.mcmworldwide.com/i/mcmworldwide/MWHGATA024B001_04 | https://images.mcmworldwide.com/i/mcmworldwide/MWHGATA024B001_05 | https://images.mcmworldwide.com/i/mcmworldwide/MWHGATA024B001_06 | https://images.mcmworldwide.com/i/mcmworldwide/MWHGATA024B001_10 | https://images.mcmworldwide.com/i/mcmworldwide/MWHGATA024B001_11,,https://kr.mcmworldwide.com/ko_KR/%EA%B0%80%EB%B0%A9/%EB%AA%A8%EB%91%90%EB%B3%B4%EA%B8%B0/aren-%EB%A7%A5%EC%8B%9C-%EB%B9%84%EC%84%B8%ED%86%A0%EC%8A%A4-%ED%98%B8%EB%B3%B4/MWHGATA024B001.html
MWHGATA014B001,Aren 듀오 호보 맥시 비세토스와 카프스킨,1290000,Brown,ACTIVE,맥시 비세토스 모노그램 캔버스,카프스킨 레더,스웨이드 마감의 극세사,24K 골드 도금 브라스 하드웨어,6 x 26 x 22,95 cm - 119 cm,25 cm,대한민국,길이 조절이 가능한 가죽 스트랩 | 탈부착 가능한 체인 핸들 스트랩 | 엠보싱 처리된 라우렐 로고 모티프 | 지퍼 클로저 | Large Maxi Visetos bag: Interior zip compartment | Small calfskin leather bag: Card slot,,https://images.mcmworldwide.com/i/mcmworldwide/MWHGATA014B001_01 | https://images.mcmworldwide.com/i/mcmworldwide/MWHGATA014B001_09 | https://images.mcmworldwide.com/i/mcmworldwide/MWHGATA014B001_02 | https://images.mcmworldwide.com/i/mcmworldwide/MWHGATA014B001_03 | https://images.mcmworldwide.com/i/mcmworldwide/MWHGATA014B001_04 | https://images.mcmworldwide.com/i/mcmworldwide/MWHGATA014B001_05 | https://images.mcmworldwide.com/i/mcmworldwide/MWHGATA014B001_06 | https://images.mcmworldwide.com/i/mcmworldwide/MWHGATA014B001_10 | https://images.mcmworldwide.com/i/mcmworldwide/MWHGATA014B001_11,,https://kr.mcmworldwide.com/ko_KR/%EA%B0%80%EB%B0%A9/%EB%AA%A8%EB%91%90%EB%B3%B4%EA%B8%B0/aren-%EB%93%80%EC%98%A4-%ED%98%B8%EB%B3%B4-%EB%A7%A5%EC%8B%9C-%EB%B9%84%EC%84%B8%ED%86%A0%EC%8A%A4%EC%99%80-%EC%B9%B4%ED%94%84%EC%8A%A4%ED%82%A8/MWHGATA014B001.html
MWTGSMA01BK001,Milla 스페니시 엠보스드 레더 토트,1990000,Black,ACTIVE,스페인산 엠보스드 레더,천연 나파 가죽,스웨이드 마감의 극세사,24K 골드 도금 브라스 하드웨어,14 x 33 x 24,,,이탈리아,탈부착이 가능하며 길이 조절이 가능한 가죽 스트랩 | 가죽 탑 핸들 | 탈착 가능한 로고가 새겨진 바바리안 다이아몬드 레더 참 | 앞면의 MCM 로고 | 마그네틱 탭 클로저 | 내부 지퍼 수납공간,,https://images.mcmworldwide.com/i/mcmworldwide/MWTGSMA01BK001_01 | https://images.mcmworldwide.com/i/mcmworldwide/MWTGSMA01BK001_09 | https://images.mcmworldwide.com/i/mcmworldwide/MWTGSMA01BK001_02 | https://images.mcmworldwide.com/i/mcmworldwide/MWTGSMA01BK001_03 | https://images.mcmworldwide.com/i/mcmworldwide/MWTGSMA01BK001_04 | https://images.mcmworldwide.com/i/mcmworldwide/MWTGSMA01BK001_05 | https://images.mcmworldwide.com/i/mcmworldwide/MWTGSMA01BK001_06 | https://images.mcmworldwide.com/i/mcmworldwide/MWTGSMA01BK001_10 | https://images.mcmworldwide.com/i/mcmworldwide/MWTGSMA01BK001_11 | https://images.mcmworldwide.com/i/mcmworldwide/MWTGSMA01BK001_12,https://images.mcmworldwide.com/v/mcmworldwide/MWTGSMA01BK001_VID/webm_720p | https://images.mcmworldwide.com/v/mcmworldwide/MWTGSMA01BK001_01_VID/webm_720p,https://kr.mcmworldwide.com/ko_KR/%EA%B0%80%EB%B0%A9/%EB%AA%A8%EB%91%90%EB%B3%B4%EA%B8%B0/milla-%EC%8A%A4%ED%8E%98%EB%8B%88%EC%8B%9C-%EC%97%A0%EB%B3%B4%EC%8A%A4%EB%93%9C-%EB%A0%88%EB%8D%94-%ED%86%A0%ED%8A%B8/MWTGSMA01BK001.html
MWTGSMA02BK001,Milla 스페니시 엠보스드 레더 토트,1690000,Black,ACTIVE,스페인산 엠보스드 레더,천연 나파 가죽,스웨이드 마감의 극세사,24K 골드 도금 브라스 하드웨어,11 x 25 x 18,,,이탈리아,탈부착이 가능하며 길이 조절이 가능한 가죽 스트랩 | 가죽 탑 핸들 | 탈착 가능한 로고가 새겨진 바바리안 다이아몬드 레더 참 | 앞면의 MCM 로고 | 마그네틱 탭 클로저 | 중앙 지퍼 포켓,MWTGSMA02QA001,https://images.mcmworldwide.com/i/mcmworldwide/MWTGSMA02BK001_01 | https://images.mcmworldwide.com/i/mcmworldwide/MWTGSMA02BK001_09 | https://images.mcmworldwide.com/i/mcmworldwide/MWTGSMA02BK001_02 | https://images.mcmworldwide.com/i/mcmworldwide/MWTGSMA02BK001_03 | https://images.mcmworldwide.com/i/mcmworldwide/MWTGSMA02BK001_04 | https://images.mcmworldwide.com/i/mcmworldwide/MWTGSMA02BK001_05 | https://images.mcmworldwide.com/i/mcmworldwide/MWTGSMA02BK001_06 | https://images.mcmworldwide.com/i/mcmworldwide/MWTGSMA02BK001_10 | https://images.mcmworldwide.com/i/mcmworldwide/MWTGSMA02BK001_11,https://images.mcmworldwide.com/v/mcmworldwide/MWTGSMA02BK001_VID/webm_720p,https://kr.mcmworldwide.com/ko_KR/%EA%B0%80%EB%B0%A9/%EB%AA%A8%EB%91%90%EB%B3%B4%EA%B8%B0/milla-%EC%8A%A4%ED%8E%98%EB%8B%88%EC%8B%9C-%EC%97%A0%EB%B3%B4%EC%8A%A4%EB%93%9C-%EB%A0%88%EB%8D%94-%ED%86%A0%ED%8A%B8/MWTGSMA02BK001.html
MWTGSMA02QA001,Milla 스페니시 엠보스드 레더 토트,1690000,Pink,ACTIVE,스페인산 엠보스드 레더,천연 나파 가죽,스웨이드 마감의 극세사,16K 골드 도금 메탈 하드웨어,11 x 25 x 18,,,이탈리아,탈부착이 가능하며 길이 조절이 가능한 가죽 스트랩 | 가죽 탑 핸들 | 탈착 가능한 로고가 새겨진 바바리안 다이아몬드 레더 참 | 앞면의 MCM 로고 | 마그네틱 탭 클로저 | 중앙 지퍼 포켓,MWTGSMA02BK001,https://images.mcmworldwide.com/i/mcmworldwide/MWTGSMA02QA001_01 | https://images.mcmworldwide.com/i/mcmworldwide/MWTGSMA02QA001_09 | https://images.mcmworldwide.com/i/mcmworldwide/MWTGSMA02QA001_02 | https://images.mcmworldwide.com/i/mcmworldwide/MWTGSMA02QA001_03 | https://images.mcmworldwide.com/i/mcmworldwide/MWTGSMA02QA001_04 | https://images.mcmworldwide.com/i/mcmworldwide/MWTGSMA02QA001_05 | https://images.mcmworldwide.com/i/mcmworldwide/MWTGSMA02QA001_06 | https://images.mcmworldwide.com/i/mcmworldwide/MWTGSMA02QA001_10 | https://images.mcmworldwide.com/i/mcmworldwide/MWTGSMA02QA001_11 | https://images.mcmworldwide.com/i/mcmworldwide/MWTGSMA02QA001_12,https://images.mcmworldwide.com/v/mcmworldwide/MWTGSMA02QA001_VID/webm_720p,https://kr.mcmworldwide.com/ko_KR/%EC%97%AC%EC%84%B1/%ED%95%B8%EB%93%9C%EB%B0%B1/%EC%87%BC%ED%8D%BC-%ED%86%A0%ED%8A%B8%EB%B0%B1/milla-%EC%8A%A4%ED%8E%98%EB%8B%88%EC%8B%9C-%EC%97%A0%EB%B3%B4%EC%8A%A4%EB%93%9C-%EB%A0%88%EB%8D%94-%ED%86%A0%ED%8A%B8/MWTGSMA02QA001.html
MWRGSTA01BK001,Aren 맥시 모노그램 레더 베니티 케이스,1250000,Black,ACTIVE,천연 풀 그레인 레더,,스웨이드 마감의 극세사,실버톤 코발트 브라스 하드웨어,6 x 19 x 12,125 cm - 133 cm,4 cm,이탈리아,탈부착이 가능하며 길이 조절이 가능한 가죽 스트랩 | 가죽 탑 핸들 | 엠보싱 처리된 맥시 비세토스 모노그램 모티프 | 로고가 엠보싱 처리된 탈부착 가능한 바바리안 다이아몬드 가죽 참 | 양방향 지퍼 클로저 | 내부 카드 슬롯 | 로고 엠보싱 패치가 더해진 내부,MWRGSTA01OQ001 | MWRGSTA01QA001,https://images.mcmworldwide.com/i/mcmworldwide/MWRGSTA01BK001_01 | https://images.mcmworldwide.com/i/mcmworldwide/MWRGSTA01BK001_09 | https://images.mcmworldwide.com/i/mcmworldwide/MWRGSTA01BK001_02 | https://images.mcmworldwide.com/i/mcmworldwide/MWRGSTA01BK001_03 | https://images.mcmworldwide.com/i/mcmworldwide/MWRGSTA01BK001_04 | https://images.mcmworldwide.com/i/mcmworldwide/MWRGSTA01BK001_05 | https://images.mcmworldwide.com/i/mcmworldwide/MWRGSTA01BK001_10 | https://images.mcmworldwide.com/i/mcmworldwide/MWRGSTA01BK001_11,https://images.mcmworldwide.com/v/mcmworldwide/MWRGSTA01BK001_VID/webm_720p | https://images.mcmworldwide.com/v/mcmworldwide/MWRGSTA01BK001_01_VID/webm_720p,https://kr.mcmworldwide.com/ko_KR/%EA%B0%80%EB%B0%A9/%EB%AA%A8%EB%91%90%EB%B3%B4%EA%B8%B0/aren-%EB%A7%A5%EC%8B%9C-%EB%AA%A8%EB%85%B8%EA%B7%B8%EB%9E%A8-%EB%A0%88%EB%8D%94-%EB%B2%A0%EB%8B%88%ED%8B%B0-%EC%BC%80%EC%9D%B4%EC%8A%A4/MWRGSTA01BK001.html
MWRGSTA01QA001,Aren 맥시 모노그램 레더 베니티 케이스,1250000,Pink,ACTIVE,풀그레인 가죽,,스웨이드 마감의 극세사,16K 골드 도금 메탈 하드웨어,6 x 19 x 12,103 cm - 135 cm,4 cm,이탈리아,탈부착이 가능하며 길이 조절이 가능한 가죽 스트랩 | 가죽 탑 핸들 | 엠보싱 처리된 맥시 비세토스 모노그램 모티프 | 로고가 엠보싱 처리된 탈부착 가능한 바바리안 다이아몬드 가죽 참 | 양방향 지퍼 클로저 | 내부 카드 슬롯,MWRGSTA01BK001 | MWRGSTA01OQ001,https://images.mcmworldwide.com/i/mcmworldwide/MWRGSTA01QA001_01 | https://images.mcmworldwide.com/i/mcmworldwide/MWRGSTA01QA001_09 | https://images.mcmworldwide.com/i/mcmworldwide/MWRGSTA01QA001_02 | https://images.mcmworldwide.com/i/mcmworldwide/MWRGSTA01QA001_03 | https://images.mcmworldwide.com/i/mcmworldwide/MWRGSTA01QA001_04 | https://images.mcmworldwide.com/i/mcmworldwide/MWRGSTA01QA001_05 | https://images.mcmworldwide.com/i/mcmworldwide/MWRGSTA01QA001_10,,https://kr.mcmworldwide.com/ko_KR/%EC%97%AC%EC%84%B1/%ED%95%B8%EB%93%9C%EB%B0%B1/%EC%88%84%EB%8D%94%EB%B0%B1-%ED%81%AC%EB%A1%9C%EC%8A%A4%EB%B0%B1/aren-%EB%A7%A5%EC%8B%9C-%EB%AA%A8%EB%85%B8%EA%B7%B8%EB%9E%A8-%EB%A0%88%EB%8D%94-%EB%B2%A0%EB%8B%88%ED%8B%B0-%EC%BC%80%EC%9D%B4%EC%8A%A4/MWRGSTA01QA001.html
MWBGSEA024B001,Ella 맥시 비세토스 보스턴 백,1250000,Brown,ACTIVE,맥시 비세토스 모노그램 캔버스,,스웨이드 마감의 극세사,24K 골드 도금 브라스 하드웨어,12 x 22 x 15,115cm - 139cm,8cm,대한민국,탈착 가능하며 길이 조절이 가능한 가죽 크로스바디 스트랩 | 가죽 탑 핸들 | 탈착 가능한 로고가 새겨진 바바리안 다이아몬드 레더 참 | 양방향 지퍼 클로저 | Interior pocket | 레더 트림,MWBFAEA03CO001 | MWBFAEA03BK001,https://images.mcmworldwide.com/i/mcmworldwide/MWBGSEA024B001_01 | https://images.mcmworldwide.com/i/mcmworldwide/MWBGSEA024B001_09 | https://images.mcmworldwide.com/i/mcmworldwide/MWBGSEA024B001_02 | https://images.mcmworldwide.com/i/mcmworldwide/MWBGSEA024B001_03 | https://images.mcmworldwide.com/i/mcmworldwide/MWBGSEA024B001_04 | https://images.mcmworldwide.com/i/mcmworldwide/MWBGSEA024B001_05 | https://images.mcmworldwide.com/i/mcmworldwide/MWBGSEA024B001_10,https://images.mcmworldwide.com/v/mcmworldwide/MWBGSEA024B001_VID/webm_720p,https://kr.mcmworldwide.com/ko_KR/%EA%B0%80%EB%B0%A9/%EB%AA%A8%EB%91%90%EB%B3%B4%EA%B8%B0/ella-%EB%A7%A5%EC%8B%9C-%EB%B9%84%EC%84%B8%ED%86%A0%EC%8A%A4-%EB%B3%B4%EC%8A%A4%ED%84%B4-%EB%B0%B1/MWBGSEA024B001.html
MWBFAEA03BK001,Ella 비세토스 보스턴 백,1250000,Black,ACTIVE,비세토스 모노그램 캔버스,천연 가죽,스웨이드 마감의 극세사,18K 골드 도금 메탈 하드웨어,12 x 22 x 15,115 cm - 134 cm,8 cm,대한민국,탈착 가능하며 길이 조절이 가능한 가죽 크로스바디 스트랩 | 가죽 탑 핸들 | 탈착 가능한 로고가 새겨진 바바리안 다이아몬드 레더 참 | 양방향 지퍼 클로저 | 내부 포켓,MWBFAEA03CO001 | MWBGSEA024B001,https://images.mcmworldwide.com/i/mcmworldwide/MWBFAEA03BK001_01 | https://images.mcmworldwide.com/i/mcmworldwide/MWBFAEA03BK001_09 | https://images.mcmworldwide.com/i/mcmworldwide/MWBFAEA03BK001_02 | https://images.mcmworldwide.com/i/mcmworldwide/MWBFAEA03BK001_03 | https://images.mcmworldwide.com/i/mcmworldwide/MWBFAEA03BK001_04 | https://images.mcmworldwide.com/i/mcmworldwide/MWBFAEA03BK001_05 | https://images.mcmworldwide.com/i/mcmworldwide/MWBFAEA03BK001_10,https://images.mcmworldwide.com/v/mcmworldwide/MWBFAEA03BK001_VID/webm_720p,https://kr.mcmworldwide.com/ko_KR/%EC%97%AC%EC%84%B1/%ED%95%B8%EB%93%9C%EB%B0%B1/%ED%83%91-%ED%95%B8%EB%93%A4%EB%B0%B1/ella-%EB%B9%84%EC%84%B8%ED%86%A0%EC%8A%A4-%EB%B3%B4%EC%8A%A4%ED%84%B4-%EB%B0%B1/MWBFAEA03BK001.html
MWTGSTA034B001,Aren 비세토스 스쿨 토트,1150000,Brown,ACTIVE,비세토스 모노그램 캔버스,,패브릭,로고 브라스 플레이트 | 24K 골드 도금 브라스 하드웨어,13 x 31 x 22,,25.5cm,대한민국,탑핸들 | 외부 포켓 | 지퍼 클로저 | Interior pocket | 레더 트림,MWTFATA01CO001 | MWTGSTA03PZ001 | MWTGSTA03BK001,https://images.mcmworldwide.com/i/mcmworldwide/MWTGSTA034B001_01 | https://images.mcmworldwide.com/i/mcmworldwide/MWTGSTA034B001_09 | https://images.mcmworldwide.com/i/mcmworldwide/MWTGSTA034B001_02 | https://images.mcmworldwide.com/i/mcmworldwide/MWTGSTA034B001_03 | https://images.mcmworldwide.com/i/mcmworldwide/MWTGSTA034B001_04 | https://images.mcmworldwide.com/i/mcmworldwide/MWTGSTA034B001_05 | https://images.mcmworldwide.com/i/mcmworldwide/MWTGSTA034B001_10 | https://images.mcmworldwide.com/i/mcmworldwide/MWTGSTA034B001_11,https://images.mcmworldwide.com/v/mcmworldwide/MWTGSTA034B001_VID/webm_720p,https://kr.mcmworldwide.com/ko_KR/%EA%B0%80%EB%B0%A9/%EB%AA%A8%EB%91%90%EB%B3%B4%EA%B8%B0/aren-%EB%B9%84%EC%84%B8%ED%86%A0%EC%8A%A4-%EC%8A%A4%EC%BF%A8-%ED%86%A0%ED%8A%B8/MWTGSTA034B001.html
MWTFATA01CO001,Aren 비세토스 스쿨 토트,1150000,Cognac,ACTIVE,비세토스 모노그램 캔버스,천연 가죽,코튼,로고 브라스 플레이트 | 24K 골드 도금 브라스 하드웨어,13 x 31 x 22,,25.5cm,대한민국,탑핸들 | 외부 포켓 | 내부 포켓,MWTGSTA03PZ001 | MWTGSTA03BK001 | MWTGSTA034B001,https://images.mcmworldwide.com/i/mcmworldwide/MWTFATA01CO001_01 | https://images.mcmworldwide.com/i/mcmworldwide/MWTFATA01CO001_09 | https://images.mcmworldwide.com/i/mcmworldwide/MWTFATA01CO001_02 | https://images.mcmworldwide.com/i/mcmworldwide/MWTFATA01CO001_03 | https://images.mcmworldwide.com/i/mcmworldwide/MWTFATA01CO001_04 | https://images.mcmworldwide.com/i/mcmworldwide/MWTFATA01CO001_05 | https://images.mcmworldwide.com/i/mcmworldwide/MWTFATA01CO001_10,https://images.mcmworldwide.com/v/mcmworldwide/MWTFATA01CO001_VID/webm_720p,https://kr.mcmworldwide.com/ko_KR/%EC%97%AC%EC%84%B1/%ED%95%B8%EB%93%9C%EB%B0%B1/%EC%87%BC%ED%8D%BC-%ED%86%A0%ED%8A%B8%EB%B0%B1/aren-%EB%B9%84%EC%84%B8%ED%86%A0%EC%8A%A4-%EC%8A%A4%EC%BF%A8-%ED%86%A0%ED%8A%B8/MWTFATA01CO001.html
MWTGSTA03PZ001,Aren 비세토스 스쿨 토트,1150000,Pink,ACTIVE,비세토스 모노그램 캔버스,천연 가죽,패브릭,로고 브라스 플레이트 | 16K 골드 도금 메탈 하드웨어,13 x 31 x 22,,25.5cm,대한민국,탑핸들 | 외부 포켓 | 지퍼 클로저 | 내부 포켓,MWTFATA01CO001 | MWTGSTA03BK001 | MWTGSTA034B001,https://images.mcmworldwide.com/i/mcmworldwide/MWTGSTA03PZ001_01 | https://images.mcmworldwide.com/i/mcmworldwide/MWTGSTA03PZ001_09 | https://images.mcmworldwide.com/i/mcmworldwide/MWTGSTA03PZ001_02 | https://images.mcmworldwide.com/i/mcmworldwide/MWTGSTA03PZ001_03 | https://images.mcmworldwide.com/i/mcmworldwide/MWTGSTA03PZ001_04 | https://images.mcmworldwide.com/i/mcmworldwide/MWTGSTA03PZ001_05 | https://images.mcmworldwide.com/i/mcmworldwide/MWTGSTA03PZ001_10,https://images.mcmworldwide.com/v/mcmworldwide/MWTGSTA03PZ001_VID/webm_720p,https://kr.mcmworldwide.com/ko_KR/%EC%97%AC%EC%84%B1/%ED%95%B8%EB%93%9C%EB%B0%B1/%EC%87%BC%ED%8D%BC-%ED%86%A0%ED%8A%B8%EB%B0%B1/aren-%EB%B9%84%EC%84%B8%ED%86%A0%EC%8A%A4-%EC%8A%A4%EC%BF%A8-%ED%86%A0%ED%8A%B8/MWTGSTA03PZ001.html
MWTGSTA03BK001,Aren 비세토스 스쿨 토트,1150000,Black,ACTIVE,비세토스 모노그램 캔버스,,패브릭,로고 브라스 플레이트 | 실버톤 코발트 브라스 하드웨어,13 x 31 x 22,,28 cm,대한민국,탑핸들 | 외부 포켓 | 지퍼 클로저 | 내부 포켓 | D링 참 장식 디테일 | 레더 트림,MWTFATA01CO001 | MWTGSTA03PZ001 | MWTGSTA034B001,https://images.mcmworldwide.com/i/mcmworldwide/MWTGSTA03BK001_01 | https://images.mcmworldwide.com/i/mcmworldwide/MWTGSTA03BK001_09 | https://images.mcmworldwide.com/i/mcmworldwide/MWTGSTA03BK001_02 | https://images.mcmworldwide.com/i/mcmworldwide/MWTGSTA03BK001_03 | https://images.mcmworldwide.com/i/mcmworldwide/MWTGSTA03BK001_04 | https://images.mcmworldwide.com/i/mcmworldwide/MWTGSTA03BK001_05 | https://images.mcmworldwide.com/i/mcmworldwide/MWTGSTA03BK001_10 | https://images.mcmworldwide.com/i/mcmworldwide/MWTGSTA03BK001_11,,https://kr.mcmworldwide.com/ko_KR/%EC%97%AC%EC%84%B1/%ED%95%B8%EB%93%9C%EB%B0%B1/%EC%87%BC%ED%8D%BC-%ED%86%A0%ED%8A%B8%EB%B0%B1/aren-%EB%B9%84%EC%84%B8%ED%86%A0%EC%8A%A4-%EC%8A%A4%EC%BF%A8-%ED%86%A0%ED%8A%B8/MWTGSTA03BK001.html
MMKGSVE034B001,Stark 사이드 스터드 비세토스 백팩,1650000,Brown,ACTIVE,비세토스 모노그램 캔버스,,스웨이드 마감의 극세사,로고 브라스 플레이트 | 24K 골드 도금 브라스 하드웨어,11 x 25 x 31,76cm - 91cm,7.5cm,대한민국,길이 조절이 가능한 숄더 스트랩 | 가죽 탑 핸들 | 앞면 지퍼 포켓 | Outer side pockets with studded embellishments | Two-way zip closure | Interior sleeve for tablet | 레더 트림,MMKEAVE15BK001 | MMKEAVE15CO001 | MMKEAVE15IG001 | MMKEAVE15WT001 | MMKEAVE15PZ001,https://images.mcmworldwide.com/i/mcmworldwide/MMKGSVE034B001_01 | https://images.mcmworldwide.com/i/mcmworldwide/MMKGSVE034B001_09 | https://images.mcmworldwide.com/i/mcmworldwide/MMKGSVE034B001_02 | https://images.mcmworldwide.com/i/mcmworldwide/MMKGSVE034B001_03 | https://images.mcmworldwide.com/i/mcmworldwide/MMKGSVE034B001_04 | https://images.mcmworldwide.com/i/mcmworldwide/MMKGSVE034B001_05 | https://images.mcmworldwide.com/i/mcmworldwide/MMKGSVE034B001_06 | https://images.mcmworldwide.com/i/mcmworldwide/MMKGSVE034B001_10 | https://images.mcmworldwide.com/i/mcmworldwide/MMKGSVE034B001_11,https://images.mcmworldwide.com/v/mcmworldwide/MMKGSVE034B001_VID/webm_720p,https://kr.mcmworldwide.com/ko_KR/%EA%B0%80%EB%B0%A9/%EB%AA%A8%EB%91%90%EB%B3%B4%EA%B8%B0/stark-%EC%82%AC%EC%9D%B4%EB%93%9C-%EC%8A%A4%ED%84%B0%EB%93%9C-%EB%B9%84%EC%84%B8%ED%86%A0%EC%8A%A4-%EB%B0%B1%ED%8C%A9/MMKGSVE034B001.html
MMKEAVE15BK001,Stark 사이드 스터드 비세토스 백팩,1650000,Black,ACTIVE,비세토스 모노그램 캔버스,천연 나파 가죽,인조 나파,코발트 금속 장식 | 다크 톤 코발트 메탈 하드웨어.,13 x 26 x 33,74cm ~ 90cm,7cm,대한민국,조절 가능한 어깨 스트랩 | 가죽 손잡이 부분 | MCM 로고 플레이트. | 전면 지퍼 수납공간 | 외부 사이드 포켓과 스터드 장식 | 양방향 지퍼 클로저 | 내부 포켓 및 태블릿 슬리브 | MCM 로고 플레이트,MMKEAVE15CO001 | MMKEAVE15IG001 | MMKEAVE15WT001 | MMKEAVE15PZ001 | MMKGSVE034B001,https://images.mcmworldwide.com/i/mcmworldwide/MMKEAVE15BK001_01 | https://images.mcmworldwide.com/i/mcmworldwide/MMKEAVE15BK001_09 | https://images.mcmworldwide.com/i/mcmworldwide/MMKEAVE15BK001_02 | https://images.mcmworldwide.com/i/mcmworldwide/MMKEAVE15BK001_03 | https://images.mcmworldwide.com/i/mcmworldwide/MMKEAVE15BK001_04 | https://images.mcmworldwide.com/i/mcmworldwide/MMKEAVE15BK001_10 | https://images.mcmworldwide.com/i/mcmworldwide/MMKEAVE15BK001_11,,https://kr.mcmworldwide.com/ko_KR/%EB%82%A8%EC%84%B1/%EA%B0%80%EB%B0%A9/%EB%B0%B1%ED%8C%A9/stark-%EC%82%AC%EC%9D%B4%EB%93%9C-%EC%8A%A4%ED%84%B0%EB%93%9C-%EB%B9%84%EC%84%B8%ED%86%A0%EC%8A%A4-%EB%B0%B1%ED%8C%A9/MMKEAVE15BK001.html
MMKEAVE15CO001,Stark 사이드 스터드 비세토스 백팩,1650000,Cognac,ACTIVE,비세토스 모노그램 캔버스,천연 나파 가죽,인조 나파,24K 도금 금속 장식 | 24K 도금 메탈 금속 장식,13 x 26 x 33,74cm ~ 90cm,7cm,대한민국,조절 가능한 어깨 스트랩 | 가죽 손잡이 부분 | MCM 로고 플레이트. | 전면 지퍼 수납공간 | 외부 사이드 포켓과 스터드 장식 | 양방향 지퍼 클로저 | 내부 포켓 및 태블릿 슬리브,MMKEAVE15BK001 | MMKEAVE15IG001 | MMKEAVE15WT001 | MMKEAVE15PZ001 | MMKGSVE034B001,https://images.mcmworldwide.com/i/mcmworldwide/MMKEAVE15CO001_01 | https://images.mcmworldwide.com/i/mcmworldwide/MMKEAVE15CO001_09 | https://images.mcmworldwide.com/i/mcmworldwide/MMKEAVE15CO001_02 | https://images.mcmworldwide.com/i/mcmworldwide/MMKEAVE15CO001_03 | https://images.mcmworldwide.com/i/mcmworldwide/MMKEAVE15CO001_04 | https://images.mcmworldwide.com/i/mcmworldwide/MMKEAVE15CO001_05 | https://images.mcmworldwide.com/i/mcmworldwide/MMKEAVE15CO001_06 | https://images.mcmworldwide.com/i/mcmworldwide/MMKEAVE15CO001_10 | https://images.mcmworldwide.com/i/mcmworldwide/MMKEAVE15CO001_11,,https://kr.mcmworldwide.com/ko_KR/%EB%82%A8%EC%84%B1/%EA%B0%80%EB%B0%A9/%EB%B0%B1%ED%8C%A9/stark-%EC%82%AC%EC%9D%B4%EB%93%9C-%EC%8A%A4%ED%84%B0%EB%93%9C-%EB%B9%84%EC%84%B8%ED%86%A0%EC%8A%A4-%EB%B0%B1%ED%8C%A9/MMKEAVE15CO001.html
MMKEAVE15IG001,Stark 사이드 스터드 비세토스 백팩,1650000,Beige,ACTIVE,비세토스 모노그램 캔버스,천연 나파 가죽,인조 나파,도금 브라스 금속 장식,13 x 26 x 33,74cm ~ 90cm,7cm,대한민국,조절 가능한 어깨 스트랩 | 가죽 손잡이 부분 | MCM 로고 플레이트. | 전면 지퍼 수납공간 | 외부 사이드 포켓과 스터드 장식 | 양방향 지퍼 클로저 | 내부 포켓 및 태블릿 슬리브,MMKEAVE15BK001 | MMKEAVE15CO001 | MMKEAVE15WT001 | MMKEAVE15PZ001 | MMKGSVE034B001,https://images.mcmworldwide.com/i/mcmworldwide/MMKEAVE15IG001_01 | https://images.mcmworldwide.com/i/mcmworldwide/MMKEAVE15IG001_09 | https://images.mcmworldwide.com/i/mcmworldwide/MMKEAVE15IG001_02 | https://images.mcmworldwide.com/i/mcmworldwide/MMKEAVE15IG001_03 | https://images.mcmworldwide.com/i/mcmworldwide/MMKEAVE15IG001_04 | https://images.mcmworldwide.com/i/mcmworldwide/MMKEAVE15IG001_10 | https://images.mcmworldwide.com/i/mcmworldwide/MMKEAVE15IG001_11,,https://kr.mcmworldwide.com/ko_KR/%EB%82%A8%EC%84%B1/%EA%B0%80%EB%B0%A9/%EB%B0%B1%ED%8C%A9/stark-%EC%82%AC%EC%9D%B4%EB%93%9C-%EC%8A%A4%ED%84%B0%EB%93%9C-%EB%B9%84%EC%84%B8%ED%86%A0%EC%8A%A4-%EB%B0%B1%ED%8C%A9/MMKEAVE15IG001.html
MMKEAVE15PZ001,Stark 사이드 스터드 비세토스 백팩,1650000,Pink,ACTIVE,비세토스 모노그램 캔버스,천연 나파 가죽,인조 나파,18K 금 도금 메탈 하드웨어,13 x 26 x 33,74cm ~ 90cm,7cm,대한민국,조절 가능한 어깨 스트랩 | 가죽 손잡이 부분 | MCM 로고 플레이트. | 전면 지퍼 수납공간 | 외부 사이드 포켓과 스터드 장식 | 양방향 지퍼 클로저 | 내부 포켓과 태플릿 보관이 용이한 슬리브,MMKEAVE15BK001 | MMKEAVE15CO001 | MMKEAVE15IG001 | MMKEAVE15WT001 | MMKGSVE034B001,https://images.mcmworldwide.com/i/mcmworldwide/MMKEAVE15PZ001_01 | https://images.mcmworldwide.com/i/mcmworldwide/MMKEAVE15PZ001_09 | https://images.mcmworldwide.com/i/mcmworldwide/MMKEAVE15PZ001_02 | https://images.mcmworldwide.com/i/mcmworldwide/MMKEAVE15PZ001_03 | https://images.mcmworldwide.com/i/mcmworldwide/MMKEAVE15PZ001_04 | https://images.mcmworldwide.com/i/mcmworldwide/MMKEAVE15PZ001_10,,https://kr.mcmworldwide.com/ko_KR/%EA%B0%80%EB%B0%A9/%EB%B0%B1%ED%8C%A9/stark-%EC%82%AC%EC%9D%B4%EB%93%9C-%EC%8A%A4%ED%84%B0%EB%93%9C-%EB%B9%84%EC%84%B8%ED%86%A0%EC%8A%A4-%EB%B0%B1%ED%8C%A9/MMKEAVE15PZ001.html
MWSGSTA01QA001,Aren 맥시 모노그램 레더 E/W 숄더백,1550000,Pink,ACTIVE,풀그레인 가죽,,스웨이드 마감의 극세사,16K 골드 도금 메탈 하드웨어,9 x 29 x 12,,27 cm,이탈리아,가죽 탑 핸들 | 엠보싱 처리된 맥시 비세토스 모노그램 모티프 | 로고가 엠보싱 처리된 탈부착 가능한 바바리안 다이아몬드 가죽 참 | 양방향 지퍼 클로저 | 내부 카드 슬롯,MWSGSTA01OQ001,https://images.mcmworldwide.com/i/mcmworldwide/MWSGSTA01QA001_01 | https://images.mcmworldwide.com/i/mcmworldwide/MWSGSTA01QA001_09 | https://images.mcmworldwide.com/i/mcmworldwide/MWSGSTA01QA001_02 | https://images.mcmworldwide.com/i/mcmworldwide/MWSGSTA01QA001_03 | https://images.mcmworldwide.com/i/mcmworldwide/MWSGSTA01QA001_04 | https://images.mcmworldwide.com/i/mcmworldwide/MWSGSTA01QA001_05 | https://images.mcmworldwide.com/i/mcmworldwide/MWSGSTA01QA001_06 | https://images.mcmworldwide.com/i/mcmworldwide/MWSGSTA01QA001_10,,https://kr.mcmworldwide.com/ko_KR/%EA%B0%80%EB%B0%A9/%EB%AA%A8%EB%91%90%EB%B3%B4%EA%B8%B0/aren-%EB%A7%A5%EC%8B%9C-%EB%AA%A8%EB%85%B8%EA%B7%B8%EB%9E%A8-%EB%A0%88%EB%8D%94-e%2Fw-%EC%88%84%EB%8D%94%EB%B0%B1/MWSGSTA01QA001.html
MWSGSTA01OQ001,Aren 맥시 모노그램 레더 E/W 숄더백,1550000,Orange,ACTIVE,천연 풀 그레인 레더,,스웨이드 마감의 극세사,24K 골드 도금 브라스 하드웨어,9 x 29 x 12,,27 cm,이탈리아,가죽 탑 핸들 | 엠보싱 처리된 맥시 비세토스 모노그램 모티프 | 로고가 엠보싱 처리된 탈부착 가능한 바바리안 다이아몬드 가죽 참 | 양방향 지퍼 클로저 | 내부 카드 슬롯,MWSGSTA01QA001,https://images.mcmworldwide.com/i/mcmworldwide/MWSGSTA01OQ001_01 | https://images.mcmworldwide.com/i/mcmworldwide/MWSGSTA01OQ001_09 | https://images.mcmworldwide.com/i/mcmworldwide/MWSGSTA01OQ001_02 | https://images.mcmworldwide.com/i/mcmworldwide/MWSGSTA01OQ001_03 | https://images.mcmworldwide.com/i/mcmworldwide/MWSGSTA01OQ001_04 | https://images.mcmworldwide.com/i/mcmworldwide/MWSGSTA01OQ001_05 | https://images.mcmworldwide.com/i/mcmworldwide/MWSGSTA01OQ001_06 | https://images.mcmworldwide.com/i/mcmworldwide/MWSGSTA01OQ001_10,,https://kr.mcmworldwide.com/ko_KR/%EC%97%AC%EC%84%B1/%ED%95%B8%EB%93%9C%EB%B0%B1/%EC%88%84%EB%8D%94%EB%B0%B1-%ED%81%AC%EB%A1%9C%EC%8A%A4%EB%B0%B1/aren-%EB%A7%A5%EC%8B%9C-%EB%AA%A8%EB%85%B8%EA%B7%B8%EB%9E%A8-%EB%A0%88%EB%8D%94-e%2Fw-%EC%88%84%EB%8D%94%EB%B0%B1/MWSGSTA01OQ001.html
MWPGSMT04QA001,Toni 맥시 모노그램 레더 탑 지퍼 쇼퍼,1290000,Pink,ACTIVE,천연 풀 그레인 레더,,스웨이드 마감의 극세사,16K 골드 도금 메탈 하드웨어,9 x 19 x 19,108 cm - 132 cm,10.5 cm,이탈리아,탈부착이 가능하며 길이 조절이 가능한 가죽 스트랩 | 가죽 탑 핸들 | 엠보싱 처리된 맥시 모노그램 모티프 | 지퍼 클로저 | 가죽 패치가 더해진 내부 포켓,,https://images.mcmworldwide.com/i/mcmworldwide/MWPGSMT04QA001_01 | https://images.mcmworldwide.com/i/mcmworldwide/MWPGSMT04QA001_09 | https://images.mcmworldwide.com/i/mcmworldwide/MWPGSMT04QA001_02 | https://images.mcmworldwide.com/i/mcmworldwide/MWPGSMT04QA001_03 | https://images.mcmworldwide.com/i/mcmworldwide/MWPGSMT04QA001_04 | https://images.mcmworldwide.com/i/mcmworldwide/MWPGSMT04QA001_05 | https://images.mcmworldwide.com/i/mcmworldwide/MWPGSMT04QA001_10 | https://images.mcmworldwide.com/i/mcmworldwide/MWPGSMT04QA001_11,https://images.mcmworldwide.com/v/mcmworldwide/MWPGSMT04QA001_VID/webm_720p,https://kr.mcmworldwide.com/ko_KR/%EA%B0%80%EB%B0%A9/%EB%AA%A8%EB%91%90%EB%B3%B4%EA%B8%B0/toni-%EB%A7%A5%EC%8B%9C-%EB%AA%A8%EB%85%B8%EA%B7%B8%EB%9E%A8-%EB%A0%88%EB%8D%94-%ED%83%91-%EC%A7%80%ED%8D%BC-%EC%87%BC%ED%8D%BC/MWPGSMT04QA001.html
MWPGSMT02WT001,Toni 비세토스 탑 지퍼 쇼퍼,970000,White,ACTIVE,비세토스 모노그램 캔버스,나파 가죽,스웨이드 마감의 극세사,로고 브라스 플레이트 | 실버톤 코발트 브라스 하드웨어,10 x 19 x 19,108 cm - 132 cm,11 cm,대한민국,탈부착이 가능하며 길이 조절이 가능한 가죽 스트랩 | 가죽 탑 핸들 | 탑 지퍼 클로저 | 가죽 패치가 더해진 내부 슬립 포켓 | 참을 달 수 있는 D링 디테일,MWPAATN04BK001 | MWPAATN04CO001 | MWPAATN04I8001 | MWPFAMT08K8001 | MWPFSMT06PZ001 | MWPGSMT024B001,https://images.mcmworldwide.com/i/mcmworldwide/MWPGSMT02WT001_01 | https://images.mcmworldwide.com/i/mcmworldwide/MWPGSMT02WT001_09 | https://images.mcmworldwide.com/i/mcmworldwide/MWPGSMT02WT001_02 | https://images.mcmworldwide.com/i/mcmworldwide/MWPGSMT02WT001_03 | https://images.mcmworldwide.com/i/mcmworldwide/MWPGSMT02WT001_04 | https://images.mcmworldwide.com/i/mcmworldwide/MWPGSMT02WT001_05 | https://images.mcmworldwide.com/i/mcmworldwide/MWPGSMT02WT001_10,https://images.mcmworldwide.com/v/mcmworldwide/MWPGSMT02WT001_VID/webm_720p,https://kr.mcmworldwide.com/ko_KR/%EA%B0%80%EB%B0%A9/%EB%AA%A8%EB%91%90%EB%B3%B4%EA%B8%B0/toni-%EB%B9%84%EC%84%B8%ED%86%A0%EC%8A%A4-%ED%83%91-%EC%A7%80%ED%8D%BC-%EC%87%BC%ED%8D%BC/MWPGSMT02WT001.html
MWSEAAK04WT001,Diamant 3D 비세토스 레더믹스 숄더백,1490000,White,ACTIVE,비세토스 모노그램 캔버스,스페인산 송아지 가죽,스웨이드마감의 극세사,24K 골드 도금 브라스 하드웨어,10 x 24 x 16,55cm,,대한민국,길이 조절이 가능한 가죽 숄더 스트랩 | 외부포켓과 뒷면 지퍼 포켓 | MCM 로고 모티프 | 양방향 사선 지퍼 클로저 | Interior zip compartment,MWSEAAK04BK001 | MWSEAAK04CO001,https://images.mcmworldwide.com/i/mcmworldwide/MWSEAAK04WT001_01 | https://images.mcmworldwide.com/i/mcmworldwide/MWSEAAK04WT001_09 | https://images.mcmworldwide.com/i/mcmworldwide/MWSEAAK04WT001_02 | https://images.mcmworldwide.com/i/mcmworldwide/MWSEAAK04WT001_03 | https://images.mcmworldwide.com/i/mcmworldwide/MWSEAAK04WT001_04 | https://images.mcmworldwide.com/i/mcmworldwide/MWSEAAK04WT001_05 | https://images.mcmworldwide.com/i/mcmworldwide/MWSEAAK04WT001_06 | https://images.mcmworldwide.com/i/mcmworldwide/MWSEAAK04WT001_10,https://images.mcmworldwide.com/v/mcmworldwide/MWSEAAK04WT001_VID/webm_720p,https://kr.mcmworldwide.com/ko_KR/%EA%B0%80%EB%B0%A9/%EB%AA%A8%EB%91%90%EB%B3%B4%EA%B8%B0/diamant-3d-%EB%B9%84%EC%84%B8%ED%86%A0%EC%8A%A4-%EB%A0%88%EB%8D%94%EB%AF%B9%EC%8A%A4-%EC%88%84%EB%8D%94%EB%B0%B1/MWSEAAK04WT001.html
MWSEAAK04BK001,Diamant 3D 비세토스 레더믹스 숄더백,1490000,Black,ACTIVE,비세토스 모노그램 캔버스,스페인산 송아지 가죽,스웨이드 마감의 극세사,실버톤 코발트 메탈 하드웨어,10 x 24 x 16,55 cm,,대한민국,길이 조절이 가능한 가죽 숄더 스트랩 | 외부 포켓과 뒷면 지퍼 수납공간 | MCM 로고 모티프 | 각진 지퍼 클로저 | 내부 지퍼 수납공간,MWSEAAK04CO001 | MWSEAAK04WT001,https://images.mcmworldwide.com/i/mcmworldwide/MWSEAAK04BK001_01 | https://images.mcmworldwide.com/i/mcmworldwide/MWSEAAK04BK001_09 | https://images.mcmworldwide.com/i/mcmworldwide/MWSEAAK04BK001_02 | https://images.mcmworldwide.com/i/mcmworldwide/MWSEAAK04BK001_03 | https://images.mcmworldwide.com/i/mcmworldwide/MWSEAAK04BK001_04 | https://images.mcmworldwide.com/i/mcmworldwide/MWSEAAK04BK001_05 | https://images.mcmworldwide.com/i/mcmworldwide/MWSEAAK04BK001_06 | https://images.mcmworldwide.com/i/mcmworldwide/MWSEAAK04BK001_10,https://images.mcmworldwide.com/v/mcmworldwide/MWSEAAK04BK001_VID/webm_720p,https://kr.mcmworldwide.com/ko_KR/%EC%97%AC%EC%84%B1/%ED%95%B8%EB%93%9C%EB%B0%B1/%EC%88%84%EB%8D%94%EB%B0%B1-%ED%81%AC%EB%A1%9C%EC%8A%A4%EB%B0%B1/diamant-3d-%EB%B9%84%EC%84%B8%ED%86%A0%EC%8A%A4-%EB%A0%88%EB%8D%94%EB%AF%B9%EC%8A%A4-%EC%88%84%EB%8D%94%EB%B0%B1/MWSEAAK04BK001.html
MWSEAAK04CO001,Diamant 3D 비세토스 레더믹스 숄더백,1490000,Cognac,ACTIVE,비세토스 모노그램 캔버스,스페인산 송아지 가죽,스웨이드 마감 마이크로파이버,24K 도금 브라스 금속 장식,10 x 24 x 16,,55cm,대한민국,조절 가능한 가죽 어깨 스트랩 | 외부 포켓 및 뒷면 지퍼 수납공간 | 이중 지퍼 클로저 | 상단의 MCM 로고 모티프 | 내부 지퍼 수납공간,MWSEAAK04BK001 | MWSEAAK04WT001,https://images.mcmworldwide.com/i/mcmworldwide/MWSEAAK04CO001_01 | https://images.mcmworldwide.com/i/mcmworldwide/MWSEAAK04CO001_09 | https://images.mcmworldwide.com/i/mcmworldwide/MWSEAAK04CO001_02 | https://images.mcmworldwide.com/i/mcmworldwide/MWSEAAK04CO001_03 | https://images.mcmworldwide.com/i/mcmworldwide/MWSEAAK04CO001_04 | https://images.mcmworldwide.com/i/mcmworldwide/MWSEAAK04CO001_05 | https://images.mcmworldwide.com/i/mcmworldwide/MWSEAAK04CO001_10,https://images.mcmworldwide.com/v/mcmworldwide/MWSEAAK04CO001_VID/webm_720p,https://kr.mcmworldwide.com/ko_KR/%EC%97%AC%EC%84%B1/%ED%95%B8%EB%93%9C%EB%B0%B1/%EC%88%84%EB%8D%94%EB%B0%B1-%ED%81%AC%EB%A1%9C%EC%8A%A4%EB%B0%B1/diamant-3d-%EB%B9%84%EC%84%B8%ED%86%A0%EC%8A%A4-%EB%A0%88%EB%8D%94%EB%AF%B9%EC%8A%A4-%EC%88%84%EB%8D%94%EB%B0%B1/MWSEAAK04CO001.html
MYZAAVI02WT001,비세토스 오리지널 크로스바디 파우치,730000,White,ACTIVE,비세토스 모노그램 코티드 캔버스.,,,24K 도금 메탈 금속 장식,3 x 30 x 22,114cm ~ 130cm,,대한민국,엠보스드 비세토스 모노그램 | 숨겨진 스냅 클로저가 있는 뒷면 외부 포켓 | 상단 지퍼 클로저 | 내부 슬립 포켓 및 지퍼 포켓. | 나파 가죽 트림 | 코튼 트윌 안감.,MYZAAVI02K8001 | MYZAAVI02PZ001 | MYZGSTA094B001,https://images.mcmworldwide.com/i/mcmworldwide/MYZAAVI02WT001_01 | https://images.mcmworldwide.com/i/mcmworldwide/MYZAAVI02WT001_09 | https://images.mcmworldwide.com/i/mcmworldwide/MYZAAVI02WT001_02 | https://images.mcmworldwide.com/i/mcmworldwide/MYZAAVI02WT001_03 | https://images.mcmworldwide.com/i/mcmworldwide/MYZAAVI02WT001_10,https://images.mcmworldwide.com/v/mcmworldwide/MYZAAVI02WT001_VID/webm_720p,https://kr.mcmworldwide.com/ko_KR/%EA%B0%80%EB%B0%A9/%EB%AA%A8%EB%91%90%EB%B3%B4%EA%B8%B0/%EB%B9%84%EC%84%B8%ED%86%A0%EC%8A%A4-%EC%98%A4%EB%A6%AC%EC%A7%80%EB%84%90-%ED%81%AC%EB%A1%9C%EC%8A%A4%EB%B0%94%EB%94%94-%ED%8C%8C%EC%9A%B0%EC%B9%98/MYZAAVI02WT001.html
MYZAAVI02K8001,비세토스 오리지널 크로스바디 파우치,730000,Green,ACTIVE,코팅 처리된 비세토스 모노그램 캔버스,천연 나파 가죽,코튼 트윌,실버톤 코발트 메탈 하드웨어,3 x 30 x 22,60cm,,대한민국,탈부착이 가능하며 길이 조절이 가능한 가죽 크로스바디 스트랩 | 히든 스냅이 있는 뒷면 외부 포켓 | 지퍼 클로저 | 내부 포켓과 지퍼 포켓,MYZAAVI02PZ001 | MYZAAVI02WT001 | MYZGSTA094B001,https://images.mcmworldwide.com/i/mcmworldwide/MYZAAVI02K8001_01 | https://images.mcmworldwide.com/i/mcmworldwide/MYZAAVI02K8001_09 | https://images.mcmworldwide.com/i/mcmworldwide/MYZAAVI02K8001_03 | https://images.mcmworldwide.com/i/mcmworldwide/MYZAAVI02K8001_04 | https://images.mcmworldwide.com/i/mcmworldwide/MYZAAVI02K8001_10,https://images.mcmworldwide.com/v/mcmworldwide/MYZAAVI02K8001_VID/webm_720p,https://kr.mcmworldwide.com/ko_KR/%EC%97%AC%EC%84%B1/%ED%95%B8%EB%93%9C%EB%B0%B1/%ED%81%B4%EB%9F%AC%EC%B9%98-%ED%8C%8C%EC%9A%B0%EC%B9%98/%EB%B9%84%EC%84%B8%ED%86%A0%EC%8A%A4-%EC%98%A4%EB%A6%AC%EC%A7%80%EB%84%90-%ED%81%AC%EB%A1%9C%EC%8A%A4%EB%B0%94%EB%94%94-%ED%8C%8C%EC%9A%B0%EC%B9%98/MYZAAVI02K8001.html
MYZAAVI02PZ001,비세토스 오리지널 크로스바디 파우치,730000,Pink,ACTIVE,비세토스 모노그램 코티드 캔버스.,천연 나파 가죽,,18K 금 도금 메탈 하드웨어,3 x 30 x 22,60cm,,대한민국,탈부착 및 조절 가능한 가죽 크로스바디 스트랩 | 숨겨진 스냅 클로저가 있는 뒷면 외부 포켓 | 상단 지퍼 클로저 | 내부 포켓 및 지퍼 수납 공간. | 코튼 트윌 안감.,MYZAAVI02K8001 | MYZAAVI02WT001 | MYZGSTA094B001,https://images.mcmworldwide.com/i/mcmworldwide/MYZAAVI02PZ001_01 | https://images.mcmworldwide.com/i/mcmworldwide/MYZAAVI02PZ001_09 | https://images.mcmworldwide.com/i/mcmworldwide/MYZAAVI02PZ001_03 | https://images.mcmworldwide.com/i/mcmworldwide/MYZAAVI02PZ001_04 | https://images.mcmworldwide.com/i/mcmworldwide/MYZAAVI02PZ001_10,https://images.mcmworldwide.com/v/mcmworldwide/MYZAAVI02PZ001_VID/webm_720p,https://kr.mcmworldwide.com/ko_KR/%EC%97%AC%EC%84%B1/%ED%95%B8%EB%93%9C%EB%B0%B1/%ED%81%B4%EB%9F%AC%EC%B9%98-%ED%8C%8C%EC%9A%B0%EC%B9%98/%EB%B9%84%EC%84%B8%ED%86%A0%EC%8A%A4-%EC%98%A4%EB%A6%AC%EC%A7%80%EB%84%90-%ED%81%AC%EB%A1%9C%EC%8A%A4%EB%B0%94%EB%94%94-%ED%8C%8C%EC%9A%B0%EC%B9%98/MYZAAVI02PZ001.html
MYZGSTA094B001,비세토스 크로스바디 파우치,730000,Brown,ACTIVE,비세토스 모노그램 캔버스,,코튼 트윌,24K 골드 도금 브라스 하드웨어,2 x 30 x 21,,60 cm,대한민국,탈부착이 가능하며 길이 조절이 가능한 가죽 크로스바디 스트랩 | 히든 스냅이 있는 뒷면 외부 포켓 | 지퍼 클로저 | 내부 슬립 포켓 및 지퍼 수납공간 | 레더 트림,MYZAAVI02K8001 | MYZAAVI02PZ001 | MYZAAVI02WT001,https://images.mcmworldwide.com/i/mcmworldwide/MYZGSTA094B001_01 | https://images.mcmworldwide.com/i/mcmworldwide/MYZGSTA094B001_09 | https://images.mcmworldwide.com/i/mcmworldwide/MYZGSTA094B001_02 | https://images.mcmworldwide.com/i/mcmworldwide/MYZGSTA094B001_03 | https://images.mcmworldwide.com/i/mcmworldwide/MYZGSTA094B001_04 | https://images.mcmworldwide.com/i/mcmworldwide/MYZGSTA094B001_05 | https://images.mcmworldwide.com/i/mcmworldwide/MYZGSTA094B001_06 | https://images.mcmworldwide.com/i/mcmworldwide/MYZGSTA094B001_11,,https://kr.mcmworldwide.com/ko_KR/%EC%97%AC%EC%84%B1/%ED%95%B8%EB%93%9C%EB%B0%B1/%ED%81%B4%EB%9F%AC%EC%B9%98-%ED%8C%8C%EC%9A%B0%EC%B9%98/%EB%B9%84%EC%84%B8%ED%86%A0%EC%8A%A4-%ED%81%AC%EB%A1%9C%EC%8A%A4%EB%B0%94%EB%94%94-%ED%8C%8C%EC%9A%B0%EC%B9%98/MYZGSTA094B001.html
MWTGAMA02OQ001,Milla 그레인 가죽 토트,1690000,Orange,ACTIVE,그레인 레더,,스웨이드 마감의 극세사,24K 골드 도금 브라스 하드웨어,11 x 25 x 18,104 cm - 128 cm,9 cm,이탈리아,탈착이 가능하며 길이 조절이 가능한 레더 스트랩 | 가죽 탑 핸들 | 탈착 가능한 바이에른 다이아몬드 가죽 로고 참 | 앞면의 MCM 로고 | 마그네틱 탭 클로저 | 내부 비세토스 모노그램 지퍼 수납공간 | 가방 바닥 보호에 도움을 주는 메탈 피트,,https://images.mcmworldwide.com/i/mcmworldwide/MWTGAMA02OQ001_01 | https://images.mcmworldwide.com/i/mcmworldwide/MWTGAMA02OQ001_09 | https://images.mcmworldwide.com/i/mcmworldwide/MWTGAMA02OQ001_02 | https://images.mcmworldwide.com/i/mcmworldwide/MWTGAMA02OQ001_03 | https://images.mcmworldwide.com/i/mcmworldwide/MWTGAMA02OQ001_04 | https://images.mcmworldwide.com/i/mcmworldwide/MWTGAMA02OQ001_05 | https://images.mcmworldwide.com/i/mcmworldwide/MWTGAMA02OQ001_06 | https://images.mcmworldwide.com/i/mcmworldwide/MWTGAMA02OQ001_10,,https://kr.mcmworldwide.com/ko_KR/%EA%B0%80%EB%B0%A9/%EB%AA%A8%EB%91%90%EB%B3%B4%EA%B8%B0/milla-%EA%B7%B8%EB%A0%88%EC%9D%B8-%EA%B0%80%EC%A3%BD-%ED%86%A0%ED%8A%B8/MWTGAMA02OQ001.html
MWRGSTA01OQ001,Aren 맥시 모노그램 레더 베니티 케이스,1250000,Orange,ACTIVE,천연 풀 그레인 레더,,스웨이드 마감의 극세사,24K 골드 도금 브라스 하드웨어,6 x 19 x 12,125 cm - 133 cm,4 cm,이탈리아,탈부착이 가능하며 길이 조절이 가능한 가죽 스트랩 | 가죽 탑 핸들 | 엠보싱 처리된 맥시 비세토스 모노그램 모티프 | 로고가 엠보싱 처리된 탈부착 가능한 바바리안 다이아몬드 가죽 참 | 양방향 지퍼 클로저 | 내부 카드 슬롯 | 로고 엠보싱 패치가 더해진 내부,MWRGSTA01BK001 | MWRGSTA01QA001,https://images.mcmworldwide.com/i/mcmworldwide/MWRGSTA01OQ001_01 | https://images.mcmworldwide.com/i/mcmworldwide/MWRGSTA01OQ001_09 | https://images.mcmworldwide.com/i/mcmworldwide/MWRGSTA01OQ001_02 | https://images.mcmworldwide.com/i/mcmworldwide/MWRGSTA01OQ001_03 | https://images.mcmworldwide.com/i/mcmworldwide/MWRGSTA01OQ001_04 | https://images.mcmworldwide.com/i/mcmworldwide/MWRGSTA01OQ001_05 | https://images.mcmworldwide.com/i/mcmworldwide/MWRGSTA01OQ001_10 | https://images.mcmworldwide.com/i/mcmworldwide/MWRGSTA01OQ001_11,https://images.mcmworldwide.com/v/mcmworldwide/MWRGSTA01OQ001_01_VID/webm_720p,https://kr.mcmworldwide.com/ko_KR/%EA%B0%80%EB%B0%A9/%EB%AA%A8%EB%91%90%EB%B3%B4%EA%B8%B0/aren-%EB%A7%A5%EC%8B%9C-%EB%AA%A8%EB%85%B8%EA%B7%B8%EB%9E%A8-%EB%A0%88%EB%8D%94-%EB%B2%A0%EB%8B%88%ED%8B%B0-%EC%BC%80%EC%9D%B4%EC%8A%A4/MWRGSTA01OQ001.html
MWSGAAK01OQ001,Diamant 3D 카프스킨 숄더백,2050000,Orange,ACTIVE,100% 카프스킨,,스웨이드 마감의 극세사,24K 골드 도금 브라스 하드웨어,11 x 24 x 16,,55 cm,이탈리아,길이 조절이 가능한 가죽 스트랩 | 뒷면 외부 포켓 및 지퍼 수납공간 | MCM 로고 모티프 | 양방향 지퍼 클로저 | 내부 지퍼 수납공간,,https://images.mcmworldwide.com/i/mcmworldwide/MWSGAAK01OQ001_01 | https://images.mcmworldwide.com/i/mcmworldwide/MWSGAAK01OQ001_02 | https://images.mcmworldwide.com/i/mcmworldwide/MWSGAAK01OQ001_03 | https://images.mcmworldwide.com/i/mcmworldwide/MWSGAAK01OQ001_04 | https://images.mcmworldwide.com/i/mcmworldwide/MWSGAAK01OQ001_05 | https://images.mcmworldwide.com/i/mcmworldwide/MWSGAAK01OQ001_06,,https://kr.mcmworldwide.com/ko_KR/%EA%B0%80%EB%B0%A9/%EB%AA%A8%EB%91%90%EB%B3%B4%EA%B8%B0/diamant-3d-%EC%B9%B4%ED%94%84%EC%8A%A4%ED%82%A8-%EC%88%84%EB%8D%94%EB%B0%B1/MWSGAAK01OQ001.html
MWDGSDU01QA001,Dessau 맥시 모노그램 레더 드로우스트링 백,1990000,Pink,ACTIVE,천연 풀 그레인 레더,,스웨이드 마감의 극세사,16K 골드 도금 메탈 하드웨어,14 x 28 x 23,97 cm - 121 cm,20 cm,이탈리아,탈부착이 가능하며 길이 조절이 가능한 가죽 스트랩 | 탈착 가능한 가죽 핸들 | 엠보싱 처리된 맥시 비세토스 모노그램 모티프 | 앞면의 MCM 로고 | 가죽 드로스트링 잠금장치 | 로고 엠보싱 가죽 패치가 더해진 내부 슬립 포켓,MWDGSDU01BK001,https://images.mcmworldwide.com/i/mcmworldwide/MWDGSDU01QA001_01 | https://images.mcmworldwide.com/i/mcmworldwide/MWDGSDU01QA001_09 | https://images.mcmworldwide.com/i/mcmworldwide/MWDGSDU01QA001_02 | https://images.mcmworldwide.com/i/mcmworldwide/MWDGSDU01QA001_03 | https://images.mcmworldwide.com/i/mcmworldwide/MWDGSDU01QA001_04 | https://images.mcmworldwide.com/i/mcmworldwide/MWDGSDU01QA001_05 | https://images.mcmworldwide.com/i/mcmworldwide/MWDGSDU01QA001_10,https://images.mcmworldwide.com/v/mcmworldwide/MWDGSDU01QA001_VID/webm_720p | https://images.mcmworldwide.com/v/mcmworldwide/MWDGSDU01QA001_01_VID/webm_720p,https://kr.mcmworldwide.com/ko_KR/%EA%B0%80%EB%B0%A9/%EB%AA%A8%EB%91%90%EB%B3%B4%EA%B8%B0/dessau-%EB%A7%A5%EC%8B%9C-%EB%AA%A8%EB%85%B8%EA%B7%B8%EB%9E%A8-%EB%A0%88%EB%8D%94-%EB%93%9C%EB%A1%9C%EC%9A%B0%EC%8A%A4%ED%8A%B8%EB%A7%81-%EB%B0%B1/MWDGSDU01QA001.html
MWDGSDU01BK001,Dessau 맥시 모노그램 레더 드로우스트링 백,1990000,Black,ACTIVE,천연 풀 그레인 레더,,스웨이드 마감의 극세사,실버톤 코발트 브라스 하드웨어,14 x 28 x 23,97 cm - 121 cm,20 cm,이탈리아,탈부착이 가능하며 길이 조절이 가능한 가죽 스트랩 | 탈착 가능한 가죽 핸들 | 엠보싱 처리된 맥시 비세토스 모노그램 모티프 | 앞면의 MCM 로고 | 가죽 드로스트링 잠금장치 | 로고 엠보싱 가죽 패치가 더해진 내부 슬립 포켓,MWDGSDU01QA001,https://images.mcmworldwide.com/i/mcmworldwide/MWDGSDU01BK001_01 | https://images.mcmworldwide.com/i/mcmworldwide/MWDGSDU01BK001_09 | https://images.mcmworldwide.com/i/mcmworldwide/MWDGSDU01BK001_02 | https://images.mcmworldwide.com/i/mcmworldwide/MWDGSDU01BK001_03 | https://images.mcmworldwide.com/i/mcmworldwide/MWDGSDU01BK001_04 | https://images.mcmworldwide.com/i/mcmworldwide/MWDGSDU01BK001_05 | https://images.mcmworldwide.com/i/mcmworldwide/MWDGSDU01BK001_10 | https://images.mcmworldwide.com/i/mcmworldwide/MWDGSDU01BK001_11 | https://images.mcmworldwide.com/i/mcmworldwide/MWDGSDU01BK001_12,https://images.mcmworldwide.com/v/mcmworldwide/MWDGSDU01BK001_VID/webm_720p | https://images.mcmworldwide.com/v/mcmworldwide/MWDGSDU01BK001_01_VID/webm_720p,https://kr.mcmworldwide.com/ko_KR/%EC%97%AC%EC%84%B1/%ED%95%B8%EB%93%9C%EB%B0%B1/%EC%88%84%EB%8D%94%EB%B0%B1-%ED%81%AC%EB%A1%9C%EC%8A%A4%EB%B0%B1/dessau-%EB%A7%A5%EC%8B%9C-%EB%AA%A8%EB%85%B8%EA%B7%B8%EB%9E%A8-%EB%A0%88%EB%8D%94-%EB%93%9C%EB%A1%9C%EC%9A%B0%EC%8A%A4%ED%8A%B8%EB%A7%81-%EB%B0%B1/MWDGSDU01BK001.html
MWBGSEA03QA001,Ella 맥시 모노그램 레더 보스턴 백,1690000,Pink,ACTIVE,천연 풀 그레인 레더,,스웨이드 마감의 극세사,16K 골드 도금 메탈 하드웨어,12 x 22 x 15,115 cm - 134 cm,8 cm,이탈리아,탈착이 가능하며 길이 조절이 가능한 레더 스트랩 | 가죽 탑 핸들 | 엠보싱 처리된 맥시 모노그램 | 탈착 가능한 바바리안 다이아몬드 가죽 참 | 양방향 지퍼 클로저 | 가죽 패치가 더해진 내부 슬립 포켓,,https://images.mcmworldwide.com/i/mcmworldwide/MWBGSEA03QA001_01 | https://images.mcmworldwide.com/i/mcmworldwide/MWBGSEA03QA001_09 | https://images.mcmworldwide.com/i/mcmworldwide/MWBGSEA03QA001_02 | https://images.mcmworldwide.com/i/mcmworldwide/MWBGSEA03QA001_03 | https://images.mcmworldwide.com/i/mcmworldwide/MWBGSEA03QA001_04 | https://images.mcmworldwide.com/i/mcmworldwide/MWBGSEA03QA001_05 | https://images.mcmworldwide.com/i/mcmworldwide/MWBGSEA03QA001_10 | https://images.mcmworldwide.com/i/mcmworldwide/MWBGSEA03QA001_11,https://images.mcmworldwide.com/v/mcmworldwide/MWBGSEA03QA001_VID/webm_720p,https://kr.mcmworldwide.com/ko_KR/%EA%B0%80%EB%B0%A9/%EB%AA%A8%EB%91%90%EB%B3%B4%EA%B8%B0/ella-%EB%A7%A5%EC%8B%9C-%EB%AA%A8%EB%85%B8%EA%B7%B8%EB%9E%A8-%EB%A0%88%EB%8D%94-%EB%B3%B4%EC%8A%A4%ED%84%B4-%EB%B0%B1/MWBGSEA03QA001.html
MYZGSTA07QA001,Aren 맥시 모노그램 레더 체인 크로스바디,950000,Pink,ACTIVE,천연 풀 그레인 레더,,코튼 트윌,16K 골드 도금 메탈 하드웨어,5 x 20 x 11,,55cm,대한민국,탈부착 가능한 레더 스트랩 | 탈착 가능한 체인 핸들 | 엠보싱 처리된 맥시 비세토스 모노그램 | 뒷면 외부 슬립 포켓 | 지퍼 클로저 | 가죽 패치가 더해진 내부 슬립 포켓,,https://images.mcmworldwide.com/i/mcmworldwide/MYZGSTA07QA001_01 | https://images.mcmworldwide.com/i/mcmworldwide/MYZGSTA07QA001_09 | https://images.mcmworldwide.com/i/mcmworldwide/MYZGSTA07QA001_02 | https://images.mcmworldwide.com/i/mcmworldwide/MYZGSTA07QA001_03 | https://images.mcmworldwide.com/i/mcmworldwide/MYZGSTA07QA001_04 | https://images.mcmworldwide.com/i/mcmworldwide/MYZGSTA07QA001_05 | https://images.mcmworldwide.com/i/mcmworldwide/MYZGSTA07QA001_10 | https://images.mcmworldwide.com/i/mcmworldwide/MYZGSTA07QA001_11,https://images.mcmworldwide.com/v/mcmworldwide/MYZGSTA07QA001_VID/webm_720p,https://kr.mcmworldwide.com/ko_KR/%EA%B0%80%EB%B0%A9/%EB%AA%A8%EB%91%90%EB%B3%B4%EA%B8%B0/aren-%EB%A7%A5%EC%8B%9C-%EB%AA%A8%EB%85%B8%EA%B7%B8%EB%9E%A8-%EB%A0%88%EB%8D%94-%EC%B2%B4%EC%9D%B8-%ED%81%AC%EB%A1%9C%EC%8A%A4%EB%B0%94%EB%94%94/MYZGSTA07QA001.html
MWHFSTA10BK001,재생 나일론 및 비세토스 소재의 Aren 듀오 호보,990000,Black,ACTIVE,비세토스 모노그램 캔버스,천연 나파 가죽,스웨이드 마감 마이크로파이버,24K 도금 브라스 금속 장식,6 x 26 x 22,95cm~119cm,25cm,대한민국,탈부착 및 길이 조절 가능한 가죽 스트랩 및 체인 핸들 스트랩 | 지퍼 클로저 | 라지 나일론 백: 내부 포켓 및 지퍼 수납공간 | 스몰 비세토스 백: 내부 카드 슬롯,,https://images.mcmworldwide.com/i/mcmworldwide/MWHFSTA10BK001_01 | https://images.mcmworldwide.com/i/mcmworldwide/MWHFSTA10BK001_09 | https://images.mcmworldwide.com/i/mcmworldwide/MWHFSTA10BK001_02 | https://images.mcmworldwide.com/i/mcmworldwide/MWHFSTA10BK001_03 | https://images.mcmworldwide.com/i/mcmworldwide/MWHFSTA10BK001_04 | https://images.mcmworldwide.com/i/mcmworldwide/MWHFSTA10BK001_10,https://images.mcmworldwide.com/v/mcmworldwide/MWHFSTA10BK001_VID/webm_720p,https://kr.mcmworldwide.com/ko_KR/%EA%B0%80%EB%B0%A9/%EB%AA%A8%EB%91%90%EB%B3%B4%EA%B8%B0/%EC%9E%AC%EC%83%9D-%EB%82%98%EC%9D%BC%EB%A1%A0-%EB%B0%8F-%EB%B9%84%EC%84%B8%ED%86%A0%EC%8A%A4-%EC%86%8C%EC%9E%AC%EC%9D%98-aren-%EB%93%80%EC%98%A4-%ED%98%B8%EB%B3%B4/MWHFSTA10BK001.html
MWPGSMT04BK001,Toni 맥시 모노그램 레더 탑 지퍼 쇼퍼,1290000,Black,ACTIVE,천연 풀 그레인 레더,,스웨이드 마감의 극세사,실버톤 코발트 브라스 하드웨어,9 x 19 x 19,108 cm - 132 cm,10.5 cm,이탈리아,탈부착이 가능하며 길이 조절이 가능한 가죽 스트랩 | 가죽 탑 핸들 | 엠보싱 처리된 맥시 모노그램 모티프 | 지퍼 클로저 | 가죽 패치가 더해진 내부 포켓,,https://images.mcmworldwide.com/i/mcmworldwide/MWPGSMT04BK001_01 | https://images.mcmworldwide.com/i/mcmworldwide/MWPGSMT04BK001_09 | https://images.mcmworldwide.com/i/mcmworldwide/MWPGSMT04BK001_02 | https://images.mcmworldwide.com/i/mcmworldwide/MWPGSMT04BK001_03 | https://images.mcmworldwide.com/i/mcmworldwide/MWPGSMT04BK001_04 | https://images.mcmworldwide.com/i/mcmworldwide/MWPGSMT04BK001_05 | https://images.mcmworldwide.com/i/mcmworldwide/MWPGSMT04BK001_10 | https://images.mcmworldwide.com/i/mcmworldwide/MWPGSMT04BK001_11 | https://images.mcmworldwide.com/i/mcmworldwide/MWPGSMT04BK001_12,https://images.mcmworldwide.com/v/mcmworldwide/MWPGSMT04BK001_VID/webm_720p,https://kr.mcmworldwide.com/ko_KR/%EA%B0%80%EB%B0%A9/%EB%AA%A8%EB%91%90%EB%B3%B4%EA%B8%B0/toni-%EB%A7%A5%EC%8B%9C-%EB%AA%A8%EB%85%B8%EA%B7%B8%EB%9E%A8-%EB%A0%88%EB%8D%94-%ED%83%91-%EC%A7%80%ED%8D%BC-%EC%87%BC%ED%8D%BC/MWPGSMT04BK001.html
MWRGSXT01BK001,Tracy 비세토스 레더 믹스 크로스바디,1050000,Black,ACTIVE,비세토스 모노그램 캔버스,이탈리안 카프스킨,스웨이드 마감의 극세사,실버톤 코발트 브라스 하드웨어,5 x 22 x 11,,55 cm,대한민국,탈부착 가능한 레더 체인 믹스 스트랩 | 라우렐 락 클로저 | 내부 카드 슬롯과 지퍼 수납공간,MWRGSXT01CO001,https://images.mcmworldwide.com/i/mcmworldwide/MWRGSXT01BK001_01 | https://images.mcmworldwide.com/i/mcmworldwide/MWRGSXT01BK001_09 | https://images.mcmworldwide.com/i/mcmworldwide/MWRGSXT01BK001_02 | https://images.mcmworldwide.com/i/mcmworldwide/MWRGSXT01BK001_03 | https://images.mcmworldwide.com/i/mcmworldwide/MWRGSXT01BK001_04 | https://images.mcmworldwide.com/i/mcmworldwide/MWRGSXT01BK001_05 | https://images.mcmworldwide.com/i/mcmworldwide/MWRGSXT01BK001_10 | https://images.mcmworldwide.com/i/mcmworldwide/MWRGSXT01BK001_11,,https://kr.mcmworldwide.com/ko_KR/%EA%B0%80%EB%B0%A9/%EB%AA%A8%EB%91%90%EB%B3%B4%EA%B8%B0/tracy-%EB%B9%84%EC%84%B8%ED%86%A0%EC%8A%A4-%EB%A0%88%EB%8D%94-%EB%AF%B9%EC%8A%A4-%ED%81%AC%EB%A1%9C%EC%8A%A4%EB%B0%94%EB%94%94/MWRGSXT01BK001.html
MWRGSXT01CO001,Tracy 비세토스 레더 믹스 크로스바디,1050000,Cognac,ACTIVE,비세토스 모노그램 캔버스,이탈리안 카프스킨,스웨이드 마감의 극세사,24K 골드 도금 브라스 하드웨어,5 x 22 x 11,,55 cm,대한민국,탈부착 가능한 레더 체인 믹스 스트랩 | 라우렐 락 클로저 | 내부 카드 슬롯과 지퍼 수납공간,MWRGSXT01BK001,https://images.mcmworldwide.com/i/mcmworldwide/MWRGSXT01CO001_01 | https://images.mcmworldwide.com/i/mcmworldwide/MWRGSXT01CO001_09 | https://images.mcmworldwide.com/i/mcmworldwide/MWRGSXT01CO001_02 | https://images.mcmworldwide.com/i/mcmworldwide/MWRGSXT01CO001_03 | https://images.mcmworldwide.com/i/mcmworldwide/MWRGSXT01CO001_04 | https://images.mcmworldwide.com/i/mcmworldwide/MWRGSXT01CO001_05 | https://images.mcmworldwide.com/i/mcmworldwide/MWRGSXT01CO001_10 | https://images.mcmworldwide.com/i/mcmworldwide/MWRGSXT01CO001_11,,https://kr.mcmworldwide.com/ko_KR/%EC%97%AC%EC%84%B1/%ED%95%B8%EB%93%9C%EB%B0%B1/%EC%88%84%EB%8D%94%EB%B0%B1-%ED%81%AC%EB%A1%9C%EC%8A%A4%EB%B0%B1/tracy-%EB%B9%84%EC%84%B8%ED%86%A0%EC%8A%A4-%EB%A0%88%EB%8D%94-%EB%AF%B9%EC%8A%A4-%ED%81%AC%EB%A1%9C%EC%8A%A4%EB%B0%94%EB%94%94/MWRGSXT01CO001.html
MWRGSTA03BK001,Aren 비세토스 숄더백,890000,Black,ACTIVE,비세토스 모노그램 캔버스,천연 가죽,스웨이드 마감의 극세사,로고 브라스 플레이트 | 실버톤 코발트 브라스 하드웨어,6 x 21 x 11,,55 cm,대한민국,체인 스트랩 | 뒷면의 외부 포켓 | 마그네틱 스냅 클로저 | 내부 지퍼 포켓과 카드 슬롯,,https://images.mcmworldwide.com/i/mcmworldwide/MWRGSTA03BK001_01 | https://images.mcmworldwide.com/i/mcmworldwide/MWRGSTA03BK001_09 | https://images.mcmworldwide.com/i/mcmworldwide/MWRGSTA03BK001_02 | https://images.mcmworldwide.com/i/mcmworldwide/MWRGSTA03BK001_03 | https://images.mcmworldwide.com/i/mcmworldwide/MWRGSTA03BK001_04 | https://images.mcmworldwide.com/i/mcmworldwide/MWRGSTA03BK001_05 | https://images.mcmworldwide.com/i/mcmworldwide/MWRGSTA03BK001_10,,https://kr.mcmworldwide.com/ko_KR/%EA%B0%80%EB%B0%A9/%EB%AA%A8%EB%91%90%EB%B3%B4%EA%B8%B0/aren-%EB%B9%84%EC%84%B8%ED%86%A0%EC%8A%A4-%EC%88%84%EB%8D%94%EB%B0%B1/MWRGSTA03BK001.html
MWRGATA05BK001,Aren 비세토스 레더 믹스 베니티 케이스,1190000,Black,ACTIVE,Visetos monogram canvas,천연 가죽,스웨이드 마감의 극세사,24K 골드 도금 브라스 하드웨어,9 x 23 x 14,125 cm to 133 cm,4 cm,대한민국,탈부착이 가능하며 길이 조절이 가능한 가죽 스트랩 | 가죽 탑 핸들 | 로고가 엠보싱 처리된 탈부착 가능한 바바리안 다이아몬드 가죽 참 | 양방향 지퍼 클로저 | 내부 카드 슬롯 | 로고 엠보싱 패치가 더해진 내부,MWRGATA05CO001,https://images.mcmworldwide.com/i/mcmworldwide/MWRGATA05BK001_01 | https://images.mcmworldwide.com/i/mcmworldwide/MWRGATA05BK001_09 | https://images.mcmworldwide.com/i/mcmworldwide/MWRGATA05BK001_02 | https://images.mcmworldwide.com/i/mcmworldwide/MWRGATA05BK001_03 | https://images.mcmworldwide.com/i/mcmworldwide/MWRGATA05BK001_04 | https://images.mcmworldwide.com/i/mcmworldwide/MWRGATA05BK001_05 | https://images.mcmworldwide.com/i/mcmworldwide/MWRGATA05BK001_10 | https://images.mcmworldwide.com/i/mcmworldwide/MWRGATA05BK001_11,https://images.mcmworldwide.com/v/mcmworldwide/MWRGATA05BK001_VID/webm_720p,https://kr.mcmworldwide.com/ko_KR/%EA%B0%80%EB%B0%A9/%EB%AA%A8%EB%91%90%EB%B3%B4%EA%B8%B0/aren-%EB%B9%84%EC%84%B8%ED%86%A0%EC%8A%A4-%EB%A0%88%EB%8D%94-%EB%AF%B9%EC%8A%A4-%EB%B2%A0%EB%8B%88%ED%8B%B0-%EC%BC%80%EC%9D%B4%EC%8A%A4/MWRGATA05BK001.html
MWRGATA05CO001,Aren 비세토스 레더 믹스 베니티 케이스,1190000,Cognac,ACTIVE,비세토스 모노그램 캔버스,나파 가죽,스웨이드 마감의 극세사,24K 골드 도금 브라스 하드웨어,9 x 23 x 14,99 cm - 123 cm,4.5 cm,대한민국,탈부착이 가능하며 길이 조절이 가능한 가죽 크로스바디 스트랩 | 가죽 탑 핸들 | 탈부착 가능한 바이에른 다이아몬드 로고 레더 참 | 양방향 지퍼 클로저 | 내부 카드 슬롯,MWRGATA05BK001,https://images.mcmworldwide.com/i/mcmworldwide/MWRGATA05CO001_01 | https://images.mcmworldwide.com/i/mcmworldwide/MWRGATA05CO001_09 | https://images.mcmworldwide.com/i/mcmworldwide/MWRGATA05CO001_02 | https://images.mcmworldwide.com/i/mcmworldwide/MWRGATA05CO001_03 | https://images.mcmworldwide.com/i/mcmworldwide/MWRGATA05CO001_04 | https://images.mcmworldwide.com/i/mcmworldwide/MWRGATA05CO001_05 | https://images.mcmworldwide.com/i/mcmworldwide/MWRGATA05CO001_10 | https://images.mcmworldwide.com/i/mcmworldwide/MWRGATA05CO001_11,https://images.mcmworldwide.com/v/mcmworldwide/MWRGATA05CO001_VID/webm_720p,https://kr.mcmworldwide.com/ko_KR/%EC%97%AC%EC%84%B1/%ED%95%B8%EB%93%9C%EB%B0%B1/%EC%88%84%EB%8D%94%EB%B0%B1-%ED%81%AC%EB%A1%9C%EC%8A%A4%EB%B0%B1/aren-%EB%B9%84%EC%84%B8%ED%86%A0%EC%8A%A4-%EB%A0%88%EB%8D%94-%EB%AF%B9%EC%8A%A4-%EB%B2%A0%EB%8B%88%ED%8B%B0-%EC%BC%80%EC%9D%B4%EC%8A%A4/MWRGATA05CO001.html
MWRGSTA02CO001,Aren 비세토스 레더 믹스 베니티 케이스,990000,Cognac,ACTIVE,비세토스 모노그램 캔버스,천연 가죽,스웨이드 마감의 극세사,24K 골드 도금 브라스 하드웨어,6 x 19 x 12,125 cm to 133 cm,4 cm,대한민국,탈부착이 가능하며 길이 조절이 가능한 가죽 스트랩 | 가죽 탑 핸들 | 로고가 엠보싱 처리된 탈부착 가능한 바바리안 다이아몬드 가죽 참 | 양방향 지퍼 클로저 | 내부 카드 슬롯 | 로고 엠보싱 패치가 더해진 내부,MWRGSTA02PZ001,https://images.mcmworldwide.com/i/mcmworldwide/MWRGSTA02CO001_01 | https://images.mcmworldwide.com/i/mcmworldwide/MWRGSTA02CO001_09 | https://images.mcmworldwide.com/i/mcmworldwide/MWRGSTA02CO001_02 | https://images.mcmworldwide.com/i/mcmworldwide/MWRGSTA02CO001_03 | https://images.mcmworldwide.com/i/mcmworldwide/MWRGSTA02CO001_04 | https://images.mcmworldwide.com/i/mcmworldwide/MWRGSTA02CO001_05 | https://images.mcmworldwide.com/i/mcmworldwide/MWRGSTA02CO001_10 | https://images.mcmworldwide.com/i/mcmworldwide/MWRGSTA02CO001_11,https://images.mcmworldwide.com/v/mcmworldwide/MWRGSTA02CO001_VID/webm_720p | https://images.mcmworldwide.com/v/mcmworldwide/MWRGSTA02CO001_01_VID/webm_720p,https://kr.mcmworldwide.com/ko_KR/%EA%B0%80%EB%B0%A9/%EB%AA%A8%EB%91%90%EB%B3%B4%EA%B8%B0/aren-%EB%B9%84%EC%84%B8%ED%86%A0%EC%8A%A4-%EB%A0%88%EB%8D%94-%EB%AF%B9%EC%8A%A4-%EB%B2%A0%EB%8B%88%ED%8B%B0-%EC%BC%80%EC%9D%B4%EC%8A%A4/MWRGSTA02CO001.html
MWRGSTA02PZ001,Aren 비세토스 레더 믹스 베니티 케이스,990000,Pink,ACTIVE,비세토스 모노그램 캔버스,천연 가죽,스웨이드 마감의 극세사,16K 골드 도금 메탈 하드웨어,6 x 19 x 12,125 cm to 133 cm,4 cm,대한민국,탈부착이 가능하며 길이 조절이 가능한 가죽 스트랩 | 가죽 탑 핸들 | 로고가 엠보싱 처리된 탈부착 가능한 바바리안 다이아몬드 가죽 참 | 양방향 지퍼 클로저 | 내부 카드 슬롯 | 로고 엠보싱 패치가 더해진 내부,MWRGSTA02CO001,https://images.mcmworldwide.com/i/mcmworldwide/MWRGSTA02PZ001_01 | https://images.mcmworldwide.com/i/mcmworldwide/MWRGSTA02PZ001_09 | https://images.mcmworldwide.com/i/mcmworldwide/MWRGSTA02PZ001_02 | https://images.mcmworldwide.com/i/mcmworldwide/MWRGSTA02PZ001_03 | https://images.mcmworldwide.com/i/mcmworldwide/MWRGSTA02PZ001_04 | https://images.mcmworldwide.com/i/mcmworldwide/MWRGSTA02PZ001_05 | https://images.mcmworldwide.com/i/mcmworldwide/MWRGSTA02PZ001_10 | https://images.mcmworldwide.com/i/mcmworldwide/MWRGSTA02PZ001_11 | https://images.mcmworldwide.com/i/mcmworldwide/MWRGSTA02PZ001_12,https://images.mcmworldwide.com/v/mcmworldwide/MWRGSTA02PZ001_VID/webm_720p | https://images.mcmworldwide.com/v/mcmworldwide/MWRGSTA02PZ001_01_VID/webm_720p,https://kr.mcmworldwide.com/ko_KR/%EC%97%AC%EC%84%B1/%ED%95%B8%EB%93%9C%EB%B0%B1/%EC%88%84%EB%8D%94%EB%B0%B1-%ED%81%AC%EB%A1%9C%EC%8A%A4%EB%B0%B1/aren-%EB%B9%84%EC%84%B8%ED%86%A0%EC%8A%A4-%EB%A0%88%EB%8D%94-%EB%AF%B9%EC%8A%A4-%EB%B2%A0%EB%8B%88%ED%8B%B0-%EC%BC%80%EC%9D%B4%EC%8A%A4/MWRGSTA02PZ001.html
MWZGSAK01BK001,Diamant 3D 갤러틱 갈라 양가죽 벨트백,1890000,Black,ACTIVE,양가죽,,스웨이드 마감의 극세사,실버톤 코발트 메탈 하드웨어,11 x 24 x 18,68 cm - 104 cm,,대한민국,탈부착 가능하며 길이 조절이 가능한 가죽 벨트 스트랩 | 갤럭틱 갈라 메탈 스터드 | 스터드 장식이 더해진 미니백과 스몰백 포함된 구성 | MCM 로고 모티프 (미니백) | 양방향 지퍼 클로저 | 내부 지퍼 수납공간 (스터드 장식 가방),,https://images.mcmworldwide.com/i/mcmworldwide/MWZGSAK01BK001_01 | https://images.mcmworldwide.com/i/mcmworldwide/MWZGSAK01BK001_09 | https://images.mcmworldwide.com/i/mcmworldwide/MWZGSAK01BK001_03 | https://images.mcmworldwide.com/i/mcmworldwide/MWZGSAK01BK001_04 | https://images.mcmworldwide.com/i/mcmworldwide/MWZGSAK01BK001_05 | https://images.mcmworldwide.com/i/mcmworldwide/MWZGSAK01BK001_06 | https://images.mcmworldwide.com/i/mcmworldwide/MWZGSAK01BK001_10 | https://images.mcmworldwide.com/i/mcmworldwide/MWZGSAK01BK001_11 | https://images.mcmworldwide.com/i/mcmworldwide/MWZGSAK01BK001_12 | https://images.mcmworldwide.com/i/mcmworldwide/MWZGSAK01BK001_13,,https://kr.mcmworldwide.com/ko_KR/%EA%B0%80%EB%B0%A9/%EB%AA%A8%EB%91%90%EB%B3%B4%EA%B8%B0/diamant-3d-%EA%B0%A4%EB%9F%AC%ED%8B%B1-%EA%B0%88%EB%9D%BC-%EC%96%91%EA%B0%80%EC%A3%BD-%EB%B2%A8%ED%8A%B8%EB%B0%B1/MWZGSAK01BK001.html
MWSGSAK01BK001,Diamant 3D 갤러틱 갈라 양가죽 숄더백,2650000,Black,ACTIVE,램스킨 100%,,스웨이드 마감의 극세사,실버톤 코발트 메탈 하드웨어,11 x 24 x 16,110 cm - 133 cm,21 cm,대한민국,길이 조절이 가능한 가죽 숄더 스트랩 | 갤럭틱 갈라 메탈 스터드 | 뒷면 외부 지퍼 포켓 | 앵글형 지퍼 클로저 | 측면의 MCM 로고 모티프 | 가죽 패치가 더해진 내부 지퍼 포켓,,https://images.mcmworldwide.com/i/mcmworldwide/MWSGSAK01BK001_01 | https://images.mcmworldwide.com/i/mcmworldwide/MWSGSAK01BK001_09 | https://images.mcmworldwide.com/i/mcmworldwide/MWSGSAK01BK001_02 | https://images.mcmworldwide.com/i/mcmworldwide/MWSGSAK01BK001_03 | https://images.mcmworldwide.com/i/mcmworldwide/MWSGSAK01BK001_04 | https://images.mcmworldwide.com/i/mcmworldwide/MWSGSAK01BK001_05 | https://images.mcmworldwide.com/i/mcmworldwide/MWSGSAK01BK001_06 | https://images.mcmworldwide.com/i/mcmworldwide/MWSGSAK01BK001_10 | https://images.mcmworldwide.com/i/mcmworldwide/MWSGSAK01BK001_11 | https://images.mcmworldwide.com/i/mcmworldwide/MWSGSAK01BK001_12,,https://kr.mcmworldwide.com/ko_KR/%EA%B0%80%EB%B0%A9/%EB%AA%A8%EB%91%90%EB%B3%B4%EA%B8%B0/diamant-3d-%EA%B0%A4%EB%9F%AC%ED%8B%B1-%EA%B0%88%EB%9D%BC-%EC%96%91%EA%B0%80%EC%A3%BD-%EC%88%84%EB%8D%94%EB%B0%B1/MWSGSAK01BK001.html
MWPGSLR03PZ001,New Liz 비세토스 쇼퍼,1050000,Pink,ACTIVE,비세토스 모노그램 캔버스,천연 가죽,패브릭,로고 브라스 플레이트 | 16K 골드 도금 브라스 하드웨어,15 x 25 x 31,,26 cm,대한민국,바이에른 다이아몬드에서 영감을 받은 가죽 핸들 스트랩 | 후크 클라스프 클로저 | 탈착 가능한 비세토스 모노그램 지퍼 파우치 | D링 디테일 | 바닥 보호를 위한 레더 패드,MWPGSLR03BK001 | MWPGSLR03CO001 | MWPGSLR03I8001,https://images.mcmworldwide.com/i/mcmworldwide/MWPGSLR03PZ001_01 | https://images.mcmworldwide.com/i/mcmworldwide/MWPGSLR03PZ001_09 | https://images.mcmworldwide.com/i/mcmworldwide/MWPGSLR03PZ001_02 | https://images.mcmworldwide.com/i/mcmworldwide/MWPGSLR03PZ001_03 | https://images.mcmworldwide.com/i/mcmworldwide/MWPGSLR03PZ001_04 | https://images.mcmworldwide.com/i/mcmworldwide/MWPGSLR03PZ001_05 | https://images.mcmworldwide.com/i/mcmworldwide/MWPGSLR03PZ001_06 | https://images.mcmworldwide.com/i/mcmworldwide/MWPGSLR03PZ001_10,https://images.mcmworldwide.com/v/mcmworldwide/MWPGSLR03PZ001_VID/webm_720p,https://kr.mcmworldwide.com/ko_KR/%EA%B0%80%EB%B0%A9/%EB%AA%A8%EB%91%90%EB%B3%B4%EA%B8%B0/new-liz-%EB%B9%84%EC%84%B8%ED%86%A0%EC%8A%A4-%EC%87%BC%ED%8D%BC/MWPGSLR03PZ001.html
MWPGSLR03BK001,New Liz 비세토스 쇼퍼,1050000,Black,ACTIVE,비세토스 모노그램 캔버스,천연 가죽,패브릭,로고 브라스 플레이트 | 실버톤 코발트 브라스 하드웨어,15 x 25 x 31,,26 cm,대한민국,바이에른 다이아몬드에서 영감을 받은 가죽 핸들 스트랩 | 후크 클라스프 클로저 | 탈착 가능한 비세토스 모노그램 지퍼 파우치 | D링 디테일 | 대비되는 톤으로 완성된 스티칭 | 바닥 보호를 위한 레더 패드,MWPGSLR03CO001 | MWPGSLR03I8001 | MWPGSLR03PZ001,https://images.mcmworldwide.com/i/mcmworldwide/MWPGSLR03BK001_01 | https://images.mcmworldwide.com/i/mcmworldwide/MWPGSLR03BK001_09 | https://images.mcmworldwide.com/i/mcmworldwide/MWPGSLR03BK001_02 | https://images.mcmworldwide.com/i/mcmworldwide/MWPGSLR03BK001_03 | https://images.mcmworldwide.com/i/mcmworldwide/MWPGSLR03BK001_04 | https://images.mcmworldwide.com/i/mcmworldwide/MWPGSLR03BK001_05 | https://images.mcmworldwide.com/i/mcmworldwide/MWPGSLR03BK001_06 | https://images.mcmworldwide.com/i/mcmworldwide/MWPGSLR03BK001_10,https://images.mcmworldwide.com/v/mcmworldwide/MWPGSLR03BK001_VID/webm_720p,https://kr.mcmworldwide.com/ko_KR/%EC%97%AC%EC%84%B1/%ED%95%B8%EB%93%9C%EB%B0%B1/%EC%87%BC%ED%8D%BC-%ED%86%A0%ED%8A%B8%EB%B0%B1/new-liz-%EB%B9%84%EC%84%B8%ED%86%A0%EC%8A%A4-%EC%87%BC%ED%8D%BC/MWPGSLR03BK001.html
MWPGSLR03CO001,New Liz 비세토스 쇼퍼,1050000,Cognac,ACTIVE,비세토스 모노그램 캔버스,천연 가죽,패브릭,로고 브라스 플레이트 | 24K 골드 도금 브라스 하드웨어,15 x 25 x 31,,26 cm,대한민국,바이에른 다이아몬드에서 영감을 받은 가죽 핸들 스트랩 | 후크 클라스프 클로저 | 탈착 가능한 비세토스 모노그램 지퍼 파우치 | D링 디테일 | 대비되는 톤으로 완성된 스티칭 | 바닥 보호를 위한 레더 패드,MWPGSLR03BK001 | MWPGSLR03I8001 | MWPGSLR03PZ001,https://images.mcmworldwide.com/i/mcmworldwide/MWPGSLR03CO001_01 | https://images.mcmworldwide.com/i/mcmworldwide/MWPGSLR03CO001_09 | https://images.mcmworldwide.com/i/mcmworldwide/MWPGSLR03CO001_02 | https://images.mcmworldwide.com/i/mcmworldwide/MWPGSLR03CO001_03 | https://images.mcmworldwide.com/i/mcmworldwide/MWPGSLR03CO001_04 | https://images.mcmworldwide.com/i/mcmworldwide/MWPGSLR03CO001_05 | https://images.mcmworldwide.com/i/mcmworldwide/MWPGSLR03CO001_06 | https://images.mcmworldwide.com/i/mcmworldwide/MWPGSLR03CO001_10,https://images.mcmworldwide.com/v/mcmworldwide/MWPGSLR03CO001_VID/webm_720p,https://kr.mcmworldwide.com/ko_KR/%EC%97%AC%EC%84%B1/%ED%95%B8%EB%93%9C%EB%B0%B1/%EC%87%BC%ED%8D%BC-%ED%86%A0%ED%8A%B8%EB%B0%B1/new-liz-%EB%B9%84%EC%84%B8%ED%86%A0%EC%8A%A4-%EC%87%BC%ED%8D%BC/MWPGSLR03CO001.html
MWPGSLR03I8001,New Liz 비세토스 쇼퍼,1050000,Beige,ACTIVE,비세토스 모노그램 캔버스,,패브릭,로고 브라스 플레이트 | 16K 골드 도금 메탈 하드웨어,15 x 25 x 31,,26cm,대한민국,바이에른 다이아몬드에서 영감을 얻은 레더 핸들 스트랩 | 후크 잠금 장지 | 탈착 가능한 매칭되는 모노그램 지퍼 파우치 | D링 참 장식 디테일 | 바닥 보호를 위한 레더 패드 | 레더 트림,MWPGSLR03BK001 | MWPGSLR03CO001 | MWPGSLR03PZ001,https://images.mcmworldwide.com/i/mcmworldwide/MWPGSLR03I8001_01 | https://images.mcmworldwide.com/i/mcmworldwide/MWPGSLR03I8001_09 | https://images.mcmworldwide.com/i/mcmworldwide/MWPGSLR03I8001_02 | https://images.mcmworldwide.com/i/mcmworldwide/MWPGSLR03I8001_03 | https://images.mcmworldwide.com/i/mcmworldwide/MWPGSLR03I8001_04 | https://images.mcmworldwide.com/i/mcmworldwide/MWPGSLR03I8001_05 | https://images.mcmworldwide.com/i/mcmworldwide/MWPGSLR03I8001_06 | https://images.mcmworldwide.com/i/mcmworldwide/MWPGSLR03I8001_10,https://images.mcmworldwide.com/v/mcmworldwide/MWPGSLR03I8001_VID/webm_720p,https://kr.mcmworldwide.com/ko_KR/%EC%97%AC%EC%84%B1/%ED%95%B8%EB%93%9C%EB%B0%B1/%EC%87%BC%ED%8D%BC-%ED%86%A0%ED%8A%B8%EB%B0%B1/new-liz-%EB%B9%84%EC%84%B8%ED%86%A0%EC%8A%A4-%EC%87%BC%ED%8D%BC/MWPGSLR03I8001.html
MWHGSTA04PZ001,Aren 비세토스 듀오 호보,1290000,Pink,ACTIVE,비세토스 모노그램 캔버스,천연 가죽,스웨이드 마감의 극세사,16K 골드 도금 메탈 하드웨어,6 x 26 x 22,95 cm - 119 cm,25 cm,대한민국,길이 조절이 가능한 가죽 스트랩 | 탈부착 가능한 체인 핸들 스트랩 | 엠보싱 처리된 라우렐 로고 모티프 | 지퍼 클로저 | 라지 비세토스 백: 내부 지퍼 수납공간 | 스몰 레더 백: 2개의 카드 슬롯,MWHFSTA03CO001 | MWHGSTA04BK001,https://images.mcmworldwide.com/i/mcmworldwide/MWHGSTA04PZ001_01 | https://images.mcmworldwide.com/i/mcmworldwide/MWHGSTA04PZ001_09 | https://images.mcmworldwide.com/i/mcmworldwide/MWHGSTA04PZ001_02 | https://images.mcmworldwide.com/i/mcmworldwide/MWHGSTA04PZ001_03 | https://images.mcmworldwide.com/i/mcmworldwide/MWHGSTA04PZ001_04 | https://images.mcmworldwide.com/i/mcmworldwide/MWHGSTA04PZ001_05 | https://images.mcmworldwide.com/i/mcmworldwide/MWHGSTA04PZ001_06 | https://images.mcmworldwide.com/i/mcmworldwide/MWHGSTA04PZ001_10 | https://images.mcmworldwide.com/i/mcmworldwide/MWHGSTA04PZ001_11 | https://images.mcmworldwide.com/i/mcmworldwide/MWHGSTA04PZ001_12,https://images.mcmworldwide.com/v/mcmworldwide/MWHGSTA04PZ001_VID/webm_720p,https://kr.mcmworldwide.com/ko_KR/%EA%B0%80%EB%B0%A9/%EB%AA%A8%EB%91%90%EB%B3%B4%EA%B8%B0/aren-%EB%B9%84%EC%84%B8%ED%86%A0%EC%8A%A4-%EB%93%80%EC%98%A4-%ED%98%B8%EB%B3%B4/MWHGSTA04PZ001.html
MWHFSTA03CO001,Aren 비세토스 듀오 호보,1290000,Cognac,ACTIVE,비세토스 모노그램 캔버스,천연 나파 가죽,스웨이드 마감 마이크로파이버,24K 도금 브라스 금속 장식,6 x 26 x 22,95cm~119cm,25cm,대한민국,탈부착 및 길이 조절 가능한 가죽 스트랩 및 체인 핸들 스트랩 | 지퍼 클로저. | 라지 백: 내부 포켓 및 지퍼 수납공간 | 스몰 백: 내부 카드 슬롯.,MWHGSTA04BK001 | MWHGSTA04PZ001,https://images.mcmworldwide.com/i/mcmworldwide/MWHFSTA03CO001_01 | https://images.mcmworldwide.com/i/mcmworldwide/MWHFSTA03CO001_09 | https://images.mcmworldwide.com/i/mcmworldwide/MWHFSTA03CO001_02 | https://images.mcmworldwide.com/i/mcmworldwide/MWHFSTA03CO001_03 | https://images.mcmworldwide.com/i/mcmworldwide/MWHFSTA03CO001_04 | https://images.mcmworldwide.com/i/mcmworldwide/MWHFSTA03CO001_05 | https://images.mcmworldwide.com/i/mcmworldwide/MWHFSTA03CO001_10,https://images.mcmworldwide.com/v/mcmworldwide/MWHFSTA03CO001_VID/webm_720p,https://kr.mcmworldwide.com/ko_KR/%EC%97%AC%EC%84%B1/%ED%95%B8%EB%93%9C%EB%B0%B1/%EC%88%84%EB%8D%94%EB%B0%B1-%ED%81%AC%EB%A1%9C%EC%8A%A4%EB%B0%B1/aren-%EB%B9%84%EC%84%B8%ED%86%A0%EC%8A%A4-%EB%93%80%EC%98%A4-%ED%98%B8%EB%B3%B4/MWHFSTA03CO001.html
MWSGSTA04BW001,Aren 양가죽 숄더백,2450000,Black,ACTIVE,양가죽,,,실버톤 코발트 브라스 하드웨어,17 x 33 x 30,,,대한민국,가죽 숄더 스트랩 | 대비되는 색조 | MCM 로고 모티프 | 지퍼 클로저,,https://images.mcmworldwide.com/i/mcmworldwide/MWSGSTA04BW001_01 | https://images.mcmworldwide.com/i/mcmworldwide/MWSGSTA04BW001_09 | https://images.mcmworldwide.com/i/mcmworldwide/MWSGSTA04BW001_02 | https://images.mcmworldwide.com/i/mcmworldwide/MWSGSTA04BW001_03 | https://images.mcmworldwide.com/i/mcmworldwide/MWSGSTA04BW001_04 | https://images.mcmworldwide.com/i/mcmworldwide/MWSGSTA04BW001_05 | https://images.mcmworldwide.com/i/mcmworldwide/MWSGSTA04BW001_10,,https://kr.mcmworldwide.com/ko_KR/%EA%B0%80%EB%B0%A9/%EB%AA%A8%EB%91%90%EB%B3%B4%EA%B8%B0/aren-%EC%96%91%EA%B0%80%EC%A3%BD-%EC%88%84%EB%8D%94%EB%B0%B1/MWSGSTA04BW001.html
MWSGSTA05BW001,Aren 양가죽 숄더백,2150000,Black,ACTIVE,양가죽,,,실버톤 코발트 브라스 하드웨어,17 x 33 x 30,,,대한민국,가죽 숄더 스트랩 | 대비되는 색조 | MCM 로고 모티프 | 지퍼 클로저,,https://images.mcmworldwide.com/i/mcmworldwide/MWSGSTA05BW001_01 | https://images.mcmworldwide.com/i/mcmworldwide/MWSGSTA05BW001_09 | https://images.mcmworldwide.com/i/mcmworldwide/MWSGSTA05BW001_02 | https://images.mcmworldwide.com/i/mcmworldwide/MWSGSTA05BW001_03 | https://images.mcmworldwide.com/i/mcmworldwide/MWSGSTA05BW001_04 | https://images.mcmworldwide.com/i/mcmworldwide/MWSGSTA05BW001_05 | https://images.mcmworldwide.com/i/mcmworldwide/MWSGSTA05BW001_10 | https://images.mcmworldwide.com/i/mcmworldwide/MWSGSTA05BW001_11 | https://images.mcmworldwide.com/i/mcmworldwide/MWSGSTA05BW001_12,,https://kr.mcmworldwide.com/ko_KR/%EA%B0%80%EB%B0%A9/%EB%AA%A8%EB%91%90%EB%B3%B4%EA%B8%B0/aren-%EC%96%91%EA%B0%80%EC%A3%BD-%EC%88%84%EB%8D%94%EB%B0%B1/MWSGSTA05BW001.html
MMMEATA02K8001,Aren 비세토스 메신저,1190000,Green,ACTIVE,비세토스 모노그램 캔버스,천연 나파 가죽,스웨이드 마감의 극세사,실버톤 코발트 메탈 하드웨어,5 x 18 x 14,83cm - 134cm,,대한민국,탈부착이 가능하며 길이 조절이 가능한 위빙 스트랩 | 뒷면 가죽 벨트 루프 | 마그네틱 탭 클로저 | 내부 지퍼 수납공간과 카드 슬롯,MMMEATA02BK001 | MMMEATA02CO001,https://images.mcmworldwide.com/i/mcmworldwide/MMMEATA02K8001_01 | https://images.mcmworldwide.com/i/mcmworldwide/MMMEATA02K8001_09 | https://images.mcmworldwide.com/i/mcmworldwide/MMMEATA02K8001_02 | https://images.mcmworldwide.com/i/mcmworldwide/MMMEATA02K8001_03 | https://images.mcmworldwide.com/i/mcmworldwide/MMMEATA02K8001_04,https://images.mcmworldwide.com/v/mcmworldwide/MMMEATA02K8001_VID/webm_720p,https://kr.mcmworldwide.com/ko_KR/%EA%B0%80%EB%B0%A9/%EB%AA%A8%EB%91%90%EB%B3%B4%EA%B8%B0/aren-%EB%B9%84%EC%84%B8%ED%86%A0%EC%8A%A4-%EB%A9%94%EC%8B%A0%EC%A0%80/MMMEATA02K8001.html
MMMEATA02BK001,Aren 비세토스 메신저 백,1190000,Black,ACTIVE,비세토스 모노그램 캔버스,천연 나파 가죽,스웨이드 마감 마이크로파이버,앤틱 실버톤 금속 장식,5 x 18 x 14,85cm~134cm,,대한민국,탈부착 및 길이 조절 가능한 패브릭 웨빙 스트랩 | 뒷면의 가죽 벨트 루프 | 자석 탭 클로저 | 내부 지퍼 수납공간 및 카드 슬롯,MMMEATA02CO001 | MMMEATA02K8001,https://images.mcmworldwide.com/i/mcmworldwide/MMMEATA02BK001_01 | https://images.mcmworldwide.com/i/mcmworldwide/MMMEATA02BK001_09 | https://images.mcmworldwide.com/i/mcmworldwide/MMMEATA02BK001_02 | https://images.mcmworldwide.com/i/mcmworldwide/MMMEATA02BK001_03 | https://images.mcmworldwide.com/i/mcmworldwide/MMMEATA02BK001_04 | https://images.mcmworldwide.com/i/mcmworldwide/MMMEATA02BK001_10 | https://images.mcmworldwide.com/i/mcmworldwide/MMMEATA02BK001_11 | https://images.mcmworldwide.com/i/mcmworldwide/MMMEATA02BK001_12,,https://kr.mcmworldwide.com/ko_KR/%EB%82%A8%EC%84%B1/%EA%B0%80%EB%B0%A9/%ED%81%AC%EB%A1%9C%EC%8A%A4%EB%B0%B1/aren-%EB%B9%84%EC%84%B8%ED%86%A0%EC%8A%A4-%EB%A9%94%EC%8B%A0%EC%A0%80-%EB%B0%B1/MMMEATA02BK001.html
MMMEATA02CO001,Aren 비세토스 메신저 백,1190000,Cognac,ACTIVE,비세토스 모노그램 캔버스,천연 나파 가죽,스웨이드 마감 마이크로파이버,24K 도금 브라스 금속 장식,5 x 18 x 14,85cm~134cm,,대한민국,탈부착 및 길이 조절 가능한 패브릭 웨빙 스트랩 | 벨트백 착용을 위한 뒷면의 가죽 벨트 고리 | 자석 탭 클로저 | 내부 지퍼 수납공간 및 카드 슬롯,MMMEATA02BK001 | MMMEATA02K8001,https://images.mcmworldwide.com/i/mcmworldwide/MMMEATA02CO001_01 | https://images.mcmworldwide.com/i/mcmworldwide/MMMEATA02CO001_09 | https://images.mcmworldwide.com/i/mcmworldwide/MMMEATA02CO001_02 | https://images.mcmworldwide.com/i/mcmworldwide/MMMEATA02CO001_03 | https://images.mcmworldwide.com/i/mcmworldwide/MMMEATA02CO001_04 | https://images.mcmworldwide.com/i/mcmworldwide/MMMEATA02CO001_10 | https://images.mcmworldwide.com/i/mcmworldwide/MMMEATA02CO001_11,https://images.mcmworldwide.com/v/mcmworldwide/MMMEATA02CO001_VID/webm_720p,https://kr.mcmworldwide.com/ko_KR/%EB%82%A8%EC%84%B1/%EA%B0%80%EB%B0%A9/%ED%81%AC%EB%A1%9C%EC%8A%A4%EB%B0%B1/aren-%EB%B9%84%EC%84%B8%ED%86%A0%EC%8A%A4-%EB%A9%94%EC%8B%A0%EC%A0%80-%EB%B0%B1/MMMEATA02CO001.html
MWPFAMT08K8001,Toni 비세토스 탑 지퍼 쇼퍼,970000,Green,ACTIVE,비세토스 모노그램 캔버스,천연 가죽,스웨이드 마감의 극세사,로고 브라스 플레이트 | 실버톤 코발트 메탈 하드웨어,10 x 19 x 19,102cm - 128cm,11cm,대한민국,탈부착이 가능하며 길이 조절이 가능한 가죽 크로스바디 스트랩 | D링 디테일이 더해진 가죽 탑 핸들 | 탑 지퍼 클로저 | 내부 포켓과 가죽 다이아몬드 패치,MWPAATN04BK001 | MWPAATN04CO001 | MWPAATN04I8001 | MWPFSMT06PZ001 | MWPGSMT024B001 | MWPGSMT02WT001,https://images.mcmworldwide.com/i/mcmworldwide/MWPFAMT08K8001_01 | https://images.mcmworldwide.com/i/mcmworldwide/MWPFAMT08K8001_09 | https://images.mcmworldwide.com/i/mcmworldwide/MWPFAMT08K8001_02 | https://images.mcmworldwide.com/i/mcmworldwide/MWPFAMT08K8001_03 | https://images.mcmworldwide.com/i/mcmworldwide/MWPFAMT08K8001_04 | https://images.mcmworldwide.com/i/mcmworldwide/MWPFAMT08K8001_10,https://images.mcmworldwide.com/v/mcmworldwide/MWPFAMT08K8001_VID/webm_720p,https://kr.mcmworldwide.com/ko_KR/%EA%B0%80%EB%B0%A9/%EB%AA%A8%EB%91%90%EB%B3%B4%EA%B8%B0/toni-%EB%B9%84%EC%84%B8%ED%86%A0%EC%8A%A4-%ED%83%91-%EC%A7%80%ED%8D%BC-%EC%87%BC%ED%8D%BC/MWPFAMT08K8001.html
MWBESEA06BK001,Ella 맥시 모노그램 레더 보스턴 백,1790000,Black,ACTIVE,천연 나파 가죽,,스웨이드 마감 마이크로파이버,24K 도금 브라스 금속 장식,17 x 32 x 20,93cm ~ 109cm,10cm,이탈리아,탈부착 및 조절 가능한 어깨 스트랩 | 가죽 손잡이 부분 | 엠보스드 맥시 모노그램 | 탈부착 가능한 가죽 행택과 로고 인그레이빙 금속 자물쇠 | 양방향 지퍼 클로저 | 내부 슬립 포켓 및 지퍼 포켓.,,https://images.mcmworldwide.com/i/mcmworldwide/MWBESEA06BK001_01 | https://images.mcmworldwide.com/i/mcmworldwide/MWBESEA06BK001_09 | https://images.mcmworldwide.com/i/mcmworldwide/MWBESEA06BK001_02 | https://images.mcmworldwide.com/i/mcmworldwide/MWBESEA06BK001_03 | https://images.mcmworldwide.com/i/mcmworldwide/MWBESEA06BK001_04 | https://images.mcmworldwide.com/i/mcmworldwide/MWBESEA06BK001_10,,https://kr.mcmworldwide.com/ko_KR/%EA%B0%80%EB%B0%A9/%EB%AA%A8%EB%91%90%EB%B3%B4%EA%B8%B0/ella-%EB%A7%A5%EC%8B%9C-%EB%AA%A8%EB%85%B8%EA%B7%B8%EB%9E%A8-%EB%A0%88%EB%8D%94-%EB%B3%B4%EC%8A%A4%ED%84%B4-%EB%B0%B1/MWBESEA06BK001.html
MWRFAXT01PZ001,Tracy 비세토스 크로스바디,1350000,Pink,ACTIVE,비세토스 모노그램 캔버스,천연 나파 가죽,스웨이드 마감의 극세사,18K 골드 도금 메탈 하드웨어,6 x 23 x 14,55 cm,3 cm,대한민국,탈부착이 가능하며 길이 조절이 가능한 가죽 스트랩 | 가죽 탑 핸들 | 뒷면의 외부 포켓 | 라우렐 잠금 장치 | 앞면 포켓 | 내부 지퍼 수납공간,MWRFSXT01BK001 | MWRFSXT01CO001,https://images.mcmworldwide.com/i/mcmworldwide/MWRFAXT01PZ001_01 | https://images.mcmworldwide.com/i/mcmworldwide/MWRFAXT01PZ001_09 | https://images.mcmworldwide.com/i/mcmworldwide/MWRFAXT01PZ001_02 | https://images.mcmworldwide.com/i/mcmworldwide/MWRFAXT01PZ001_03 | https://images.mcmworldwide.com/i/mcmworldwide/MWRFAXT01PZ001_04 | https://images.mcmworldwide.com/i/mcmworldwide/MWRFAXT01PZ001_10,https://images.mcmworldwide.com/v/mcmworldwide/MWRFAXT01PZ001_VID/webm_720p,https://kr.mcmworldwide.com/ko_KR/%EA%B0%80%EB%B0%A9/%EB%AA%A8%EB%91%90%EB%B3%B4%EA%B8%B0/tracy-%EB%B9%84%EC%84%B8%ED%86%A0%EC%8A%A4-%ED%81%AC%EB%A1%9C%EC%8A%A4%EB%B0%94%EB%94%94/MWRFAXT01PZ001.html
MWRFSXT01BK001,Tracy 비세토스 크로스바디,1490000,Black,ACTIVE,비세토스 모노그램 캔버스,천연 송아지 가죽,스웨이드 마감의 극세사,실버톤 코발트 메탈 하드웨어,6 x 23 x 14,55 cm,3 cm,대한민국,탈부착이 가능하며 길이 조절이 가능한 가죽 스트랩 | 가죽 탑 핸들 | 뒷면의 외부 포켓 | 라우렐 락 클로저 | 앞면 포켓 | 내부 지퍼 수납공간,MWRFAXT01PZ001 | MWRFSXT01CO001,https://images.mcmworldwide.com/i/mcmworldwide/MWRFSXT01BK001_01 | https://images.mcmworldwide.com/i/mcmworldwide/MWRFSXT01BK001_09 | https://images.mcmworldwide.com/i/mcmworldwide/MWRFSXT01BK001_02 | https://images.mcmworldwide.com/i/mcmworldwide/MWRFSXT01BK001_03 | https://images.mcmworldwide.com/i/mcmworldwide/MWRFSXT01BK001_04 | https://images.mcmworldwide.com/i/mcmworldwide/MWRFSXT01BK001_10,https://images.mcmworldwide.com/v/mcmworldwide/MWRFSXT01BK001_VID/webm_720p,https://kr.mcmworldwide.com/ko_KR/%EC%97%AC%EC%84%B1/%ED%95%B8%EB%93%9C%EB%B0%B1/%EC%88%84%EB%8D%94%EB%B0%B1-%ED%81%AC%EB%A1%9C%EC%8A%A4%EB%B0%B1/tracy-%EB%B9%84%EC%84%B8%ED%86%A0%EC%8A%A4-%ED%81%AC%EB%A1%9C%EC%8A%A4%EB%B0%94%EB%94%94/MWRFSXT01BK001.html
MWRFSXT01CO001,Tracy 비세토스 크로스바디,1490000,Cognac,ACTIVE,비세토스 모노그램 캔버스,천연 나파 가죽,스웨이드 마감 마이크로파이버,24K 금 도금 메탈 하드웨어,6 x 23 x 14,55cm,3cm,대한민국,탈부착 및 조절 가능한 가죽 스트랩 | 가죽 손잡이 부분 | 후면 외부 포켓. | 라우렐 잠금 장치 | 전면 포켓. | 내부 지퍼 수납공간,MWRFAXT01PZ001 | MWRFSXT01BK001,https://images.mcmworldwide.com/i/mcmworldwide/MWRFSXT01CO001_01 | https://images.mcmworldwide.com/i/mcmworldwide/MWRFSXT01CO001_09 | https://images.mcmworldwide.com/i/mcmworldwide/MWRFSXT01CO001_02 | https://images.mcmworldwide.com/i/mcmworldwide/MWRFSXT01CO001_03 | https://images.mcmworldwide.com/i/mcmworldwide/MWRFSXT01CO001_04 | https://images.mcmworldwide.com/i/mcmworldwide/MWRFSXT01CO001_05 | https://images.mcmworldwide.com/i/mcmworldwide/MWRFSXT01CO001_10,,https://kr.mcmworldwide.com/ko_KR/%EC%97%AC%EC%84%B1/%ED%95%B8%EB%93%9C%EB%B0%B1/%EC%88%84%EB%8D%94%EB%B0%B1-%ED%81%AC%EB%A1%9C%EC%8A%A4%EB%B0%B1/tracy-%EB%B9%84%EC%84%B8%ED%86%A0%EC%8A%A4-%ED%81%AC%EB%A1%9C%EC%8A%A4%EB%B0%94%EB%94%94/MWRFSXT01CO001.html
MMTGSTA01CO001,Aren 비세토스 N/S 토트,1390000,Cognac,ACTIVE,비세토스 모노그램 캔버스,천연 가죽,코튼 트윌,24K 골드 도금 브라스 하드웨어,10 x 36 x 38,76 cm - 132 cm,11 cm,대한민국,탈부착 가능하며 길이 조절이 가능한 로고 우븐 웨빙 스트랩 | 가죽 탑 핸들 | 탈착가능한 가죽 행 테그 | 지퍼 클로저 | 내부 슬립 포켓 및 지퍼 수납공간,MMTFATA01BK001,https://images.mcmworldwide.com/i/mcmworldwide/MMTGSTA01CO001_01 | https://images.mcmworldwide.com/i/mcmworldwide/MMTGSTA01CO001_09 | https://images.mcmworldwide.com/i/mcmworldwide/MMTGSTA01CO001_02 | https://images.mcmworldwide.com/i/mcmworldwide/MMTGSTA01CO001_03 | https://images.mcmworldwide.com/i/mcmworldwide/MMTGSTA01CO001_04 | https://images.mcmworldwide.com/i/mcmworldwide/MMTGSTA01CO001_05 | https://images.mcmworldwide.com/i/mcmworldwide/MMTGSTA01CO001_06 | https://images.mcmworldwide.com/i/mcmworldwide/MMTGSTA01CO001_10,,https://kr.mcmworldwide.com/ko_KR/%EA%B0%80%EB%B0%A9/%EB%AA%A8%EB%91%90%EB%B3%B4%EA%B8%B0/aren-%EB%B9%84%EC%84%B8%ED%86%A0%EC%8A%A4-n%2Fs-%ED%86%A0%ED%8A%B8/MMTGSTA01CO001.html
MMTFATA01BK001,Aren 비세토스 N/S 토트,1390000,Black,ACTIVE,비세토스 모노그램 캔버스,천연 가죽,코튼 트윌,다크 실버톤 코발트 메탈 하드웨어,10 x 36 x 38,76 cm - 132 cm,11 cm,대한민국,탈착이 가능하며 길이 조절이 가능한 패브칙 웨빙 스트랩 | 가죽 탑 핸들 | 탈착 가능한 가죽 행 테그 | 지퍼 클로저 | 2개의 내부 슬립 포켓과 1개의 지퍼 포켓 | 16인치 노트북과 태블릿 수납을 위한 내부 포켓,MMTGSTA01CO001,https://images.mcmworldwide.com/i/mcmworldwide/MMTFATA01BK001_01 | https://images.mcmworldwide.com/i/mcmworldwide/MMTFATA01BK001_09 | https://images.mcmworldwide.com/i/mcmworldwide/MMTFATA01BK001_02 | https://images.mcmworldwide.com/i/mcmworldwide/MMTFATA01BK001_03 | https://images.mcmworldwide.com/i/mcmworldwide/MMTFATA01BK001_04 | https://images.mcmworldwide.com/i/mcmworldwide/MMTFATA01BK001_10 | https://images.mcmworldwide.com/i/mcmworldwide/MMTFATA01BK001_11,https://images.mcmworldwide.com/v/mcmworldwide/MMTFATA01BK001_VID/webm_720p,https://kr.mcmworldwide.com/ko_KR/%EB%82%A8%EC%84%B1/%EA%B0%80%EB%B0%A9/%ED%86%A0%ED%8A%B8%EB%B0%B1/aren-%EB%B9%84%EC%84%B8%ED%86%A0%EC%8A%A4-n%2Fs-%ED%86%A0%ED%8A%B8/MMTFATA01BK001.html
MMRFAAK02CO001,다이아몬드 비세토스 카메라 백,1190000,Cognac,ACTIVE,비세토스 모노그램 캔버스,천연 가죽,코튼 트윌,24K 골드 도금 브라스 하드웨어,7 x 24 x 17,60 cm,,대한민국,탈부착이 가능하며 길이 조절이 가능한 위빙 스트랩 | 뒷면 지퍼 포켓 | 라우렐 로고 모티프 | 앞면 지퍼 포켓 | 메인 지퍼 수납공간과 내부 포켓으로 구성,MMRFAAK02BK001,https://images.mcmworldwide.com/i/mcmworldwide/MMRFAAK02CO001_01 | https://images.mcmworldwide.com/i/mcmworldwide/MMRFAAK02CO001_09 | https://images.mcmworldwide.com/i/mcmworldwide/MMRFAAK02CO001_02 | https://images.mcmworldwide.com/i/mcmworldwide/MMRFAAK02CO001_03 | https://images.mcmworldwide.com/i/mcmworldwide/MMRFAAK02CO001_04 | https://images.mcmworldwide.com/i/mcmworldwide/MMRFAAK02CO001_10,https://images.mcmworldwide.com/v/mcmworldwide/MMRFAAK02CO001_VID/webm_720p,https://kr.mcmworldwide.com/ko_KR/%EA%B0%80%EB%B0%A9/%EB%AA%A8%EB%91%90%EB%B3%B4%EA%B8%B0/%EB%8B%A4%EC%9D%B4%EC%95%84%EB%AA%AC%EB%93%9C-%EB%B9%84%EC%84%B8%ED%86%A0%EC%8A%A4-%EC%B9%B4%EB%A9%94%EB%9D%BC-%EB%B0%B1/MMRFAAK02CO001.html
MMRFAAK02BK001,다이아몬드 비세토스 카메라 백,1190000,Black,ACTIVE,비세토스 모노그램 캔버스,천연 가죽,코튼 트윌,다크 실버톤 코발트 메탈 하드웨어,7 x 24 x 17,60 cm,,대한민국,탈부착이 가능하며 길이 조절이 가능한 위빙 스트랩 | 뒷면 지퍼 포켓 | 라우렐 로고 모티프 | 앞면 지퍼 포켓 | 메인 지퍼 수납공간과 내부 포켓으로 구성,MMRFAAK02CO001,https://images.mcmworldwide.com/i/mcmworldwide/MMRFAAK02BK001_01 | https://images.mcmworldwide.com/i/mcmworldwide/MMRFAAK02BK001_09 | https://images.mcmworldwide.com/i/mcmworldwide/MMRFAAK02BK001_02 | https://images.mcmworldwide.com/i/mcmworldwide/MMRFAAK02BK001_03 | https://images.mcmworldwide.com/i/mcmworldwide/MMRFAAK02BK001_04 | https://images.mcmworldwide.com/i/mcmworldwide/MMRFAAK02BK001_10 | https://images.mcmworldwide.com/i/mcmworldwide/MMRFAAK02BK001_11,https://images.mcmworldwide.com/v/mcmworldwide/MMRFAAK02BK001_VID/webm_720p,https://kr.mcmworldwide.com/ko_KR/%EB%82%A8%EC%84%B1/%EA%B0%80%EB%B0%A9/%ED%81%AC%EB%A1%9C%EC%8A%A4%EB%B0%B1/%EB%8B%A4%EC%9D%B4%EC%95%84%EB%AA%AC%EB%93%9C-%EB%B9%84%EC%84%B8%ED%86%A0%EC%8A%A4-%EC%B9%B4%EB%A9%94%EB%9D%BC-%EB%B0%B1/MMRFAAK02BK001.html
MWBESEA02PZ001,Ella 비세토스 보스턴 백,1350000,Pink,ACTIVE,비세토스 모노그램 캔버스,천연 나파 가죽,스웨이드 마감 마이크로파이버,18K 금 도금 메탈 하드웨어,14 x 25 x 16,93cm ~ 109cm,10cm,대한민국,탈부착 및 조절 가능한 가죽 스트랩 | 가죽 손잡이 부분 | 탈부착 가능한 가죽 행택 및 금속 자물쇠 | 양방향 지퍼 클로저 | 내부 포켓,,https://images.mcmworldwide.com/i/mcmworldwide/MWBESEA02PZ001_01 | https://images.mcmworldwide.com/i/mcmworldwide/MWBESEA02PZ001_09 | https://images.mcmworldwide.com/i/mcmworldwide/MWBESEA02PZ001_02 | https://images.mcmworldwide.com/i/mcmworldwide/MWBESEA02PZ001_03 | https://images.mcmworldwide.com/i/mcmworldwide/MWBESEA02PZ001_04 | https://images.mcmworldwide.com/i/mcmworldwide/MWBESEA02PZ001_10,https://images.mcmworldwide.com/v/mcmworldwide/MWBESEA02PZ001_VID/webm_720p,https://kr.mcmworldwide.com/ko_KR/%EA%B0%80%EB%B0%A9/%EB%AA%A8%EB%91%90%EB%B3%B4%EA%B8%B0/ella-%EB%B9%84%EC%84%B8%ED%86%A0%EC%8A%A4-%EB%B3%B4%EC%8A%A4%ED%84%B4-%EB%B0%B1/MWBESEA02PZ001.html
MMKEAVE15WT001,Stark 사이드 스터드 비세토스 백팩,1650000,White,ACTIVE,비세토스 모노그램 캔버스,천연 나파 가죽,인조 나파,실버톤 코발트 금속 장식,13 x 26 x 33,74cm ~ 90cm,7cm,대한민국,조절 가능한 어깨 스트랩 | 가죽 손잡이 부분 | MCM 로고 플레이트. | 전면 지퍼 수납공간 | 외부 사이드 포켓과 스터드 장식 | 양방향 지퍼 클로저 | 내부 포켓 및 태블릿 슬리브,MMKEAVE15BK001 | MMKEAVE15CO001 | MMKEAVE15IG001 | MMKEAVE15PZ001 | MMKGSVE034B001,https://images.mcmworldwide.com/i/mcmworldwide/MMKEAVE15WT001_01 | https://images.mcmworldwide.com/i/mcmworldwide/MMKEAVE15WT001_09 | https://images.mcmworldwide.com/i/mcmworldwide/MMKEAVE15WT001_02 | https://images.mcmworldwide.com/i/mcmworldwide/MMKEAVE15WT001_03 | https://images.mcmworldwide.com/i/mcmworldwide/MMKEAVE15WT001_04 | https://images.mcmworldwide.com/i/mcmworldwide/MMKEAVE15WT001_10 | https://images.mcmworldwide.com/i/mcmworldwide/MMKEAVE15WT001_11,,https://kr.mcmworldwide.com/ko_KR/%EB%82%A8%EC%84%B1/%EA%B0%80%EB%B0%A9/%EB%B0%B1%ED%8C%A9/stark-%EC%82%AC%EC%9D%B4%EB%93%9C-%EC%8A%A4%ED%84%B0%EB%93%9C-%EB%B9%84%EC%84%B8%ED%86%A0%EC%8A%A4-%EB%B0%B1%ED%8C%A9/MMKEAVE15WT001.html
MMKEAVE17PZ001,Stark 비세토스 사이드 스터드 베베 부 백팩,1350000,Pink,ACTIVE,비세토스 모노그램 캔버스,천연 나파 가죽,인조 나파 가죽,로고 브라스 플레이트 | 18K 골드 도금 메탈 하드웨어,9 x 17 x 21,32.5 cm - 124 cm,6 cm,대한민국,탈부착 및 변형 가능한 어깨끈 | 가죽 탑 핸들 | 앞면 지퍼 포켓 | 스터드 장식 디테일이 더해진 외부 측면 포켓 | 지퍼 클로저 | 내부 카드 슬롯,,https://images.mcmworldwide.com/i/mcmworldwide/MMKEAVE17PZ001_01 | https://images.mcmworldwide.com/i/mcmworldwide/MMKEAVE17PZ001_09 | https://images.mcmworldwide.com/i/mcmworldwide/MMKEAVE17PZ001_02 | https://images.mcmworldwide.com/i/mcmworldwide/MMKEAVE17PZ001_03 | https://images.mcmworldwide.com/i/mcmworldwide/MMKEAVE17PZ001_04 | https://images.mcmworldwide.com/i/mcmworldwide/MMKEAVE17PZ001_10,https://images.mcmworldwide.com/v/mcmworldwide/MMKEAVE17PZ001_VID/webm_720p,https://kr.mcmworldwide.com/ko_KR/%EA%B0%80%EB%B0%A9/%EB%AA%A8%EB%91%90%EB%B3%B4%EA%B8%B0/stark-%EB%B9%84%EC%84%B8%ED%86%A0%EC%8A%A4-%EC%82%AC%EC%9D%B4%EB%93%9C-%EC%8A%A4%ED%84%B0%EB%93%9C--%EB%B2%A0%EB%B2%A0-%EB%B6%80--%EB%B0%B1%ED%8C%A9/MMKEAVE17PZ001.html
MMRGSAK02BK001,Diamant 비세토스 레더 믹스 3D 크로스바디,1250000,Black,ACTIVE,비세토스 모노그램 캔버스,천연 가죽,스웨이드 마감의 극세사,실버톤 코발트 메탈 하드웨어,10 x 30 x 19,76 cm - 123 cm,,대한민국,탈부착이 가능하며 길이 조절이 가능한 크로스바디 스트랩 | 뒷변 외부 지퍼 포켓 | 앞면의 MCM 로고 | 양방향 지퍼 클로저 | 내부 지퍼 수납공간,MMRGSAK02CO001,https://images.mcmworldwide.com/i/mcmworldwide/MMRGSAK02BK001_01 | https://images.mcmworldwide.com/i/mcmworldwide/MMRGSAK02BK001_09 | https://images.mcmworldwide.com/i/mcmworldwide/MMRGSAK02BK001_02 | https://images.mcmworldwide.com/i/mcmworldwide/MMRGSAK02BK001_03 | https://images.mcmworldwide.com/i/mcmworldwide/MMRGSAK02BK001_04 | https://images.mcmworldwide.com/i/mcmworldwide/MMRGSAK02BK001_05 | https://images.mcmworldwide.com/i/mcmworldwide/MMRGSAK02BK001_10 | https://images.mcmworldwide.com/i/mcmworldwide/MMRGSAK02BK001_11 | https://images.mcmworldwide.com/i/mcmworldwide/MMRGSAK02BK001_12,https://images.mcmworldwide.com/v/mcmworldwide/MMRGSAK02BK001_VID/webm_720p,https://kr.mcmworldwide.com/ko_KR/%EA%B0%80%EB%B0%A9/%EB%AA%A8%EB%91%90%EB%B3%B4%EA%B8%B0/diamant-%EB%B9%84%EC%84%B8%ED%86%A0%EC%8A%A4-%EB%A0%88%EB%8D%94-%EB%AF%B9%EC%8A%A4-3d-%ED%81%AC%EB%A1%9C%EC%8A%A4%EB%B0%94%EB%94%94/MMRGSAK02BK001.html
MMRGSAK02CO001,Diamant 비세토스 레더 믹스 3D 크로스바디,1250000,Cognac,ACTIVE,비세토스 모노그램 캔버스,천연 가죽,스웨이드 마감의 극세사,24K 골드 도금 브라스 하드웨어,10 x 30 x 19,76 cm - 123 cm,,대한민국,탈부착이 가능하며 길이 조절이 가능한 크로스바디 스트랩 | 뒷변 외부 지퍼 포켓 | 앞면의 MCM 로고 | 양방향 지퍼 클로저 | 내부 지퍼 수납공간,MMRGSAK02BK001,https://images.mcmworldwide.com/i/mcmworldwide/MMRGSAK02CO001_01 | https://images.mcmworldwide.com/i/mcmworldwide/MMRGSAK02CO001_09 | https://images.mcmworldwide.com/i/mcmworldwide/MMRGSAK02CO001_02 | https://images.mcmworldwide.com/i/mcmworldwide/MMRGSAK02CO001_03 | https://images.mcmworldwide.com/i/mcmworldwide/MMRGSAK02CO001_04 | https://images.mcmworldwide.com/i/mcmworldwide/MMRGSAK02CO001_05 | https://images.mcmworldwide.com/i/mcmworldwide/MMRGSAK02CO001_10 | https://images.mcmworldwide.com/i/mcmworldwide/MMRGSAK02CO001_11,https://images.mcmworldwide.com/v/mcmworldwide/MMRGSAK02CO001_VID/webm_720p,https://kr.mcmworldwide.com/ko_KR/%EB%82%A8%EC%84%B1/%EA%B0%80%EB%B0%A9/%ED%81%AC%EB%A1%9C%EC%8A%A4%EB%B0%B1/diamant-%EB%B9%84%EC%84%B8%ED%86%A0%EC%8A%A4-%EB%A0%88%EB%8D%94-%EB%AF%B9%EC%8A%A4-3d-%ED%81%AC%EB%A1%9C%EC%8A%A4%EB%B0%94%EB%94%94/MMRGSAK02CO001.html
MMRGSAK01BK001,Diamant 비세토스 레더 믹스 3D 크로스바디,1390000,Black,ACTIVE,비세토스 모노그램 캔버스,천연 가죽,스웨이드 마감의 극세사,실버톤 코발트 브라스 하드웨어,13 x 37 x 24,76 cm - 123 cm,,대한민국,탈부착이 가능하며 길이 조절이 가능한 크로스바디 스트랩 | 뒷변 외부 지퍼 포켓 | 앞면의 MCM 로고 | 양방향 지퍼 클로저 | 내부 지퍼 수납공간,MMRGSAK01CO001,https://images.mcmworldwide.com/i/mcmworldwide/MMRGSAK01BK001_01 | https://images.mcmworldwide.com/i/mcmworldwide/MMRGSAK01BK001_09 | https://images.mcmworldwide.com/i/mcmworldwide/MMRGSAK01BK001_02 | https://images.mcmworldwide.com/i/mcmworldwide/MMRGSAK01BK001_03 | https://images.mcmworldwide.com/i/mcmworldwide/MMRGSAK01BK001_04 | https://images.mcmworldwide.com/i/mcmworldwide/MMRGSAK01BK001_05 | https://images.mcmworldwide.com/i/mcmworldwide/MMRGSAK01BK001_10 | https://images.mcmworldwide.com/i/mcmworldwide/MMRGSAK01BK001_11 | https://images.mcmworldwide.com/i/mcmworldwide/MMRGSAK01BK001_12,,https://kr.mcmworldwide.com/ko_KR/%EA%B0%80%EB%B0%A9/%EB%AA%A8%EB%91%90%EB%B3%B4%EA%B8%B0/diamant-%EB%B9%84%EC%84%B8%ED%86%A0%EC%8A%A4-%EB%A0%88%EB%8D%94-%EB%AF%B9%EC%8A%A4-3d-%ED%81%AC%EB%A1%9C%EC%8A%A4%EB%B0%94%EB%94%94/MMRGSAK01BK001.html
MMRGSAK01CO001,Diamant 비세토스 레더 믹스 3D 크로스바디,1390000,Cognac,ACTIVE,비세토스 모노그램 캔버스,천연 가죽,스웨이드 마감의 극세사,24K 골드 도금 브라스 하드웨어,13 x 37 x 24,76 cm - 123 cm,,대한민국,탈부착이 가능하며 길이 조절이 가능한 크로스바디 스트랩 | 뒷변 외부 지퍼 포켓 | 앞면의 MCM 로고 | 양방향 지퍼 클로저 | 내부 지퍼 수납공간,MMRGSAK01BK001,https://images.mcmworldwide.com/i/mcmworldwide/MMRGSAK01CO001_01 | https://images.mcmworldwide.com/i/mcmworldwide/MMRGSAK01CO001_09 | https://images.mcmworldwide.com/i/mcmworldwide/MMRGSAK01CO001_02 | https://images.mcmworldwide.com/i/mcmworldwide/MMRGSAK01CO001_03 | https://images.mcmworldwide.com/i/mcmworldwide/MMRGSAK01CO001_04 | https://images.mcmworldwide.com/i/mcmworldwide/MMRGSAK01CO001_05 | https://images.mcmworldwide.com/i/mcmworldwide/MMRGSAK01CO001_10 | https://images.mcmworldwide.com/i/mcmworldwide/MMRGSAK01CO001_11 | https://images.mcmworldwide.com/i/mcmworldwide/MMRGSAK01CO001_12,,https://kr.mcmworldwide.com/ko_KR/%EB%82%A8%EC%84%B1/%EA%B0%80%EB%B0%A9/%ED%81%AC%EB%A1%9C%EC%8A%A4%EB%B0%B1/diamant-%EB%B9%84%EC%84%B8%ED%86%A0%EC%8A%A4-%EB%A0%88%EB%8D%94-%EB%AF%B9%EC%8A%A4-3d-%ED%81%AC%EB%A1%9C%EC%8A%A4%EB%B0%94%EB%94%94/MMRGSAK01CO001.html
MWTGSTA04BK001,Aren 패브릭 토트,1350000,Black,ACTIVE,이탈리아산 코튼-리넨 혼방 원단,가죽,코튼,실버톤 코발트 메탈 하드웨어,14 x 39 x 29,88cm - 109.5cm,11.5cm,대한민국,탈부착 및 길이 조절이 가능한 스트랩 | 가죽 탑 핸들 | 탈착 가능한 로고가 새겨진 바바리안 다이아몬드 레더 참 | 앞면의 라우렐 로고 모티프 | 내부 지퍼 포켓 및 슬립 포켓 | 바닥 보호를 위한 레더 패드,,https://images.mcmworldwide.com/i/mcmworldwide/MWTGSTA04BK001_01 | https://images.mcmworldwide.com/i/mcmworldwide/MWTGSTA04BK001_02 | https://images.mcmworldwide.com/i/mcmworldwide/MWTGSTA04BK001_03 | https://images.mcmworldwide.com/i/mcmworldwide/MWTGSTA04BK001_04 | https://images.mcmworldwide.com/i/mcmworldwide/MWTGSTA04BK001_05,,https://kr.mcmworldwide.com/ko_KR/%EA%B0%80%EB%B0%A9/%EB%AA%A8%EB%91%90%EB%B3%B4%EA%B8%B0/aren-%ED%8C%A8%EB%B8%8C%EB%A6%AD-%ED%86%A0%ED%8A%B8/MWTGSTA04BK001.html
MMTGSTA02CO001,Aren 비세토스 패커블 토트,930000,Cognac,ACTIVE,이탈리안 나일론,천연 가죽,나일론,로고 브라스 플레이트 | 무광 블랙 메탈 하드웨어,15 x 39 x 33,,29 cm,대한민국,탑 핸들 스트랩 | 지퍼 파우치로 변형 가능한 패커블 디자인 | 비세토스 모노그램 전면 프린트 | 앞면 지퍼 포켓 | 스냅 클로저,,https://images.mcmworldwide.com/i/mcmworldwide/MMTGSTA02CO001_01 | https://images.mcmworldwide.com/i/mcmworldwide/MMTGSTA02CO001_09 | https://images.mcmworldwide.com/i/mcmworldwide/MMTGSTA02CO001_02 | https://images.mcmworldwide.com/i/mcmworldwide/MMTGSTA02CO001_03 | https://images.mcmworldwide.com/i/mcmworldwide/MMTGSTA02CO001_04 | https://images.mcmworldwide.com/i/mcmworldwide/MMTGSTA02CO001_05 | https://images.mcmworldwide.com/i/mcmworldwide/MMTGSTA02CO001_06 | https://images.mcmworldwide.com/i/mcmworldwide/MMTGSTA02CO001_10 | https://images.mcmworldwide.com/i/mcmworldwide/MMTGSTA02CO001_11 | https://images.mcmworldwide.com/i/mcmworldwide/MMTGSTA02CO001_12,https://images.mcmworldwide.com/v/mcmworldwide/MMTGSTA02CO001_VID/webm_720p,https://kr.mcmworldwide.com/ko_KR/%EA%B0%80%EB%B0%A9/%EB%AA%A8%EB%91%90%EB%B3%B4%EA%B8%B0/aren-%EB%B9%84%EC%84%B8%ED%86%A0%EC%8A%A4-%ED%8C%A8%EC%BB%A4%EB%B8%94-%ED%86%A0%ED%8A%B8/MMTGSTA02CO001.html
MMZGSFI01BK001,Fursten 모노그램 나일론 벨트백,650000,Black,ACTIVE,이탈리안 나일론,천연 가죽,나일론,로고 브라스 플레이트 | 무광 블랙 메탈 하드웨어,7 x 40 x 19,65 cm to 106 cm,,대한민국,길이 조절이 가능한 금속 버클 패브릭 웨빙 스트랩 | 비세토스 모노그램 전면 프린트 | 뒷변 외부 지퍼 포켓 | 앞면 지퍼 포켓 | 양방향 지퍼 클로저 | 내부 포켓,,https://images.mcmworldwide.com/i/mcmworldwide/MMZGSFI01BK001_01 | https://images.mcmworldwide.com/i/mcmworldwide/MMZGSFI01BK001_09 | https://images.mcmworldwide.com/i/mcmworldwide/MMZGSFI01BK001_03 | https://images.mcmworldwide.com/i/mcmworldwide/MMZGSFI01BK001_04 | https://images.mcmworldwide.com/i/mcmworldwide/MMZGSFI01BK001_05 | https://images.mcmworldwide.com/i/mcmworldwide/MMZGSFI01BK001_10 | https://images.mcmworldwide.com/i/mcmworldwide/MMZGSFI01BK001_11 | https://images.mcmworldwide.com/i/mcmworldwide/MMZGSFI01BK001_12,,https://kr.mcmworldwide.com/ko_KR/%EA%B0%80%EB%B0%A9/%EB%AA%A8%EB%91%90%EB%B3%B4%EA%B8%B0/fursten-%EB%AA%A8%EB%85%B8%EA%B7%B8%EB%9E%A8-%EB%82%98%EC%9D%BC%EB%A1%A0-%EB%B2%A8%ED%8A%B8%EB%B0%B1/MMZGSFI01BK001.html
MWPFSLR03PZ001,비세토스 소재의 리즈 쇼퍼.,1090000,Pink,ACTIVE,비세토스 모노그램 캔버스,천연 나파 가죽,,18K 금 도금 메탈 하드웨어,17 x 36 x 28,,24cm,대한민국,가죽 손잡이 부분 | MCM 로고 플레이트. | 옆면의 조절 가능한 가죽 드로우스트링 잠금 장치 | 탈부착 가능한 비세토스 파우치와 스트랩 | 보호용 가죽 바닥. | 패브릭 안감.,MWPFSLR03K8001,https://images.mcmworldwide.com/i/mcmworldwide/MWPFSLR03PZ001_01 | https://images.mcmworldwide.com/i/mcmworldwide/MWPFSLR03PZ001_09 | https://images.mcmworldwide.com/i/mcmworldwide/MWPFSLR03PZ001_02 | https://images.mcmworldwide.com/i/mcmworldwide/MWPFSLR03PZ001_03 | https://images.mcmworldwide.com/i/mcmworldwide/MWPFSLR03PZ001_04 | https://images.mcmworldwide.com/i/mcmworldwide/MWPFSLR03PZ001_10,https://images.mcmworldwide.com/v/mcmworldwide/MWPFSLR03PZ001_VID/webm_720p,https://kr.mcmworldwide.com/ko_KR/%EA%B0%80%EB%B0%A9/%EB%AA%A8%EB%91%90%EB%B3%B4%EA%B8%B0/%EB%B9%84%EC%84%B8%ED%86%A0%EC%8A%A4-%EC%86%8C%EC%9E%AC%EC%9D%98-%EB%A6%AC%EC%A6%88-%EC%87%BC%ED%8D%BC./MWPFSLR03PZ001.html
MWPFSLR07PZ001,비세토스 소재의 리즈 쇼퍼.,1050000,Pink,ACTIVE,비세토스 모노그램 캔버스,천연 나파 가죽,,18K 금 도금 메탈 하드웨어,14 x 29 x 25,,24cm,대한민국,가죽 손잡이 부분 | MCM 로고 플레이트. | 옆면의 조절 가능한 가죽 드로우스트링 잠금 장치 | 탈부착 가능한 비세토스 파우치와 스트랩 | 보호용 가죽 바닥. | 패브릭 안감.,,https://images.mcmworldwide.com/i/mcmworldwide/MWPFSLR07PZ001_01 | https://images.mcmworldwide.com/i/mcmworldwide/MWPFSLR07PZ001_09 | https://images.mcmworldwide.com/i/mcmworldwide/MWPFSLR07PZ001_02 | https://images.mcmworldwide.com/i/mcmworldwide/MWPFSLR07PZ001_03 | https://images.mcmworldwide.com/i/mcmworldwide/MWPFSLR07PZ001_04 | https://images.mcmworldwide.com/i/mcmworldwide/MWPFSLR07PZ001_10,https://images.mcmworldwide.com/v/mcmworldwide/MWPFSLR07PZ001_VID/webm_720p,https://kr.mcmworldwide.com/ko_KR/%EA%B0%80%EB%B0%A9/%EB%AA%A8%EB%91%90%EB%B3%B4%EA%B8%B0/%EB%B9%84%EC%84%B8%ED%86%A0%EC%8A%A4-%EC%86%8C%EC%9E%AC%EC%9D%98-%EB%A6%AC%EC%A6%88-%EC%87%BC%ED%8D%BC./MWPFSLR07PZ001.html
MWBESEA01PZ001,Ella 비세토스 보스턴 백,1090000,Pink,ACTIVE,비세토스 모노그램 캔버스,천연 나파 가죽,스웨이드 마감 마이크로파이버,18K 금 도금 메탈 하드웨어,9 x 18 x 10,97cm ~ 113cm,8cm,대한민국,탈부착 및 조절 가능한 가죽 스트랩 | 가죽 손잡이 부분 | 탈부착 가능한 가죽 행택 및 금속 자물쇠 | 양방향 지퍼 클로저 | 내부 포켓 및 카드 슬롯,MWBESEA01BK001 | MWBESEA01CO001,https://images.mcmworldwide.com/i/mcmworldwide/MWBESEA01PZ001_01 | https://images.mcmworldwide.com/i/mcmworldwide/MWBESEA01PZ001_09 | https://images.mcmworldwide.com/i/mcmworldwide/MWBESEA01PZ001_02 | https://images.mcmworldwide.com/i/mcmworldwide/MWBESEA01PZ001_03 | https://images.mcmworldwide.com/i/mcmworldwide/MWBESEA01PZ001_04 | https://images.mcmworldwide.com/i/mcmworldwide/MWBESEA01PZ001_10,https://images.mcmworldwide.com/v/mcmworldwide/MWBESEA01PZ001_VID/webm_720p,https://kr.mcmworldwide.com/ko_KR/%EA%B0%80%EB%B0%A9/%EB%AA%A8%EB%91%90%EB%B3%B4%EA%B8%B0/ella-%EB%B9%84%EC%84%B8%ED%86%A0%EC%8A%A4-%EB%B3%B4%EC%8A%A4%ED%84%B4-%EB%B0%B1/MWBESEA01PZ001.html
MWBESEA01BK001,Ella 비세토스 보스턴 백,1090000,Black,ACTIVE,비세토스 모노그램 캔버스,나파 가죽,스웨이드 마감 마이크로파이버,24K 도금 브라스 금속 장식,9 x 18 x 10,97cm ~ 113cm,8cm,대한민국,탈부착 및 조절 가능한 가죽 스트랩 | 가죽 손잡이 부분 | 탈부착 가능한 가죽 행택 및 금속 자물쇠 | 양방향 지퍼 클로저 | 내부 포켓 및 카드 슬롯,MWBESEA01CO001 | MWBESEA01PZ001,https://images.mcmworldwide.com/i/mcmworldwide/MWBESEA01BK001_01 | https://images.mcmworldwide.com/i/mcmworldwide/MWBESEA01BK001_09 | https://images.mcmworldwide.com/i/mcmworldwide/MWBESEA01BK001_02 | https://images.mcmworldwide.com/i/mcmworldwide/MWBESEA01BK001_03 | https://images.mcmworldwide.com/i/mcmworldwide/MWBESEA01BK001_04 | https://images.mcmworldwide.com/i/mcmworldwide/MWBESEA01BK001_10,https://images.mcmworldwide.com/v/mcmworldwide/MWBESEA01BK001_VID/webm_720p,https://kr.mcmworldwide.com/ko_KR/%EC%97%AC%EC%84%B1/%ED%95%B8%EB%93%9C%EB%B0%B1/%ED%83%91-%ED%95%B8%EB%93%A4%EB%B0%B1/ella-%EB%B9%84%EC%84%B8%ED%86%A0%EC%8A%A4-%EB%B3%B4%EC%8A%A4%ED%84%B4-%EB%B0%B1/MWBESEA01BK001.html
MWBESEA01CO001,Ella 비세토스 보스턴 백,1090000,Cognac,ACTIVE,비세토스 모노그램 캔버스,나파 가죽,스웨이드 마감 마이크로파이버,24K 도금 브라스 금속 장식,9 x 18 x 10,97cm ~ 113cm,8cm,대한민국,탈부착 및 조절 가능한 가죽 스트랩 | 가죽 손잡이 부분 | 탈부착 가능한 가죽 행택 및 금속 자물쇠 | 양방향 지퍼 클로저 | 내부 포켓 및 카드 슬롯,MWBESEA01BK001 | MWBESEA01PZ001,https://images.mcmworldwide.com/i/mcmworldwide/MWBESEA01CO001_01 | https://images.mcmworldwide.com/i/mcmworldwide/MWBESEA01CO001_09 | https://images.mcmworldwide.com/i/mcmworldwide/MWBESEA01CO001_02 | https://images.mcmworldwide.com/i/mcmworldwide/MWBESEA01CO001_03 | https://images.mcmworldwide.com/i/mcmworldwide/MWBESEA01CO001_04 | https://images.mcmworldwide.com/i/mcmworldwide/MWBESEA01CO001_10 | https://images.mcmworldwide.com/i/mcmworldwide/MWBESEA01CO001_11,,https://kr.mcmworldwide.com/ko_KR/%EC%97%AC%EC%84%B1/%ED%95%B8%EB%93%9C%EB%B0%B1/%ED%83%91-%ED%95%B8%EB%93%A4%EB%B0%B1/ella-%EB%B9%84%EC%84%B8%ED%86%A0%EC%8A%A4-%EB%B3%B4%EC%8A%A4%ED%84%B4-%EB%B0%B1/MWBESEA01CO001.html
MWHESTA01PZ001,Aren 비세토스 호보,1290000,Pink,ACTIVE,비세토스 모노그램 캔버스,천연 나파 가죽,스웨이드 마감 마이크로파이버,18K 금 도금 메탈 금속 장식,10 x 26 x 19,125cm ~ 133cm,,대한민국,조절 가능한 가죽 어깨 스트랩과 익스텐션 | 탈부착 가능한 가죽 행택과 로고 인그레이빙 금속 자물쇠 | 지퍼 클로저 | 내부 포켓,MWHESTA01BK001 | MWHESTA01CO001,https://images.mcmworldwide.com/i/mcmworldwide/MWHESTA01PZ001_01 | https://images.mcmworldwide.com/i/mcmworldwide/MWHESTA01PZ001_09 | https://images.mcmworldwide.com/i/mcmworldwide/MWHESTA01PZ001_02 | https://images.mcmworldwide.com/i/mcmworldwide/MWHESTA01PZ001_03 | https://images.mcmworldwide.com/i/mcmworldwide/MWHESTA01PZ001_04 | https://images.mcmworldwide.com/i/mcmworldwide/MWHESTA01PZ001_10,,https://kr.mcmworldwide.com/ko_KR/%EA%B0%80%EB%B0%A9/%EB%AA%A8%EB%91%90%EB%B3%B4%EA%B8%B0/aren-%EB%B9%84%EC%84%B8%ED%86%A0%EC%8A%A4-%ED%98%B8%EB%B3%B4/MWHESTA01PZ001.html
MWHESTA01BK001,Aren 비세토스 호보,1290000,Black,ACTIVE,비세토스 모노그램 캔버스,나파 가죽,스웨이드 마감 마이크로파이버,24K 도금 브라스 금속 장식,10 x 26 x 19,125cm ~ 133cm,,대한민국,조절 가능한 가죽 어깨 스트랩 | 탈부착 가능한 가죽 행택과 로고 인그레이빙 금속 자물쇠 | 지퍼 클로저 | 내부 슬립 포켓 | 내부의 로고 엠보스드 다이아몬드 가죽 패치,MWHESTA01CO001 | MWHESTA01PZ001,https://images.mcmworldwide.com/i/mcmworldwide/MWHESTA01BK001_01 | https://images.mcmworldwide.com/i/mcmworldwide/MWHESTA01BK001_09 | https://images.mcmworldwide.com/i/mcmworldwide/MWHESTA01BK001_02 | https://images.mcmworldwide.com/i/mcmworldwide/MWHESTA01BK001_03 | https://images.mcmworldwide.com/i/mcmworldwide/MWHESTA01BK001_04 | https://images.mcmworldwide.com/i/mcmworldwide/MWHESTA01BK001_10 | https://images.mcmworldwide.com/i/mcmworldwide/MWHESTA01BK001_11,https://images.mcmworldwide.com/v/mcmworldwide/MWHESTA01BK001_VID/webm_720p,https://kr.mcmworldwide.com/ko_KR/%EC%97%AC%EC%84%B1/%ED%95%B8%EB%93%9C%EB%B0%B1/%EC%88%84%EB%8D%94%EB%B0%B1-%ED%81%AC%EB%A1%9C%EC%8A%A4%EB%B0%B1/aren-%EB%B9%84%EC%84%B8%ED%86%A0%EC%8A%A4-%ED%98%B8%EB%B3%B4/MWHESTA01BK001.html
MWHESTA01CO001,Aren 비세토스 호보,1290000,Cognac,ACTIVE,비세토스 모노그램 캔버스,나파 가죽,스웨이드 마감 마이크로파이버,24K 도금 브라스 금속 장식,10 x 26 x 19,125cm ~ 133cm,,대한민국,조절 가능한 가죽 어깨 스트랩 | 탈부착 가능한 가죽 행택과 로고 인그레이빙 금속 자물쇠 | 지퍼 클로저 | 내부 슬립 포켓 | 내부의 로고 엠보스드 다이아몬드 가죽 패치,MWHESTA01BK001 | MWHESTA01PZ001,https://images.mcmworldwide.com/i/mcmworldwide/MWHESTA01CO001_01 | https://images.mcmworldwide.com/i/mcmworldwide/MWHESTA01CO001_09 | https://images.mcmworldwide.com/i/mcmworldwide/MWHESTA01CO001_02 | https://images.mcmworldwide.com/i/mcmworldwide/MWHESTA01CO001_03 | https://images.mcmworldwide.com/i/mcmworldwide/MWHESTA01CO001_04 | https://images.mcmworldwide.com/i/mcmworldwide/MWHESTA01CO001_10 | https://images.mcmworldwide.com/i/mcmworldwide/MWHESTA01CO001_11,https://images.mcmworldwide.com/v/mcmworldwide/MWHESTA01CO001_VID/webm_720p,https://kr.mcmworldwide.com/ko_KR/%EC%97%AC%EC%84%B1/%ED%95%B8%EB%93%9C%EB%B0%B1/%EC%88%84%EB%8D%94%EB%B0%B1-%ED%81%AC%EB%A1%9C%EC%8A%A4%EB%B0%B1/aren-%EB%B9%84%EC%84%B8%ED%86%A0%EC%8A%A4-%ED%98%B8%EB%B3%B4/MWHESTA01CO001.html
MWPDSLR02BK001,Liz 리버서블 비세토스 쇼퍼,1050000,Black,ACTIVE,보호용 가죽 바닥.,,큐빅 모노그램 코튼 캔버스,실버 톤 코발트 메탈 하드웨어.,14 x 29 x 25,,24cm,대한민국,가죽 손잡이 부분 | 리버서블 디자인 | 탈부착 가능한 비세토스 지퍼 파우치와 가죽 어깨 스트랩. 크기: 20cm x 14cm | 전면의 MCM 로고 플레이트 | 비세토스 모노그램 캔버스. | 나파 가죽 트리밍.,MWPDSLR04CO001,https://images.mcmworldwide.com/i/mcmworldwide/MWPDSLR02BK001_01 | https://images.mcmworldwide.com/i/mcmworldwide/MWPDSLR02BK001_09 | https://images.mcmworldwide.com/i/mcmworldwide/MWPDSLR02BK001_02 | https://images.mcmworldwide.com/i/mcmworldwide/MWPDSLR02BK001_03 | https://images.mcmworldwide.com/i/mcmworldwide/MWPDSLR02BK001_04 | https://images.mcmworldwide.com/i/mcmworldwide/MWPDSLR02BK001_06 | https://images.mcmworldwide.com/i/mcmworldwide/MWPDSLR02BK001_10,https://images.mcmworldwide.com/v/mcmworldwide/MWPDSLR02BK001_VID/webm_720p,https://kr.mcmworldwide.com/ko_KR/%EA%B0%80%EB%B0%A9/%EB%AA%A8%EB%91%90%EB%B3%B4%EA%B8%B0/liz-%EB%A6%AC%EB%B2%84%EC%84%9C%EB%B8%94-%EB%B9%84%EC%84%B8%ED%86%A0%EC%8A%A4-%EC%87%BC%ED%8D%BC/MWPDSLR02BK001.html
MWPDSLR04CO001,Liz 리버서블 비세토스 쇼퍼,1050000,Cognac,ACTIVE,보호용 가죽 바닥.,,큐빅 모노그램 코튼 캔버스,24K 금 도금 메탈 하드웨어,14 x 29 x 25,,24cm,대한민국,가죽 손잡이 부분 | 리버서블 디자인 | 탈부착 가능한 비세토스 지퍼 파우치와 가죽 어깨 스트랩 | 전면의 MCM 로고 플레이트 | 비세토스 모노그램 캔버스 | 나파 가죽 트리밍.,MWPDSLR02BK001,https://images.mcmworldwide.com/i/mcmworldwide/MWPDSLR04CO001_01 | https://images.mcmworldwide.com/i/mcmworldwide/MWPDSLR04CO001_09 | https://images.mcmworldwide.com/i/mcmworldwide/MWPDSLR04CO001_02 | https://images.mcmworldwide.com/i/mcmworldwide/MWPDSLR04CO001_03 | https://images.mcmworldwide.com/i/mcmworldwide/MWPDSLR04CO001_04 | https://images.mcmworldwide.com/i/mcmworldwide/MWPDSLR04CO001_05 | https://images.mcmworldwide.com/i/mcmworldwide/MWPDSLR04CO001_06 | https://images.mcmworldwide.com/i/mcmworldwide/MWPDSLR04CO001_10,https://images.mcmworldwide.com/v/mcmworldwide/MWPDSLR04CO001_VID/webm_720p,https://kr.mcmworldwide.com/ko_KR/%EC%97%AC%EC%84%B1/%ED%95%B8%EB%93%9C%EB%B0%B1/%EC%87%BC%ED%8D%BC-%ED%86%A0%ED%8A%B8%EB%B0%B1/liz-%EB%A6%AC%EB%B2%84%EC%84%9C%EB%B8%94-%EB%B9%84%EC%84%B8%ED%86%A0%EC%8A%A4-%EC%87%BC%ED%8D%BC/MWPDSLR04CO001.html
MWRAAVI01CO001,비세토스 오리지널 락스타 베니티 케이스,890000,Cognac,ACTIVE,비세토스 모노그램 캔버스,천연 나파 가죽,스웨이드 마감 마이크로파이버,24K 금 도금 하드웨어 | 24K 도금 메탈 금속 장식,10 x 20 x 11,105cm~121cm,,대한민국,나파 가죽 트림 | 탈부착 및 조절 가능한 크로스바디 가죽 스트랩 | 가죽 손잡이 부분 | 전면의 MCM 로고 플레이트 | 지퍼 어라운드 클로저. | 내부 포켓 및 카드 슬롯,,https://images.mcmworldwide.com/i/mcmworldwide/MWRAAVI01CO001_01 | https://images.mcmworldwide.com/i/mcmworldwide/MWRAAVI01CO001_09 | https://images.mcmworldwide.com/i/mcmworldwide/MWRAAVI01CO001_02 | https://images.mcmworldwide.com/i/mcmworldwide/MWRAAVI01CO001_03 | https://images.mcmworldwide.com/i/mcmworldwide/MWRAAVI01CO001_04 | https://images.mcmworldwide.com/i/mcmworldwide/MWRAAVI01CO001_10,https://images.mcmworldwide.com/v/mcmworldwide/MWRAAVI01CO001_VID/webm_720p,https://kr.mcmworldwide.com/ko_KR/%EA%B0%80%EB%B0%A9/%EB%AA%A8%EB%91%90%EB%B3%B4%EA%B8%B0/%EB%B9%84%EC%84%B8%ED%86%A0%EC%8A%A4-%EC%98%A4%EB%A6%AC%EC%A7%80%EB%84%90-%EB%9D%BD%EC%8A%A4%ED%83%80-%EB%B2%A0%EB%8B%88%ED%8B%B0-%EC%BC%80%EC%9D%B4%EC%8A%A4/MWRAAVI01CO001.html
MWPFSLR03K8001,Liz 비세토스 쇼퍼,1050000,khaki moss,ACTIVE,비세토스 모노그램 캔버스,천연 나파 가죽,패브릭,로고 브라스 플레이트 | 실버톤 코발트 메탈 하드웨어,17 x 36 x 28,,24 cm,대한민국,가죽 탑 핸들 | 옆면에 위치한 조절 가능한 가죽 드로우스트링 잠금 장치 | 탈착 가능한 스트랩이 더해진 비세토스 파우치 | 바닥 보호를 위한 레더 패드,MWPFSLR03PZ001,https://images.mcmworldwide.com/i/mcmworldwide/MWPFSLR03K8001_01 | https://images.mcmworldwide.com/i/mcmworldwide/MWPFSLR03K8001_09 | https://images.mcmworldwide.com/i/mcmworldwide/MWPFSLR03K8001_02 | https://images.mcmworldwide.com/i/mcmworldwide/MWPFSLR03K8001_03 | https://images.mcmworldwide.com/i/mcmworldwide/MWPFSLR03K8001_04 | https://images.mcmworldwide.com/i/mcmworldwide/MWPFSLR03K8001_10 | https://images.mcmworldwide.com/i/mcmworldwide/MWPFSLR03K8001_11,https://images.mcmworldwide.com/v/mcmworldwide/MWPFSLR03K8001_VID/webm_720p,https://kr.mcmworldwide.com/ko_KR/%EA%B0%80%EB%B0%A9/%EB%AA%A8%EB%91%90%EB%B3%B4%EA%B8%B0/liz--%EB%B9%84%EC%84%B8%ED%86%A0%EC%8A%A4-%EC%87%BC%ED%8D%BC/MWPFSLR03K8001.html
MMZAAFI04BK001,비세토스 프루스튼 벨트백,990000,Black,ACTIVE,나파 가죽 트림,,,코발트 금속 장식 | 코발트 메탈 하드웨어.,8 x 34 x 12,65cm ~ 106cm,,대한민국,버클 잠금 장치가 있는 조절 가능한 웨빙 스트랩 | 양방향 지퍼 클로저 | 내부 오픈 포켓 | 측면 D링 장식 | 비세토스 모노그램 코티드 캔버스. | 코튼 트윌 안감. | 코티드 캔버스,MMZAAFI04CO001,https://images.mcmworldwide.com/i/mcmworldwide/MMZAAFI04BK001_01 | https://images.mcmworldwide.com/i/mcmworldwide/MMZAAFI04BK001_09 | https://images.mcmworldwide.com/i/mcmworldwide/MMZAAFI04BK001_03 | https://images.mcmworldwide.com/i/mcmworldwide/MMZAAFI04BK001_04 | https://images.mcmworldwide.com/i/mcmworldwide/MMZAAFI04BK001_10 | https://images.mcmworldwide.com/i/mcmworldwide/MMZAAFI04BK001_11,https://images.mcmworldwide.com/v/mcmworldwide/MMZAAFI04BK001_VID/webm_720p,https://kr.mcmworldwide.com/ko_KR/%EA%B0%80%EB%B0%A9/%EB%AA%A8%EB%91%90%EB%B3%B4%EA%B8%B0/%EB%B9%84%EC%84%B8%ED%86%A0%EC%8A%A4-%ED%94%84%EB%A3%A8%EC%8A%A4%ED%8A%BC-%EB%B2%A8%ED%8A%B8%EB%B0%B1/MMZAAFI04BK001.html
MMZAAFI04CO001,비세토스 프루스튼 벨트백,990000,Cognac,ACTIVE,나파 가죽 트림,,,24K 도금 금속 장식 | 24K 도금 메탈 금속 장식,8 x 34 x 12,65cm ~ 106cm,,대한민국,전면과 후면의 외부 지퍼 포켓 | 양방향 지퍼 클로저 | 내부 오픈 포켓 | 측면 D링 장식 | 비세토스 모노그램 코티드 캔버스. | 코튼 트윌 안감. | 코티드 캔버스,MMZAAFI04BK001,https://images.mcmworldwide.com/i/mcmworldwide/MMZAAFI04CO001_01 | https://images.mcmworldwide.com/i/mcmworldwide/MMZAAFI04CO001_09 | https://images.mcmworldwide.com/i/mcmworldwide/MMZAAFI04CO001_02 | https://images.mcmworldwide.com/i/mcmworldwide/MMZAAFI04CO001_03 | https://images.mcmworldwide.com/i/mcmworldwide/MMZAAFI04CO001_04 | https://images.mcmworldwide.com/i/mcmworldwide/MMZAAFI04CO001_10 | https://images.mcmworldwide.com/i/mcmworldwide/MMZAAFI04CO001_11,https://images.mcmworldwide.com/v/mcmworldwide/MMZAAFI04CO001_VID/webm_720p,https://kr.mcmworldwide.com/ko_KR/%EB%82%A8%EC%84%B1/%EA%B0%80%EB%B0%A9/%EB%B2%A8%ED%8A%B8%EB%B0%B1/%EB%B9%84%EC%84%B8%ED%86%A0%EC%8A%A4-%ED%94%84%EB%A3%A8%EC%8A%A4%ED%8A%BC-%EB%B2%A8%ED%8A%B8%EB%B0%B1/MMZAAFI04CO001.html
MMZGSFI02BK001,Fursten 맥시 모노그램 레더 벨트백,1290000,Black,ACTIVE,천연 풀 그레인 레더,,스웨이드 마감의 극세사,다크 메탈 하드웨어,10 x 38 x 14,65 cm - 106 cm,,이탈리아,버클 클로저가 더해진 길이 조절이 가능한 패브릭 웨빙 스트랩 | 엠보싱 처리된 맥시 모노그램 모티프 | 뒷면 외부 지퍼 포켓 | 참 장식 부착이 가능한 D링 디테일 | 양방향 지퍼 클로저 | 내부 슬립 포켓,,https://images.mcmworldwide.com/i/mcmworldwide/MMZGSFI02BK001_01 | https://images.mcmworldwide.com/i/mcmworldwide/MMZGSFI02BK001_09 | https://images.mcmworldwide.com/i/mcmworldwide/MMZGSFI02BK001_02 | https://images.mcmworldwide.com/i/mcmworldwide/MMZGSFI02BK001_03 | https://images.mcmworldwide.com/i/mcmworldwide/MMZGSFI02BK001_04 | https://images.mcmworldwide.com/i/mcmworldwide/MMZGSFI02BK001_10,,https://kr.mcmworldwide.com/ko_KR/%EA%B0%80%EB%B0%A9/%EB%AA%A8%EB%91%90%EB%B3%B4%EA%B8%B0/fursten-%EB%A7%A5%EC%8B%9C-%EB%AA%A8%EB%85%B8%EA%B7%B8%EB%9E%A8-%EB%A0%88%EB%8D%94-%EB%B2%A8%ED%8A%B8%EB%B0%B1/MMZGSFI02BK001.html
MMRGSTA05BK001,Aren 비세토스 스탠딩 크로스 바디 파우치,1050000,Black,ACTIVE,비세토스 모노그램 캔버스,천연 가죽,스웨이드 마감의 극세사,실버톤 코발트 브라스 하드웨어,4 x 23 x 15,75 cm - 132 cm,,대한민국,탈부착이 가능하며 길이 조절이 가능한 헤링본 웨빙 스트랩 | 신분증과 카드를 수납할 수 있는 앞면 플랩 포켓 | 지퍼 클로저 | 바바리안 다이아몬드 가죽 패치와 내부 슬립 포켓,MMRFATA01CO001,https://images.mcmworldwide.com/i/mcmworldwide/MMRGSTA05BK001_01 | https://images.mcmworldwide.com/i/mcmworldwide/MMRGSTA05BK001_09 | https://images.mcmworldwide.com/i/mcmworldwide/MMRGSTA05BK001_02 | https://images.mcmworldwide.com/i/mcmworldwide/MMRGSTA05BK001_03 | https://images.mcmworldwide.com/i/mcmworldwide/MMRGSTA05BK001_04 | https://images.mcmworldwide.com/i/mcmworldwide/MMRGSTA05BK001_05 | https://images.mcmworldwide.com/i/mcmworldwide/MMRGSTA05BK001_10 | https://images.mcmworldwide.com/i/mcmworldwide/MMRGSTA05BK001_11,,https://kr.mcmworldwide.com/ko_KR/%EA%B0%80%EB%B0%A9/%EB%AA%A8%EB%91%90%EB%B3%B4%EA%B8%B0/aren-%EB%B9%84%EC%84%B8%ED%86%A0%EC%8A%A4-%EC%8A%A4%ED%83%A0%EB%94%A9-%ED%81%AC%EB%A1%9C%EC%8A%A4-%EB%B0%94%EB%94%94-%ED%8C%8C%EC%9A%B0%EC%B9%98/MMRGSTA05BK001.html
MMRFATA01CO001,Aren 비세토스 스탠딩 크로스바디 파우치,1050000,Cognac,ACTIVE,비세토스 모노그램 캔버스,천연 가죽,스웨이드 마감의 극세사,24K 골드 도금 브라스 하드웨어,4 x 23 x 15,75 cm - 132 cm,,대한민국,탈부착이 가능하며 길이 조절이 가능한 헤링본 웨빙 스트랩 | 신분증과 카드를 수납할 수 있는 앞면 플랩 포켓 | 지퍼 클로저 | 내부 슬립 포켓,MMRGSTA05BK001,https://images.mcmworldwide.com/i/mcmworldwide/MMRFATA01CO001_01 | https://images.mcmworldwide.com/i/mcmworldwide/MMRFATA01CO001_09 | https://images.mcmworldwide.com/i/mcmworldwide/MMRFATA01CO001_02 | https://images.mcmworldwide.com/i/mcmworldwide/MMRFATA01CO001_03 | https://images.mcmworldwide.com/i/mcmworldwide/MMRFATA01CO001_04 | https://images.mcmworldwide.com/i/mcmworldwide/MMRFATA01CO001_10 | https://images.mcmworldwide.com/i/mcmworldwide/MMRFATA01CO001_11,https://images.mcmworldwide.com/v/mcmworldwide/MMRFATA01CO001_VID/webm_720p,https://kr.mcmworldwide.com/ko_KR/%EB%82%A8%EC%84%B1/%EA%B0%80%EB%B0%A9/%ED%81%AC%EB%A1%9C%EC%8A%A4%EB%B0%B1/aren-%EB%B9%84%EC%84%B8%ED%86%A0%EC%8A%A4-%EC%8A%A4%ED%83%A0%EB%94%A9-%ED%81%AC%EB%A1%9C%EC%8A%A4%EB%B0%94%EB%94%94-%ED%8C%8C%EC%9A%B0%EC%B9%98/MMRFATA01CO001.html
MXZGSAK02BK001,Diamond 비세토스 손목 스트랩 파우치,770000,Black,ACTIVE,비세토스 모노그램 캔버스,천연 가죽,코튼 트윌,다크 실버톤 코발트 메탈 하드웨어,4 x 34 x 25,,17.5 cm,대한민국,탈부착이 가능한 가죽 손목 스트랩 | 앞면 지퍼 포켓 | 앞면의 MCM 로고 | 지퍼 클로저 | 2개의 내부 슬립 포켓 | D링 참 장식 디테일,MXZFAAK01CO001,https://images.mcmworldwide.com/i/mcmworldwide/MXZGSAK02BK001_01 | https://images.mcmworldwide.com/i/mcmworldwide/MXZGSAK02BK001_09 | https://images.mcmworldwide.com/i/mcmworldwide/MXZGSAK02BK001_03 | https://images.mcmworldwide.com/i/mcmworldwide/MXZGSAK02BK001_04 | https://images.mcmworldwide.com/i/mcmworldwide/MXZGSAK02BK001_06 | https://images.mcmworldwide.com/i/mcmworldwide/MXZGSAK02BK001_10 | https://images.mcmworldwide.com/i/mcmworldwide/MXZGSAK02BK001_11,,https://kr.mcmworldwide.com/ko_KR/%EA%B0%80%EB%B0%A9/%EB%AA%A8%EB%91%90%EB%B3%B4%EA%B8%B0/diamond-%EB%B9%84%EC%84%B8%ED%86%A0%EC%8A%A4-%EC%86%90%EB%AA%A9-%EC%8A%A4%ED%8A%B8%EB%9E%A9-%ED%8C%8C%EC%9A%B0%EC%B9%98/MXZGSAK02BK001.html
MXZFAAK01CO001,다이아몬드 비세토스 손목 파우치,770000,Cognac,ACTIVE,비세토스 모노그램 캔버스,천연 가죽,코튼 트윌,24K 골드 도금 브라스 하드웨어,4 x 34 x 25,21 cm,,대한민국,탈부착이 가능한 가죽 손목 스트랩 | 앞면 지퍼 포켓 | 앞면의 라우렐 로고 모티프 | 지퍼 클로저 | 2개의 내부 슬립 포켓,MXZGSAK02BK001,https://images.mcmworldwide.com/i/mcmworldwide/MXZFAAK01CO001_01 | https://images.mcmworldwide.com/i/mcmworldwide/MXZFAAK01CO001_09 | https://images.mcmworldwide.com/i/mcmworldwide/MXZFAAK01CO001_03 | https://images.mcmworldwide.com/i/mcmworldwide/MXZFAAK01CO001_04 | https://images.mcmworldwide.com/i/mcmworldwide/MXZFAAK01CO001_10,https://images.mcmworldwide.com/v/mcmworldwide/MXZFAAK01CO001_VID/webm_720p,https://kr.mcmworldwide.com/ko_KR/%EB%82%A8%EC%84%B1/%EA%B0%80%EB%B0%A9/%ED%8C%8C%EC%9A%B0%EC%B9%98-%ED%81%B4%EB%9F%AC%EC%B9%98/%EB%8B%A4%EC%9D%B4%EC%95%84%EB%AA%AC%EB%93%9C-%EB%B9%84%EC%84%B8%ED%86%A0%EC%8A%A4-%EC%86%90%EB%AA%A9-%ED%8C%8C%EC%9A%B0%EC%B9%98/MXZFAAK01CO001.html
MMTGSTA05CO001,Aren 비세토스 레더 믹스 E/X 토트,1450000,Cognac,ACTIVE,비세토스 모노그램 캔버스,천연 가죽,코튼,로고 브라스 플레이트 | 24K 골드 도금 메탈 하드웨어,9 x 39 x 28,120 cm - 131 cm,13 cm,이탈리아,탈부착이 가능하며 길이 조절이 가능한 헤링본 웨빙 스트랩 | 가죽 탑 핸들 | 양방향 지퍼 클로저 | 내부 슬립 포켓과 지퍼 수납공간 | 뒷면의 가죽 벨트 스트랩 디테일,,https://images.mcmworldwide.com/i/mcmworldwide/MMTGSTA05CO001_01 | https://images.mcmworldwide.com/i/mcmworldwide/MMTGSTA05CO001_09 | https://images.mcmworldwide.com/i/mcmworldwide/MMTGSTA05CO001_02 | https://images.mcmworldwide.com/i/mcmworldwide/MMTGSTA05CO001_03 | https://images.mcmworldwide.com/i/mcmworldwide/MMTGSTA05CO001_04 | https://images.mcmworldwide.com/i/mcmworldwide/MMTGSTA05CO001_05 | https://images.mcmworldwide.com/i/mcmworldwide/MMTGSTA05CO001_06 | https://images.mcmworldwide.com/i/mcmworldwide/MMTGSTA05CO001_10 | https://images.mcmworldwide.com/i/mcmworldwide/MMTGSTA05CO001_11 | https://images.mcmworldwide.com/i/mcmworldwide/MMTGSTA05CO001_12,https://images.mcmworldwide.com/v/mcmworldwide/MMTGSTA05CO001_VID/webm_720p,https://kr.mcmworldwide.com/ko_KR/%EA%B0%80%EB%B0%A9/%EB%AA%A8%EB%91%90%EB%B3%B4%EA%B8%B0/aren-%EB%B9%84%EC%84%B8%ED%86%A0%EC%8A%A4-%EB%A0%88%EB%8D%94-%EB%AF%B9%EC%8A%A4-e%2Fx-%ED%86%A0%ED%8A%B8/MMTGSTA05CO001.html
MWPESAC04BK001,Himmel 엠보스드 로고 레더 쇼퍼,1190000,Black,ACTIVE,엠보스드 가죽,,비세토스 모노그램 프린트 가죽,24K 도금 브라스 금속 장식,12 x 21 x 21,,17.5cm,이탈리아,조절 가능한 가죽 핸들 | 앞면의 엠보스드 라우렐 로고 모티프 | 탈부착 가능한 바이에른 다이아몬드 로고 가죽 참 | 탈부착 가능한 지퍼 파우치,,https://images.mcmworldwide.com/i/mcmworldwide/MWPESAC04BK001_01 | https://images.mcmworldwide.com/i/mcmworldwide/MWPESAC04BK001_09 | https://images.mcmworldwide.com/i/mcmworldwide/MWPESAC04BK001_02 | https://images.mcmworldwide.com/i/mcmworldwide/MWPESAC04BK001_03 | https://images.mcmworldwide.com/i/mcmworldwide/MWPESAC04BK001_04 | https://images.mcmworldwide.com/i/mcmworldwide/MWPESAC04BK001_10,,https://kr.mcmworldwide.com/ko_KR/%EA%B0%80%EB%B0%A9/%EB%AA%A8%EB%91%90%EB%B3%B4%EA%B8%B0/himmel-%EC%97%A0%EB%B3%B4%EC%8A%A4%EB%93%9C-%EB%A1%9C%EA%B3%A0-%EB%A0%88%EB%8D%94-%EC%87%BC%ED%8D%BC/MWPESAC04BK001.html
MMTFAAK01CO001,다이아몬드 비세토스 E/W 토트,1590000,Cognac,ACTIVE,비세토스 모노그램 캔버스,천연 가죽,코튼 트윌,24K 골드 도금 브라스 하드웨어,14 x 38 x 32,76 cm - 136 cm,11 cm,대한민국,탈부착이 가능하며 길이 조절이 가능한 패브릭 크로스바디 스트랩 | 가죽 탑 핸들 | 앞면 지퍼 포켓 | 앞면의 라우렐 로고 모티프 | 지퍼 클로저 | 2개의 내부 슬립 포켓 | 내부 지퍼 수납공간 | 16인치 맥북 프로 수납 가능,,https://images.mcmworldwide.com/i/mcmworldwide/MMTFAAK01CO001_01 | https://images.mcmworldwide.com/i/mcmworldwide/MMTFAAK01CO001_09 | https://images.mcmworldwide.com/i/mcmworldwide/MMTFAAK01CO001_02 | https://images.mcmworldwide.com/i/mcmworldwide/MMTFAAK01CO001_03 | https://images.mcmworldwide.com/i/mcmworldwide/MMTFAAK01CO001_04 | https://images.mcmworldwide.com/i/mcmworldwide/MMTFAAK01CO001_10 | https://images.mcmworldwide.com/i/mcmworldwide/MMTFAAK01CO001_11,https://images.mcmworldwide.com/v/mcmworldwide/MMTFAAK01CO001_VID/webm_720p,https://kr.mcmworldwide.com/ko_KR/%EA%B0%80%EB%B0%A9/%EB%AA%A8%EB%91%90%EB%B3%B4%EA%B8%B0/%EB%8B%A4%EC%9D%B4%EC%95%84%EB%AA%AC%EB%93%9C-%EB%B9%84%EC%84%B8%ED%86%A0%EC%8A%A4-e%2Fw-%ED%86%A0%ED%8A%B8/MMTFAAK01CO001.html
MWBFAEA03CO001,Ella 비세토스 보스턴 백,1250000,Cognac,ACTIVE,비세토스 모노그램 캔버스,천연 가죽,스웨이드 마감의 극세사,24K 골드 도금 브라스 하드웨어,12 x 22 x 15,115 cm - 134 cm,8 cm,대한민국,탈착 가능하며 길이 조절이 가능한 가죽 크로스바디 스트랩 | 가죽 탑 핸들 | 탈착 가능한 로고가 새겨진 바바리안 다이아몬드 레더 참 | 양방향 지퍼 클로저 | 내부 포켓,MWBFAEA03BK001 | MWBGSEA024B001,https://images.mcmworldwide.com/i/mcmworldwide/MWBFAEA03CO001_01 | https://images.mcmworldwide.com/i/mcmworldwide/MWBFAEA03CO001_09 | https://images.mcmworldwide.com/i/mcmworldwide/MWBFAEA03CO001_02 | https://images.mcmworldwide.com/i/mcmworldwide/MWBFAEA03CO001_03 | https://images.mcmworldwide.com/i/mcmworldwide/MWBFAEA03CO001_04 | https://images.mcmworldwide.com/i/mcmworldwide/MWBFAEA03CO001_05 | https://images.mcmworldwide.com/i/mcmworldwide/MWBFAEA03CO001_10,https://images.mcmworldwide.com/v/mcmworldwide/MWBFAEA03CO001_VID/webm_720p,https://kr.mcmworldwide.com/ko_KR/%EA%B0%80%EB%B0%A9/%EB%AA%A8%EB%91%90%EB%B3%B4%EA%B8%B0/ella-%EB%B9%84%EC%84%B8%ED%86%A0%EC%8A%A4-%EB%B3%B4%EC%8A%A4%ED%84%B4-%EB%B0%B1/MWBFAEA03CO001.html
MMTFAKK01BK001,Klassik 비세토스 브리프케이스,1350000,Black,ACTIVE,비세토스 모노그램 캔버스,천연 가죽,코튼 트윌,다크 실버톤 코발트 메탈 하드웨어,7 x 38 x 28,81.5 cm - 145 cm,9 cm,대한민국,탈부착이 가능하며 길이 조절이 가능한 로고 우븐 패브릭 스트랩 | 서류와 소지품을 보관할 수 있는 앞면 지퍼 수납공간 | 탈착가능한 가죽 행 테그 | 노트북 태블릿 등 테크 기기를 위한 뒷면 지퍼 포켓,,https://images.mcmworldwide.com/i/mcmworldwide/MMTFAKK01BK001_01 | https://images.mcmworldwide.com/i/mcmworldwide/MMTFAKK01BK001_09 | https://images.mcmworldwide.com/i/mcmworldwide/MMTFAKK01BK001_02 | https://images.mcmworldwide.com/i/mcmworldwide/MMTFAKK01BK001_03 | https://images.mcmworldwide.com/i/mcmworldwide/MMTFAKK01BK001_04 | https://images.mcmworldwide.com/i/mcmworldwide/MMTFAKK01BK001_10,https://images.mcmworldwide.com/v/mcmworldwide/MMTFAKK01BK001_VID/webm_720p,https://kr.mcmworldwide.com/ko_KR/%EA%B0%80%EB%B0%A9/%EB%AA%A8%EB%91%90%EB%B3%B4%EA%B8%B0/klassik-%EB%B9%84%EC%84%B8%ED%86%A0%EC%8A%A4-%EB%B8%8C%EB%A6%AC%ED%94%84%EC%BC%80%EC%9D%B4%EC%8A%A4/MMTFAKK01BK001.html
MWHESTA02BK001,Aren 비세토스 호보,1450000,Black,ACTIVE,비세토스 모노그램 캔버스,나파 가죽,스웨이드 마감 마이크로파이버,24K 도금 브라스 금속 장식,11 x 34 x 33,92.5cm ~ 116.5cm,,대한민국,조절 가능한 가죽 어깨 스트랩 | 탈부착 가능한 가죽 행택과 로고 인그레이빙 금속 자물쇠 | 지퍼 클로저 | 내부 슬립 포켓 및 지퍼 포켓,MWHESTA02CO001,https://images.mcmworldwide.com/i/mcmworldwide/MWHESTA02BK001_01 | https://images.mcmworldwide.com/i/mcmworldwide/MWHESTA02BK001_09 | https://images.mcmworldwide.com/i/mcmworldwide/MWHESTA02BK001_02 | https://images.mcmworldwide.com/i/mcmworldwide/MWHESTA02BK001_03 | https://images.mcmworldwide.com/i/mcmworldwide/MWHESTA02BK001_04 | https://images.mcmworldwide.com/i/mcmworldwide/MWHESTA02BK001_10,https://images.mcmworldwide.com/v/mcmworldwide/MWHESTA02BK001_VID/webm_720p,https://kr.mcmworldwide.com/ko_KR/%EA%B0%80%EB%B0%A9/%EB%AA%A8%EB%91%90%EB%B3%B4%EA%B8%B0/aren-%EB%B9%84%EC%84%B8%ED%86%A0%EC%8A%A4-%ED%98%B8%EB%B3%B4/MWHESTA02BK001.html
MWHESTA02CO001,Aren 비세토스 호보,1450000,Cognac,ACTIVE,비세토스 모노그램 캔버스,나파 가죽,스웨이드 마감 마이크로파이버,24K 도금 브라스 금속 장식,11 x 34 x 33,92.5cm ~ 116.5cm,,대한민국,조절 가능한 가죽 어깨 스트랩 | 탈부착 가능한 가죽 행택과 로고 인그레이빙 금속 자물쇠 | 지퍼 클로저 | 내부 슬립 포켓 및 지퍼 포켓,MWHESTA02BK001,https://images.mcmworldwide.com/i/mcmworldwide/MWHESTA02CO001_01 | https://images.mcmworldwide.com/i/mcmworldwide/MWHESTA02CO001_09 | https://images.mcmworldwide.com/i/mcmworldwide/MWHESTA02CO001_02 | https://images.mcmworldwide.com/i/mcmworldwide/MWHESTA02CO001_03 | https://images.mcmworldwide.com/i/mcmworldwide/MWHESTA02CO001_04 | https://images.mcmworldwide.com/i/mcmworldwide/MWHESTA02CO001_10,https://images.mcmworldwide.com/v/mcmworldwide/MWHESTA02CO001_VID/webm_720p,https://kr.mcmworldwide.com/ko_KR/%EC%97%AC%EC%84%B1/%ED%95%B8%EB%93%9C%EB%B0%B1/%EC%88%84%EB%8D%94%EB%B0%B1-%ED%81%AC%EB%A1%9C%EC%8A%A4%EB%B0%B1/aren-%EB%B9%84%EC%84%B8%ED%86%A0%EC%8A%A4-%ED%98%B8%EB%B3%B4/MWHESTA02CO001.html
MMTGSTA04BK001,Aren 비세토스 N/S 토트,1050000,Black,ACTIVE,비세토스 모노그램 캔버스,천연 가죽,코튼 트윌,다크톤 코발트 메탈 하드웨어,9 x 17 x 21,79 cm - 138 cm,8.5 cm,대한민국,탈부착 가능하며 길이 조절이 가능한 로고 우븐 스트랩 | 가죽 탑 핸들 | 탈착가능한 가죽 행 테그 | 지퍼 클로저 | 내부 슬립 포켓 및 지퍼 수납공간,MMTGSTA04CO001,https://images.mcmworldwide.com/i/mcmworldwide/MMTGSTA04BK001_01 | https://images.mcmworldwide.com/i/mcmworldwide/MMTGSTA04BK001_09 | https://images.mcmworldwide.com/i/mcmworldwide/MMTGSTA04BK001_02 | https://images.mcmworldwide.com/i/mcmworldwide/MMTGSTA04BK001_03 | https://images.mcmworldwide.com/i/mcmworldwide/MMTGSTA04BK001_04 | https://images.mcmworldwide.com/i/mcmworldwide/MMTGSTA04BK001_05 | https://images.mcmworldwide.com/i/mcmworldwide/MMTGSTA04BK001_06 | https://images.mcmworldwide.com/i/mcmworldwide/MMTGSTA04BK001_10 | https://images.mcmworldwide.com/i/mcmworldwide/MMTGSTA04BK001_11,,https://kr.mcmworldwide.com/ko_KR/%EA%B0%80%EB%B0%A9/%EB%AA%A8%EB%91%90%EB%B3%B4%EA%B8%B0/aren-%EB%B9%84%EC%84%B8%ED%86%A0%EC%8A%A4-n%2Fs-%ED%86%A0%ED%8A%B8/MMTGSTA04BK001.html
MMTGSTA04CO001,Aren 비세토스 N/S 토트,1050000,Cognac,ACTIVE,비세토스 모노그램 캔버스,천연 가죽,코튼 트윌,24K 골드 도금 브라스 하드웨어,9 x 17 x 21,79 cm - 138 cm,8.5 cm,대한민국,탈부착 가능하며 길이 조절이 가능한 로고 우븐 스트랩 | 가죽 탑 핸들 | 탈착가능한 가죽 행 테그 | 지퍼 클로저 | 내부 슬립 포켓 및 지퍼 수납공간,MMTGSTA04BK001,https://images.mcmworldwide.com/i/mcmworldwide/MMTGSTA04CO001_01 | https://images.mcmworldwide.com/i/mcmworldwide/MMTGSTA04CO001_09 | https://images.mcmworldwide.com/i/mcmworldwide/MMTGSTA04CO001_02 | https://images.mcmworldwide.com/i/mcmworldwide/MMTGSTA04CO001_03 | https://images.mcmworldwide.com/i/mcmworldwide/MMTGSTA04CO001_04 | https://images.mcmworldwide.com/i/mcmworldwide/MMTGSTA04CO001_05 | https://images.mcmworldwide.com/i/mcmworldwide/MMTGSTA04CO001_06 | https://images.mcmworldwide.com/i/mcmworldwide/MMTGSTA04CO001_10 | https://images.mcmworldwide.com/i/mcmworldwide/MMTGSTA04CO001_11,https://images.mcmworldwide.com/v/mcmworldwide/MMTGSTA04CO001_VID/webm_720p,https://kr.mcmworldwide.com/ko_KR/%EB%82%A8%EC%84%B1/%EA%B0%80%EB%B0%A9/%ED%86%A0%ED%8A%B8%EB%B0%B1/aren-%EB%B9%84%EC%84%B8%ED%86%A0%EC%8A%A4-n%2Fs-%ED%86%A0%ED%8A%B8/MMTGSTA04CO001.html
MMZAAFI01CO001,비세토스 프루스튼 벨트백,1050000,Cognac,ACTIVE,나파 가죽 트림,,,24K 도금 금속 장식,10 x 38 x 14,65cm ~ 106cm,,대한민국,전면과 후면의 외부 지퍼 포켓 | 내부 오픈 포켓 | 코티드 캔버스 | 측면 D링 장식,MMZAAFI01BK001,https://images.mcmworldwide.com/i/mcmworldwide/MMZAAFI01CO001_01 | https://images.mcmworldwide.com/i/mcmworldwide/MMZAAFI01CO001_09 | https://images.mcmworldwide.com/i/mcmworldwide/MMZAAFI01CO001_03 | https://images.mcmworldwide.com/i/mcmworldwide/MMZAAFI01CO001_04 | https://images.mcmworldwide.com/i/mcmworldwide/MMZAAFI01CO001_10 | https://images.mcmworldwide.com/i/mcmworldwide/MMZAAFI01CO001_11,https://images.mcmworldwide.com/v/mcmworldwide/MMZAAFI01CO001_VID/webm_720p,https://kr.mcmworldwide.com/ko_KR/%EA%B0%80%EB%B0%A9/%EB%AA%A8%EB%91%90%EB%B3%B4%EA%B8%B0/%EB%B9%84%EC%84%B8%ED%86%A0%EC%8A%A4-%ED%94%84%EB%A3%A8%EC%8A%A4%ED%8A%BC-%EB%B2%A8%ED%8A%B8%EB%B0%B1/MMZAAFI01CO001.html
MMZAAFI01BK001,비세토스 프루스튼 벨트백,1050000,Black,ACTIVE,나파 가죽 트림,,,코발트 하드웨어.,10 x 38 x 14,65cm ~ 106cm,,대한민국,전면과 후면의 외부 지퍼 포켓 | 내부 오픈 포켓 | 측면 D링 장식 | 코티드 캔버스,MMZAAFI01CO001,https://images.mcmworldwide.com/i/mcmworldwide/MMZAAFI01BK001_01 | https://images.mcmworldwide.com/i/mcmworldwide/MMZAAFI01BK001_09 | https://images.mcmworldwide.com/i/mcmworldwide/MMZAAFI01BK001_03 | https://images.mcmworldwide.com/i/mcmworldwide/MMZAAFI01BK001_04 | https://images.mcmworldwide.com/i/mcmworldwide/MMZAAFI01BK001_10 | https://images.mcmworldwide.com/i/mcmworldwide/MMZAAFI01BK001_11 | https://images.mcmworldwide.com/i/mcmworldwide/MMZAAFI01BK001_12,https://images.mcmworldwide.com/v/mcmworldwide/MMZAAFI01BK001_VID/webm_720p,https://kr.mcmworldwide.com/ko_KR/%EB%82%A8%EC%84%B1/%EA%B0%80%EB%B0%A9/%EB%B2%A8%ED%8A%B8%EB%B0%B1/%EB%B9%84%EC%84%B8%ED%86%A0%EC%8A%A4-%ED%94%84%EB%A3%A8%EC%8A%A4%ED%8A%BC-%EB%B2%A8%ED%8A%B8%EB%B0%B1/MMZAAFI01BK001.html
MWEGSXT01CO001,Tracy 비세토스 레더 믹스 사첼,1850000,Cognac,ACTIVE,비세토스 모노그램 캔버스,이탈리안 카프스킨,스웨이드 마감의 극세사,24K 골드 도금 브라스 하드웨어,9 x 25 x 19,,55 cm,대한민국,탈부착이 가능하며 길이 조절이 가능한 가죽 스트랩 | 가죽 탑 핸들 | 라우렐 락 클로저 | 앞면 포켓 | 내부 지퍼 수납공간,,https://images.mcmworldwide.com/i/mcmworldwide/MWEGSXT01CO001_01 | https://images.mcmworldwide.com/i/mcmworldwide/MWEGSXT01CO001_09 | https://images.mcmworldwide.com/i/mcmworldwide/MWEGSXT01CO001_02 | https://images.mcmworldwide.com/i/mcmworldwide/MWEGSXT01CO001_03 | https://images.mcmworldwide.com/i/mcmworldwide/MWEGSXT01CO001_04 | https://images.mcmworldwide.com/i/mcmworldwide/MWEGSXT01CO001_05 | https://images.mcmworldwide.com/i/mcmworldwide/MWEGSXT01CO001_10 | https://images.mcmworldwide.com/i/mcmworldwide/MWEGSXT01CO001_11 | https://images.mcmworldwide.com/i/mcmworldwide/MWEGSXT01CO001_12,https://images.mcmworldwide.com/v/mcmworldwide/MWEGSXT01CO001_VID/webm_720p | https://images.mcmworldwide.com/v/mcmworldwide/MWEGSXT01CO001_01_VID/webm_720p,https://kr.mcmworldwide.com/ko_KR/%EA%B0%80%EB%B0%A9/%EB%AA%A8%EB%91%90%EB%B3%B4%EA%B8%B0/tracy-%EB%B9%84%EC%84%B8%ED%86%A0%EC%8A%A4-%EB%A0%88%EB%8D%94-%EB%AF%B9%EC%8A%A4-%EC%82%AC%EC%B2%BC/MWEGSXT01CO001.html
MMZESFI01BK001,Fursten 맥시 모노그램 레더 벨트백,1290000,Black,ACTIVE,천연 나파 가죽,,스웨이드 마감 마이크로파이버,매트 블랙 메탈 하드웨어.,8 x 40 x 19,65cm ~ 106cm,,대한민국,버클 잠금 장치가 있는 조절 가능한 패브릭 웨빙 스트랩 | 엠보스드 맥시 모노그램 | 앞면 및 뒷면의 외부 지퍼 포켓 | 내부 슬립 포켓이 있는 지퍼 여밈 주요 수납공간,,https://images.mcmworldwide.com/i/mcmworldwide/MMZESFI01BK001_01 | https://images.mcmworldwide.com/i/mcmworldwide/MMZESFI01BK001_09 | https://images.mcmworldwide.com/i/mcmworldwide/MMZESFI01BK001_03 | https://images.mcmworldwide.com/i/mcmworldwide/MMZESFI01BK001_04 | https://images.mcmworldwide.com/i/mcmworldwide/MMZESFI01BK001_10 | https://images.mcmworldwide.com/i/mcmworldwide/MMZESFI01BK001_11,,https://kr.mcmworldwide.com/ko_KR/%EA%B0%80%EB%B0%A9/%EB%AA%A8%EB%91%90%EB%B3%B4%EA%B8%B0/fursten-%EB%A7%A5%EC%8B%9C-%EB%AA%A8%EB%85%B8%EA%B7%B8%EB%9E%A8-%EB%A0%88%EB%8D%94-%EB%B2%A8%ED%8A%B8%EB%B0%B1/MMZESFI01BK001.html
MWHESTA03BK001,Aren 맥시 모노그램 레더 호보,1490000,Black,ACTIVE,천연 나파 가죽,,스웨이드 마감 마이크로파이버,24K 도금 브라스 금속 장식,10 x 26 x 19,125cm ~ 133cm,,이탈리아,조절 가능한 가죽 스트랩과 크로스바디 스트랩 익스텐션 | 엠보스드 맥시 모노그램 | 탈부착 가능한 가죽 로고 다이아몬드 행택 | 지퍼 클로저 | 내부 슬립 포켓 | 내부의 로고 엠보스드 다이아몬드 가죽 패치,,https://images.mcmworldwide.com/i/mcmworldwide/MWHESTA03BK001_01 | https://images.mcmworldwide.com/i/mcmworldwide/MWHESTA03BK001_09 | https://images.mcmworldwide.com/i/mcmworldwide/MWHESTA03BK001_02 | https://images.mcmworldwide.com/i/mcmworldwide/MWHESTA03BK001_03 | https://images.mcmworldwide.com/i/mcmworldwide/MWHESTA03BK001_04 | https://images.mcmworldwide.com/i/mcmworldwide/MWHESTA03BK001_10,https://images.mcmworldwide.com/v/mcmworldwide/MWHESTA03BK001_VID/webm_720p,https://kr.mcmworldwide.com/ko_KR/%EA%B0%80%EB%B0%A9/%EB%AA%A8%EB%91%90%EB%B3%B4%EA%B8%B0/aren-%EB%A7%A5%EC%8B%9C-%EB%AA%A8%EB%85%B8%EA%B7%B8%EB%9E%A8-%EB%A0%88%EB%8D%94-%ED%98%B8%EB%B3%B4/MWHESTA03BK001.html
MWBFAEA01CO001,Ella 비세토스 보스턴 백,1390000,Cognac,ACTIVE,비세토스 모노그램 캔버스,천연 가죽,스웨이드 마감의 극세사,24K 골드 도금 브라스 하드웨어,17 x 32 x 21,93cm - 109cm,10cm,대한민국,탈부착이 가능하며 길이 조절이 가능한 가죽 스트랩 | 가죽 탑 핸들 | 탈착 가능한 바이에른 다이아몬드 가죽 참 | 양방향 지퍼 클로저 | 내부 포켓과 지퍼 수납 공간,,https://images.mcmworldwide.com/i/mcmworldwide/MWBFAEA01CO001_01 | https://images.mcmworldwide.com/i/mcmworldwide/MWBFAEA01CO001_09 | https://images.mcmworldwide.com/i/mcmworldwide/MWBFAEA01CO001_02 | https://images.mcmworldwide.com/i/mcmworldwide/MWBFAEA01CO001_03 | https://images.mcmworldwide.com/i/mcmworldwide/MWBFAEA01CO001_04 | https://images.mcmworldwide.com/i/mcmworldwide/MWBFAEA01CO001_10,,https://kr.mcmworldwide.com/ko_KR/%EA%B0%80%EB%B0%A9/%EB%AA%A8%EB%91%90%EB%B3%B4%EA%B8%B0/ella-%EB%B9%84%EC%84%B8%ED%86%A0%EC%8A%A4-%EB%B3%B4%EC%8A%A4%ED%84%B4-%EB%B0%B1/MWBFAEA01CO001.html
MWRAAME01CO001,Tracy 비세토스 크로스바디,890000,Cognac,ACTIVE,나파 가죽 트림,,,24K 금 도금 하드웨어,6 x 22 x 16,98cm~114cm,,대한민국,로렐 락 클로저. | 내부 오픈 포켓 및 지퍼 포켓 | 카드 슬롯 4개 | 외부 후면 슬립 포켓 | 후면 외부 슬립 포켓.,,https://images.mcmworldwide.com/i/mcmworldwide/MWRAAME01CO001_01 | https://images.mcmworldwide.com/i/mcmworldwide/MWRAAME01CO001_09 | https://images.mcmworldwide.com/i/mcmworldwide/MWRAAME01CO001_03 | https://images.mcmworldwide.com/i/mcmworldwide/MWRAAME01CO001_04 | https://images.mcmworldwide.com/i/mcmworldwide/MWRAAME01CO001_10,https://images.mcmworldwide.com/v/mcmworldwide/MWRAAME01CO001_VID/webm_720p,https://kr.mcmworldwide.com/ko_KR/%EA%B0%80%EB%B0%A9/%EB%AA%A8%EB%91%90%EB%B3%B4%EA%B8%B0/tracy-%EB%B9%84%EC%84%B8%ED%86%A0%EC%8A%A4-%ED%81%AC%EB%A1%9C%EC%8A%A4%EB%B0%94%EB%94%94/MWRAAME01CO001.html
MWSFSAK01BK001,Diamant 3D 카프 레더 숄더백,2050000,Black,ACTIVE,이탈리안 카프스킨 레더,,스웨이드 마감 마이크로파이버,24K 금 도금 브라스 하드웨어,14 x 34 x 23,50cm,,이탈리아,길이 조절이 가능한 가죽 스트랩 | 뒷면의 외부 포켓과 지퍼 수납공간 | 앞면의 MCM로고 모티브 | 이중 지퍼 클로저 | 내부 지퍼 수납공간,,https://images.mcmworldwide.com/i/mcmworldwide/MWSFSAK01BK001_01 | https://images.mcmworldwide.com/i/mcmworldwide/MWSFSAK01BK001_09 | https://images.mcmworldwide.com/i/mcmworldwide/MWSFSAK01BK001_02 | https://images.mcmworldwide.com/i/mcmworldwide/MWSFSAK01BK001_03 | https://images.mcmworldwide.com/i/mcmworldwide/MWSFSAK01BK001_05 | https://images.mcmworldwide.com/i/mcmworldwide/MWSFSAK01BK001_06 | https://images.mcmworldwide.com/i/mcmworldwide/MWSFSAK01BK001_10 | https://images.mcmworldwide.com/i/mcmworldwide/MWSFSAK01BK001_11,https://images.mcmworldwide.com/v/mcmworldwide/MWSFSAK01BK001_VID/webm_720p,https://kr.mcmworldwide.com/ko_KR/%EA%B0%80%EB%B0%A9/%EB%AA%A8%EB%91%90%EB%B3%B4%EA%B8%B0/diamant-3d-%EC%B9%B4%ED%94%84-%EB%A0%88%EB%8D%94-%EC%88%84%EB%8D%94%EB%B0%B1/MWSFSAK01BK001.html
MWHGSTA04BK001,Aren 비세토스 듀오 호보,1290000,Black,ACTIVE,비세토스 모노그램 캔버스,천연 가죽,스웨이드 마감의 극세사,실버톤 코발트 브라스 하드웨어,6 x 26 x 22,95 cm - 119 cm,25 cm,대한민국,길이 조절이 가능한 가죽 스트랩 | 탈부착 가능한 체인 핸들 스트랩 | 엠보싱 처리된 라우렐 로고 모티프 | 지퍼 클로저 | 라지 비세토스 백: 내부 지퍼 수납공간 | 스몰 레더 백: 2개의 카드 슬롯,MWHFSTA03CO001 | MWHGSTA04PZ001,https://images.mcmworldwide.com/i/mcmworldwide/MWHGSTA04BK001_01 | https://images.mcmworldwide.com/i/mcmworldwide/MWHGSTA04BK001_09 | https://images.mcmworldwide.com/i/mcmworldwide/MWHGSTA04BK001_02 | https://images.mcmworldwide.com/i/mcmworldwide/MWHGSTA04BK001_03 | https://images.mcmworldwide.com/i/mcmworldwide/MWHGSTA04BK001_04 | https://images.mcmworldwide.com/i/mcmworldwide/MWHGSTA04BK001_05 | https://images.mcmworldwide.com/i/mcmworldwide/MWHGSTA04BK001_06 | https://images.mcmworldwide.com/i/mcmworldwide/MWHGSTA04BK001_10 | https://images.mcmworldwide.com/i/mcmworldwide/MWHGSTA04BK001_11,https://images.mcmworldwide.com/v/mcmworldwide/MWHGSTA04BK001_VID/webm_720p,https://kr.mcmworldwide.com/ko_KR/%EA%B0%80%EB%B0%A9/%EB%AA%A8%EB%91%90%EB%B3%B4%EA%B8%B0/aren-%EB%B9%84%EC%84%B8%ED%86%A0%EC%8A%A4-%EB%93%80%EC%98%A4-%ED%98%B8%EB%B3%B4/MWHGSTA04BK001.html
MWPCSVI01BK001,Liz 비세토스 리버서블 쇼퍼,1090000,Black,ACTIVE,보호용 가죽 피트,,큐빅 모노그램 코튼 캔버스,다크 코발트 금속 장식,17 x 36 x 28,,24cm,대한민국,리버서블 디자인 | 탈부착 가능한 비세토스 지퍼 파우치와 가죽 어깨 스트랩 | 레더 손잡이 부분 | 전면의 MCM 로고 플레이트 | 비세토스 모노그램 코티드 캔버스 | 나파 가죽 트림,MWPCSVI01CO001,https://images.mcmworldwide.com/i/mcmworldwide/MWPCSVI01BK001_01 | https://images.mcmworldwide.com/i/mcmworldwide/MWPCSVI01BK001_09 | https://images.mcmworldwide.com/i/mcmworldwide/MWPCSVI01BK001_02 | https://images.mcmworldwide.com/i/mcmworldwide/MWPCSVI01BK001_03 | https://images.mcmworldwide.com/i/mcmworldwide/MWPCSVI01BK001_04 | https://images.mcmworldwide.com/i/mcmworldwide/MWPCSVI01BK001_06 | https://images.mcmworldwide.com/i/mcmworldwide/MWPCSVI01BK001_10,https://images.mcmworldwide.com/v/mcmworldwide/MWPCSVI01BK001_VID/webm_720p,https://kr.mcmworldwide.com/ko_KR/%EA%B0%80%EB%B0%A9/%EB%AA%A8%EB%91%90%EB%B3%B4%EA%B8%B0/liz-%EB%B9%84%EC%84%B8%ED%86%A0%EC%8A%A4-%EB%A6%AC%EB%B2%84%EC%84%9C%EB%B8%94-%EC%87%BC%ED%8D%BC/MWPCSVI01BK001.html
MWPCSVI01CO001,Liz 리버서블 비세토스 쇼퍼,1090000,Cognac,ACTIVE,보호용 가죽 바닥.,,큐빅 모노그램 코튼 캔버스,24K 금 도금 메탈 하드웨어,17 x 36 x 28,,24cm,대한민국,리버서블 디자인 | 탈부착 가능한 비세토스 지퍼 파우치와 가죽 어깨 스트랩 | 가죽 손잡이 부분 | 전면의 MCM 로고 플레이트 | 비세토스 모노그램 코티드 캔버스. | 나파 가죽 트림,MWPCSVI01BK001,https://images.mcmworldwide.com/i/mcmworldwide/MWPCSVI01CO001_01 | https://images.mcmworldwide.com/i/mcmworldwide/MWPCSVI01CO001_09 | https://images.mcmworldwide.com/i/mcmworldwide/MWPCSVI01CO001_02 | https://images.mcmworldwide.com/i/mcmworldwide/MWPCSVI01CO001_03 | https://images.mcmworldwide.com/i/mcmworldwide/MWPCSVI01CO001_04 | https://images.mcmworldwide.com/i/mcmworldwide/MWPCSVI01CO001_05 | https://images.mcmworldwide.com/i/mcmworldwide/MWPCSVI01CO001_06 | https://images.mcmworldwide.com/i/mcmworldwide/MWPCSVI01CO001_10,https://images.mcmworldwide.com/v/mcmworldwide/MWPCSVI01CO001_VID/webm_720p,https://kr.mcmworldwide.com/ko_KR/%EC%97%AC%EC%84%B1/%ED%95%B8%EB%93%9C%EB%B0%B1/%EC%87%BC%ED%8D%BC-%ED%86%A0%ED%8A%B8%EB%B0%B1/liz-%EB%A6%AC%EB%B2%84%EC%84%9C%EB%B8%94-%EB%B9%84%EC%84%B8%ED%86%A0%EC%8A%A4-%EC%87%BC%ED%8D%BC/MWPCSVI01CO001.html
MWSEAAK01CK001,Diamant 3D 카프 레더 숄더백,2350000,Brown,ACTIVE,나파 송아지 가죽,,스웨이드 마감 마이크로파이버,24K 도금 브라스 금속 장식,16 x 40 x 26,,55cm,이탈리아,조절 가능한 가죽 어깨 스트랩 | 외부 포켓 및 뒷면 지퍼 수납공간 | 이중 지퍼 클로저 | 상단의 MCM 로고 모티프 | 내부 지퍼 수납공간,MEFEAMM07VC001,https://images.mcmworldwide.com/i/mcmworldwide/MWSEAAK01CK001_01 | https://images.mcmworldwide.com/i/mcmworldwide/MWSEAAK01CK001_09 | https://images.mcmworldwide.com/i/mcmworldwide/MWSEAAK01CK001_02 | https://images.mcmworldwide.com/i/mcmworldwide/MWSEAAK01CK001_03 | https://images.mcmworldwide.com/i/mcmworldwide/MWSEAAK01CK001_04 | https://images.mcmworldwide.com/i/mcmworldwide/MWSEAAK01CK001_05 | https://images.mcmworldwide.com/i/mcmworldwide/MWSEAAK01CK001_06 | https://images.mcmworldwide.com/i/mcmworldwide/MWSEAAK01CK001_10 | https://images.mcmworldwide.com/i/mcmworldwide/MWSEAAK01CK001_11 | https://images.mcmworldwide.com/i/mcmworldwide/MWSEAAK01CK001_12,https://images.mcmworldwide.com/v/mcmworldwide/MWSEAAK01CK001_VID/webm_720p,https://kr.mcmworldwide.com/ko_KR/%EA%B0%80%EB%B0%A9/%EB%AA%A8%EB%91%90%EB%B3%B4%EA%B8%B0/diamant-3d-%EC%B9%B4%ED%94%84-%EB%A0%88%EB%8D%94-%EC%88%84%EB%8D%94%EB%B0%B1/MWSEAAK01CK001.html
MWRESAK01BK001,Diamond 카프 레더 숄더백,1050000,Black,ACTIVE,,,스웨이드 마감 마이크로파이버,24K 도금 브라스 금속 장식,5 x 20 x 13,,60cm,대한민국,탈부착 가능한 체인 레더 믹스 어깨 스트랩 | 후면 외부 슬립 포켓. | 바이에른 다이아몬드 퀼트 앞면 플랩 | MCM 로고 모티프 | 자석 스냅 클로저 | 내부 지퍼 포켓 및 카드 슬롯,,https://images.mcmworldwide.com/i/mcmworldwide/MWRESAK01BK001_01 | https://images.mcmworldwide.com/i/mcmworldwide/MWRESAK01BK001_09 | https://images.mcmworldwide.com/i/mcmworldwide/MWRESAK01BK001_02 | https://images.mcmworldwide.com/i/mcmworldwide/MWRESAK01BK001_03 | https://images.mcmworldwide.com/i/mcmworldwide/MWRESAK01BK001_04 | https://images.mcmworldwide.com/i/mcmworldwide/MWRESAK01BK001_10,,https://kr.mcmworldwide.com/ko_KR/%EA%B0%80%EB%B0%A9/%EB%AA%A8%EB%91%90%EB%B3%B4%EA%B8%B0/diamond-%EC%B9%B4%ED%94%84-%EB%A0%88%EB%8D%94-%EC%88%84%EB%8D%94%EB%B0%B1/MWRESAK01BK001.html
MWSCSLM02BK001,Travia 크러쉬드 레더 퀼티드 숄더백,1550000,Black,ACTIVE,크러쉬드 이탈리안 가죽,,스웨이드 마감 마이크로파이버,매트 블랙 금속 장식,15 x 38 x 27,55cm,,이탈리아,체인 스트랩 | 뒷면 외부 슬립 포켓 | MCM 로고 잠금 장치 | 전면 포켓 | 내부 지퍼 포켓,,https://images.mcmworldwide.com/i/mcmworldwide/MWSCSLM02BK001_01 | https://images.mcmworldwide.com/i/mcmworldwide/MWSCSLM02BK001_09 | https://images.mcmworldwide.com/i/mcmworldwide/MWSCSLM02BK001_02 | https://images.mcmworldwide.com/i/mcmworldwide/MWSCSLM02BK001_03 | https://images.mcmworldwide.com/i/mcmworldwide/MWSCSLM02BK001_04 | https://images.mcmworldwide.com/i/mcmworldwide/MWSCSLM02BK001_10,https://images.mcmworldwide.com/v/mcmworldwide/MWSCSLM02BK001_VID/webm_720p,https://kr.mcmworldwide.com/ko_KR/%EA%B0%80%EB%B0%A9/%EB%AA%A8%EB%91%90%EB%B3%B4%EA%B8%B0/travia-%ED%81%AC%EB%9F%AC%EC%89%AC%EB%93%9C-%EB%A0%88%EB%8D%94-%ED%80%BC%ED%8B%B0%EB%93%9C-%EC%88%84%EB%8D%94%EB%B0%B1/MWSCSLM02BK001.html
MWSCSLM03BK001,트라비아 크러쉬드 레더 퀼티드 숄더백,1290000,Black,ACTIVE,크러쉬드 이탈리안 가죽,,스웨이드 마감 마이크로파이버,매트 블랙 금속 장식,7 x 25 x 16,55cm,,이탈리아,체인 스트랩 | 뒷면 외부 슬립 포켓 | MCM 로고 잠금 장치 | 전면 포켓 | 내부 지퍼 포켓,,https://images.mcmworldwide.com/i/mcmworldwide/MWSCSLM03BK001_01 | https://images.mcmworldwide.com/i/mcmworldwide/MWSCSLM03BK001_09 | https://images.mcmworldwide.com/i/mcmworldwide/MWSCSLM03BK001_02 | https://images.mcmworldwide.com/i/mcmworldwide/MWSCSLM03BK001_03 | https://images.mcmworldwide.com/i/mcmworldwide/MWSCSLM03BK001_04 | https://images.mcmworldwide.com/i/mcmworldwide/MWSCSLM03BK001_10,,https://kr.mcmworldwide.com/ko_KR/%EA%B0%80%EB%B0%A9/%EB%AA%A8%EB%91%90%EB%B3%B4%EA%B8%B0/%ED%8A%B8%EB%9D%BC%EB%B9%84%EC%95%84-%ED%81%AC%EB%9F%AC%EC%89%AC%EB%93%9C-%EB%A0%88%EB%8D%94-%ED%80%BC%ED%8B%B0%EB%93%9C-%EC%88%84%EB%8D%94%EB%B0%B1/MWSCSLM03BK001.html
MWTESAK02BK001,Diamond 엠보스드 레더,1850000,Black,ACTIVE,엠보스드 가죽,나파 송아지 가죽,스웨이드 마감 마이크로파이버,24K 도금 브라스 금속 장식,11 x 40 x 28,113.5cm~124cm,5cm,대한민국,탈부착 및 조절 가능한 가죽 스트랩 | 송아지 가죽 핸들 | 전면에 MCM 로고 모티프. | 지퍼 클로저 | 내부 슬립 포켓 및 지퍼 포켓.,,https://images.mcmworldwide.com/i/mcmworldwide/MWTESAK02BK001_01 | https://images.mcmworldwide.com/i/mcmworldwide/MWTESAK02BK001_09 | https://images.mcmworldwide.com/i/mcmworldwide/MWTESAK02BK001_02 | https://images.mcmworldwide.com/i/mcmworldwide/MWTESAK02BK001_03 | https://images.mcmworldwide.com/i/mcmworldwide/MWTESAK02BK001_04 | https://images.mcmworldwide.com/i/mcmworldwide/MWTESAK02BK001_10,,https://kr.mcmworldwide.com/ko_KR/%EA%B0%80%EB%B0%A9/%EB%AA%A8%EB%91%90%EB%B3%B4%EA%B8%B0/diamond--%EC%97%A0%EB%B3%B4%EC%8A%A4%EB%93%9C-%EB%A0%88%EB%8D%94/MWTESAK02BK001.html
MXZFATA13BK001,Aren 맥시 모노그램 가죽 파우치,930000,Black,ACTIVE,천연 풀 그레인 레더,,스웨이드 마감의 극세사,매트 블랙 다크 실버톤 코발트 메탈 하드웨어,5 x 30 x 22,,17cm,대한민국,탈착 가능한 손목 스트랩 | 엠보싱 처리된 맥시 비세토스 모노그램 | 지퍼 클로저 | 내부 지퍼 포켓,,https://images.mcmworldwide.com/i/mcmworldwide/MXZFATA13BK001_01 | https://images.mcmworldwide.com/i/mcmworldwide/MXZFATA13BK001_03 | https://images.mcmworldwide.com/i/mcmworldwide/MXZFATA13BK001_04,,https://kr.mcmworldwide.com/ko_KR/%EA%B0%80%EB%B0%A9/%EB%AA%A8%EB%91%90%EB%B3%B4%EA%B8%B0/aren-%EB%A7%A5%EC%8B%9C-%EB%AA%A8%EB%85%B8%EA%B7%B8%EB%9E%A8-%EA%B0%80%EC%A3%BD-%ED%8C%8C%EC%9A%B0%EC%B9%98/MXZFATA13BK001.html
MMKFSVE06BK001,리사이클 나일론 소재의 스타크 백팩,1590000,Black,ACTIVE,이탈리아산 재생 나일론,천연 나파 가죽,,실버 톤 코발트 메탈 하드웨어,15 x 32 x 44,74 cm ~ 90 cm,6.5cm,대한민국,"길이 조절이 가능한 스트랩 | 가죽 탑 핸 | 비세토스 모노그램 프린트의 앞면 및 측면 지퍼 포켓 | D링 디테일 | 양방향 지퍼 클로저 | 13"" 노트북과 태플릿 수납이 가능한 내부 포켓과 슬리브 | Padded back panel | 나일론 라이닝",,https://images.mcmworldwide.com/i/mcmworldwide/MMKFSVE06BK001_01 | https://images.mcmworldwide.com/i/mcmworldwide/MMKFSVE06BK001_09 | https://images.mcmworldwide.com/i/mcmworldwide/MMKFSVE06BK001_02 | https://images.mcmworldwide.com/i/mcmworldwide/MMKFSVE06BK001_03 | https://images.mcmworldwide.com/i/mcmworldwide/MMKFSVE06BK001_04 | https://images.mcmworldwide.com/i/mcmworldwide/MMKFSVE06BK001_10 | https://images.mcmworldwide.com/i/mcmworldwide/MMKFSVE06BK001_11 | https://images.mcmworldwide.com/i/mcmworldwide/MMKFSVE06BK001_12 | https://images.mcmworldwide.com/i/mcmworldwide/MMKFSVE06BK001_13,https://images.mcmworldwide.com/v/mcmworldwide/MMKFSVE06BK001_VID/webm_720p,https://kr.mcmworldwide.com/ko_KR/%EA%B0%80%EB%B0%A9/%EB%AA%A8%EB%91%90%EB%B3%B4%EA%B8%B0/%EB%A6%AC%EC%82%AC%EC%9D%B4%ED%81%B4-%EB%82%98%EC%9D%BC%EB%A1%A0-%EC%86%8C%EC%9E%AC%EC%9D%98-%EC%8A%A4%ED%83%80%ED%81%AC-%EB%B0%B1%ED%8C%A9/MMKFSVE06BK001.html
MMVAAVY03CO001,비세토스 소재의 오토마 위켄더 백.,1890000,Cognac,ACTIVE,,,,24K 금 도금 하드웨어,20 x 46 x 27,79cm - 130cm,,대한민국,양방향 지퍼 클로저 | 가죽 손잡이 부분 | 탈부착 가능한 수하물 택 및 금속 자물쇠와 열쇠 | 내부 지퍼 및 오픈 포켓 | 탈부착 가능한 가죽 커버 러기지 행택 및 금속 자물쇠와 열쇠 | 보호용 메탈 피트,MMVAAVY03BK001,https://images.mcmworldwide.com/i/mcmworldwide/MMVAAVY03CO001_01 | https://images.mcmworldwide.com/i/mcmworldwide/MMVAAVY03CO001_02 | https://images.mcmworldwide.com/i/mcmworldwide/MMVAAVY03CO001_03 | https://images.mcmworldwide.com/i/mcmworldwide/MMVAAVY03CO001_04,,https://kr.mcmworldwide.com/ko_KR/%EA%B0%80%EB%B0%A9/%EB%AA%A8%EB%91%90%EB%B3%B4%EA%B8%B0/%EB%B9%84%EC%84%B8%ED%86%A0%EC%8A%A4-%EC%86%8C%EC%9E%AC%EC%9D%98-%EC%98%A4%ED%86%A0%EB%A7%88-%EC%9C%84%EC%BC%84%EB%8D%94-%EB%B0%B1./MMVAAVY03CO001.html
MMKFATA01K8001,Aren ECONYL&reg;과 가죽을 사용한 백팩,1650000,Green,ACTIVE,ECONYL® 재생 나일론,비세토스 모노그램 프린트가 더해진 천연가죽,Nylon,다크 메탈 하드웨어,18 x 32 x 48,53 cm - 87 cm,7 cm,대한민국,버클이 있어 길이 조절이 가능한 숄더 스트랩 | 비세토스 모노그램 프린트가 더해진 가죽 탑핸들 | 다이아몬드 패치에 입체적으로 새겨진 로고 | 마그네틱 잠금 장치와 지퍼 포켓이 있는 앞면 플랩 수납공간 | 외부 사이드 지퍼 포켓 | 양방향 지퍼 클로저 | 16인치 노트북을 보관할 수 있는 내부 슬리브 | 패딩 처리된 패널,,https://images.mcmworldwide.com/i/mcmworldwide/MMKFATA01K8001_01 | https://images.mcmworldwide.com/i/mcmworldwide/MMKFATA01K8001_09 | https://images.mcmworldwide.com/i/mcmworldwide/MMKFATA01K8001_02 | https://images.mcmworldwide.com/i/mcmworldwide/MMKFATA01K8001_03 | https://images.mcmworldwide.com/i/mcmworldwide/MMKFATA01K8001_04 | https://images.mcmworldwide.com/i/mcmworldwide/MMKFATA01K8001_10,https://images.mcmworldwide.com/v/mcmworldwide/MMKFATA01K8001_VID/webm_720p,https://kr.mcmworldwide.com/ko_KR/%EA%B0%80%EB%B0%A9/%EB%AA%A8%EB%91%90%EB%B3%B4%EA%B8%B0/aren-econyl%C2%AE%EA%B3%BC-%EA%B0%80%EC%A3%BD%EC%9D%84-%EC%82%AC%EC%9A%A9%ED%95%9C-%EB%B0%B1%ED%8C%A9/MMKFATA01K8001.html
MMRAAKC02CO001,Aren 비세토스 크로스바디,1190000,Cognac,ACTIVE,비세토스 모노그램 코티드 캔버스.,,,24K 도금 메탈 금속 장식,5 x 22 x 16,80cm~140cm,,대한민국,자석 스냅 클로저가 있는 후면 외부 포켓 | 지퍼형 전면 포켓 | 내부 오픈 포켓 2개가 있는 지퍼 여밈 주요 수납공간 | MCM 로고 플레이트 | 나파 가죽 트림 | 코튼 트윌 안감.,MMRAAKC02BK001,https://images.mcmworldwide.com/i/mcmworldwide/MMRAAKC02CO001_01 | https://images.mcmworldwide.com/i/mcmworldwide/MMRAAKC02CO001_09 | https://images.mcmworldwide.com/i/mcmworldwide/MMRAAKC02CO001_02 | https://images.mcmworldwide.com/i/mcmworldwide/MMRAAKC02CO001_03 | https://images.mcmworldwide.com/i/mcmworldwide/MMRAAKC02CO001_04 | https://images.mcmworldwide.com/i/mcmworldwide/MMRAAKC02CO001_10 | https://images.mcmworldwide.com/i/mcmworldwide/MMRAAKC02CO001_11,https://images.mcmworldwide.com/v/mcmworldwide/MMRAAKC02CO001_VID/webm_720p,https://kr.mcmworldwide.com/ko_KR/%EA%B0%80%EB%B0%A9/%EB%AA%A8%EB%91%90%EB%B3%B4%EA%B8%B0/aren-%EB%B9%84%EC%84%B8%ED%86%A0%EC%8A%A4-%ED%81%AC%EB%A1%9C%EC%8A%A4%EB%B0%94%EB%94%94/MMRAAKC02CO001.html
MMRAAKC02BK001,Aren 비세토스 크로스바디,1190000,Black,ACTIVE,코티드 캔버스,,,코발트 메탈 하드웨어.,5 x 22 x 16,80cm~140cm,,대한민국,자석 스냅 클로저가 있는 후면 외부 포켓 | 지퍼형 전면 포켓 | 내부 오픈 포켓 2개가 있는 지퍼 여밈 주요 수납공간 | MCM 로고 플레이트 | 비세토스 모노그램 코티드 캔버스. | 나파 가죽 트림 | 코튼 트윌 안감.,MMRAAKC02CO001,https://images.mcmworldwide.com/i/mcmworldwide/MMRAAKC02BK001_01 | https://images.mcmworldwide.com/i/mcmworldwide/MMRAAKC02BK001_09 | https://images.mcmworldwide.com/i/mcmworldwide/MMRAAKC02BK001_02 | https://images.mcmworldwide.com/i/mcmworldwide/MMRAAKC02BK001_03 | https://images.mcmworldwide.com/i/mcmworldwide/MMRAAKC02BK001_04 | https://images.mcmworldwide.com/i/mcmworldwide/MMRAAKC02BK001_10 | https://images.mcmworldwide.com/i/mcmworldwide/MMRAAKC02BK001_11,https://images.mcmworldwide.com/v/mcmworldwide/MMRAAKC02BK001_VID/webm_720p,https://kr.mcmworldwide.com/ko_KR/%EB%82%A8%EC%84%B1/%EA%B0%80%EB%B0%A9/%ED%81%AC%EB%A1%9C%EC%8A%A4%EB%B0%B1/aren-%EB%B9%84%EC%84%B8%ED%86%A0%EC%8A%A4-%ED%81%AC%EB%A1%9C%EC%8A%A4%EB%B0%94%EB%94%94/MMRAAKC02BK001.html
MWSFSAK02CO001,디아망뜨 3D 비세토스 레더믹스 숄더백,1650000,Cognac,ACTIVE,비세토스 모노그램 캔버스,스페인산 송아지 가죽,스웨이드 마감 마이크로파이버,24K 도금 브라스 금속 장식,14 x 34 x 23,50cm,,대한민국,조절 가능한 가죽 어깨 스트랩 | 외부 포켓 및 뒷면 지퍼 수납공간 | 양방향 사선 지퍼 클로저 | 상단의 MCM 로고 모티프 | 내부 지퍼 수납공간,,https://images.mcmworldwide.com/i/mcmworldwide/MWSFSAK02CO001_01 | https://images.mcmworldwide.com/i/mcmworldwide/MWSFSAK02CO001_09 | https://images.mcmworldwide.com/i/mcmworldwide/MWSFSAK02CO001_02 | https://images.mcmworldwide.com/i/mcmworldwide/MWSFSAK02CO001_03 | https://images.mcmworldwide.com/i/mcmworldwide/MWSFSAK02CO001_04 | https://images.mcmworldwide.com/i/mcmworldwide/MWSFSAK02CO001_05 | https://images.mcmworldwide.com/i/mcmworldwide/MWSFSAK02CO001_06 | https://images.mcmworldwide.com/i/mcmworldwide/MWSFSAK02CO001_10,https://images.mcmworldwide.com/v/mcmworldwide/MWSFSAK02CO001_VID/webm_720p,https://kr.mcmworldwide.com/ko_KR/%EA%B0%80%EB%B0%A9/%EB%AA%A8%EB%91%90%EB%B3%B4%EA%B8%B0/%EB%94%94%EC%95%84%EB%A7%9D%EB%9C%A8-3d-%EB%B9%84%EC%84%B8%ED%86%A0%EC%8A%A4-%EB%A0%88%EB%8D%94%EB%AF%B9%EC%8A%A4-%EC%88%84%EB%8D%94%EB%B0%B1/MWSFSAK02CO001.html
MWTESBO06CO001,M&uuml;nchen 비세토스 토트,1690000,Cognac,ACTIVE,비세토스 모노그램 캔버스,천연 나파 가죽,스웨이드 마감의 극세사,24K 골드 도금 메탈 하드웨어,15 x 38 x 28,94.5cm - 110.5cm,10cm,대한민국,탈부착이 가능하며 길이 조절이 가능한 가죽 크로스바디 스트랩 | 가죽 탑 핸들 | 탈착 가능한 비세토스 파우치 | 후크 잠금 장지 | 내부 포켓과 지퍼 포켓 | 가방 바닥 보호에 도움을 주는 메탈 피트,,https://images.mcmworldwide.com/i/mcmworldwide/MWTESBO06CO001_01 | https://images.mcmworldwide.com/i/mcmworldwide/MWTESBO06CO001_09 | https://images.mcmworldwide.com/i/mcmworldwide/MWTESBO06CO001_02 | https://images.mcmworldwide.com/i/mcmworldwide/MWTESBO06CO001_03 | https://images.mcmworldwide.com/i/mcmworldwide/MWTESBO06CO001_04 | https://images.mcmworldwide.com/i/mcmworldwide/MWTESBO06CO001_10,https://images.mcmworldwide.com/v/mcmworldwide/MWTESBO06CO001_VID/webm_720p,https://kr.mcmworldwide.com/ko_KR/%EA%B0%80%EB%B0%A9/%EB%AA%A8%EB%91%90%EB%B3%B4%EA%B8%B0/m%C3%BCnchen-%EB%B9%84%EC%84%B8%ED%86%A0%EC%8A%A4-%ED%86%A0%ED%8A%B8/MWTESBO06CO001.html
MWPGSMT12L8001,Toni 그라데이션 탑 지퍼 쇼퍼,1090000,Blue,ACTIVE,비세토스 모노그램 캔버스,천연 가죽,스웨이드 마감의 극세사,로고 브라스 플레이트 | 실버톤 코발트 메탈 하드웨어,16 x 35 x 30,,26.5 cm,대한민국,가죽 핸들 | 탈착 가능한 바바리안 다이아몬드 가죽 참 | 그라데이션 효과 | 지퍼 클로저 | 내부 슬립 포켓 | D링 참 장식 디테일,,https://images.mcmworldwide.com/i/mcmworldwide/MWPGSMT12L8001_01 | https://images.mcmworldwide.com/i/mcmworldwide/MWPGSMT12L8001_09 | https://images.mcmworldwide.com/i/mcmworldwide/MWPGSMT12L8001_02 | https://images.mcmworldwide.com/i/mcmworldwide/MWPGSMT12L8001_03 | https://images.mcmworldwide.com/i/mcmworldwide/MWPGSMT12L8001_04 | https://images.mcmworldwide.com/i/mcmworldwide/MWPGSMT12L8001_05 | https://images.mcmworldwide.com/i/mcmworldwide/MWPGSMT12L8001_10 | https://images.mcmworldwide.com/i/mcmworldwide/MWPGSMT12L8001_11,https://images.mcmworldwide.com/v/mcmworldwide/MWPGSMT12L8001_VID/webm_720p,https://kr.mcmworldwide.com/ko_KR/%EA%B0%80%EB%B0%A9/%EB%AA%A8%EB%91%90%EB%B3%B4%EA%B8%B0/toni-%EA%B7%B8%EB%9D%BC%EB%8D%B0%EC%9D%B4%EC%85%98-%ED%83%91-%EC%A7%80%ED%8D%BC-%EC%87%BC%ED%8D%BC/MWPGSMT12L8001.html
MWHFATA01BK001,AREN ECONYL&reg;과 모노그램 프린트 가죽 지퍼 호보,1150000,Black,ACTIVE,ECONYL® 재생 나일론,비세토스 모노그램 프린트가 더해진 그레인 레더,패브릭,앞 포켓 라우렐 로고 하드웨어 | 실버톤 코발트 메탈 하드웨어,13 x 38 x 28,72cm - 92cm,45cm,대한민국,길이 조절이 가능한 가죽 스트랩 | 앞면 2개의 지퍼 수납공간 | 사이드 지퍼 포켓 | 지퍼 클로저 | 내부 포켓과 지퍼 포켓,,https://images.mcmworldwide.com/i/mcmworldwide/MWHFATA01BK001_01 | https://images.mcmworldwide.com/i/mcmworldwide/MWHFATA01BK001_09 | https://images.mcmworldwide.com/i/mcmworldwide/MWHFATA01BK001_02 | https://images.mcmworldwide.com/i/mcmworldwide/MWHFATA01BK001_03 | https://images.mcmworldwide.com/i/mcmworldwide/MWHFATA01BK001_04 | https://images.mcmworldwide.com/i/mcmworldwide/MWHFATA01BK001_10 | https://images.mcmworldwide.com/i/mcmworldwide/MWHFATA01BK001_11,https://images.mcmworldwide.com/v/mcmworldwide/MWHFATA01BK001_VID/webm_720p,https://kr.mcmworldwide.com/ko_KR/%EA%B0%80%EB%B0%A9/%EB%AA%A8%EB%91%90%EB%B3%B4%EA%B8%B0/aren-econyl%C2%AE%EA%B3%BC-%EB%AA%A8%EB%85%B8%EA%B7%B8%EB%9E%A8-%ED%94%84%EB%A6%B0%ED%8A%B8-%EA%B0%80%EC%A3%BD-%EC%A7%80%ED%8D%BC-%ED%98%B8%EB%B3%B4/MWHFATA01BK001.html
MMRESKK02BK001,Klassik 맥시 모노그램 레더 크로스바디,1290000,Black,ACTIVE,천연 나파 가죽,,스웨이드 마감 마이크로파이버,매트 블랙 메탈 하드웨어.,5 x 18 x 22,125.5cm ~ 149.5cm,,대한민국,조절 가능한 가죽 크로스바디 스트랩 | 엠보스드 맥시 모노그램 | 후면 외부 슬립 포켓. | 지퍼 클로저 | 내부 슬립 포켓 및 지퍼 포켓.,MMRESKK02VC001,https://images.mcmworldwide.com/i/mcmworldwide/MMRESKK02BK001_01 | https://images.mcmworldwide.com/i/mcmworldwide/MMRESKK02BK001_09 | https://images.mcmworldwide.com/i/mcmworldwide/MMRESKK02BK001_02 | https://images.mcmworldwide.com/i/mcmworldwide/MMRESKK02BK001_03 | https://images.mcmworldwide.com/i/mcmworldwide/MMRESKK02BK001_04 | https://images.mcmworldwide.com/i/mcmworldwide/MMRESKK02BK001_10,,https://kr.mcmworldwide.com/ko_KR/%EA%B0%80%EB%B0%A9/%EB%AA%A8%EB%91%90%EB%B3%B4%EA%B8%B0/klassik-%EB%A7%A5%EC%8B%9C-%EB%AA%A8%EB%85%B8%EA%B7%B8%EB%9E%A8-%EB%A0%88%EB%8D%94-%ED%81%AC%EB%A1%9C%EC%8A%A4%EB%B0%94%EB%94%94/MMRESKK02BK001.html
MMRESKK02VC001,Klassik 맥시 모노그램 레더 크로스바디,1290000,Blue,ACTIVE,천연 나파 가죽,,스웨이드 마감 마이크로파이버,실버톤 코발트 금속 장식,5 x 18 x 22,124cm~148cm,,대한민국,조절 가능한 가죽 크로스바디 스트랩 | 엠보스드 맥시 모노그램 | 뒷면 외부 포켓 | 지퍼 클로저 | 내부 포켓 및 지퍼 수납공간,MMRESKK02BK001,https://images.mcmworldwide.com/i/mcmworldwide/MMRESKK02VC001_01 | https://images.mcmworldwide.com/i/mcmworldwide/MMRESKK02VC001_09 | https://images.mcmworldwide.com/i/mcmworldwide/MMRESKK02VC001_02 | https://images.mcmworldwide.com/i/mcmworldwide/MMRESKK02VC001_03 | https://images.mcmworldwide.com/i/mcmworldwide/MMRESKK02VC001_04 | https://images.mcmworldwide.com/i/mcmworldwide/MMRESKK02VC001_10,https://images.mcmworldwide.com/v/mcmworldwide/MMRESKK02VC001_VID/webm_720p,https://kr.mcmworldwide.com/ko_KR/%EB%82%A8%EC%84%B1/%EA%B0%80%EB%B0%A9/%ED%81%AC%EB%A1%9C%EC%8A%A4%EB%B0%B1/klassik-%EB%A7%A5%EC%8B%9C-%EB%AA%A8%EB%85%B8%EA%B7%B8%EB%9E%A8-%EB%A0%88%EB%8D%94-%ED%81%AC%EB%A1%9C%EC%8A%A4%EB%B0%94%EB%94%94/MMRESKK02VC001.html
MWRGAXT01PZ001,Tracy 비세토스 레더믹스 크로스바디,1050000,Pink,ACTIVE,비세토스 모노그램 캔버스,카프스킨 레더,스웨이드 마감의 극세사,16K 골드 도금 메탈 하드웨어,5 x 22 x 11,,55 cm,대한민국,탈부착 가능한 레더 체인 믹스 스트랩 | 라우렐 락 클로저 | 내부 카드 슬롯과 지퍼 수납공간,,https://images.mcmworldwide.com/i/mcmworldwide/MWRGAXT01PZ001_01 | https://images.mcmworldwide.com/i/mcmworldwide/MWRGAXT01PZ001_09 | https://images.mcmworldwide.com/i/mcmworldwide/MWRGAXT01PZ001_02 | https://images.mcmworldwide.com/i/mcmworldwide/MWRGAXT01PZ001_03 | https://images.mcmworldwide.com/i/mcmworldwide/MWRGAXT01PZ001_04 | https://images.mcmworldwide.com/i/mcmworldwide/MWRGAXT01PZ001_05 | https://images.mcmworldwide.com/i/mcmworldwide/MWRGAXT01PZ001_06 | https://images.mcmworldwide.com/i/mcmworldwide/MWRGAXT01PZ001_10 | https://images.mcmworldwide.com/i/mcmworldwide/MWRGAXT01PZ001_11,,https://kr.mcmworldwide.com/ko_KR/%EA%B0%80%EB%B0%A9/%EB%AA%A8%EB%91%90%EB%B3%B4%EA%B8%B0/tracy-%EB%B9%84%EC%84%B8%ED%86%A0%EC%8A%A4-%EB%A0%88%EB%8D%94%EB%AF%B9%EC%8A%A4-%ED%81%AC%EB%A1%9C%EC%8A%A4%EB%B0%94%EB%94%94/MWRGAXT01PZ001.html
MWSGADC01BK001,Dia 퀼팅 카프스킨 숄더백,3150000,Black,ACTIVE,카프 스킨 레더,,스웨이드 마감의 극세사,24K 골드 도금 브라스 하드웨어,25 x 39 x 25,,28 cm,이탈리아,체인 스트랩 | 퀼팅 다이아몬드 모티프 | 다이아몬들 락 잠금장치 | 내부 지퍼 수납공간과 가죽 패치,,https://images.mcmworldwide.com/i/mcmworldwide/MWSGADC01BK001_01 | https://images.mcmworldwide.com/i/mcmworldwide/MWSGADC01BK001_02 | https://images.mcmworldwide.com/i/mcmworldwide/MWSGADC01BK001_03 | https://images.mcmworldwide.com/i/mcmworldwide/MWSGADC01BK001_04 | https://images.mcmworldwide.com/i/mcmworldwide/MWSGADC01BK001_05 | https://images.mcmworldwide.com/i/mcmworldwide/MWSGADC01BK001_06 | https://images.mcmworldwide.com/i/mcmworldwide/MWSGADC01BK001_10 | https://images.mcmworldwide.com/i/mcmworldwide/MWSGADC01BK001_11,,https://kr.mcmworldwide.com/ko_KR/%EA%B0%80%EB%B0%A9/%EB%AA%A8%EB%91%90%EB%B3%B4%EA%B8%B0/dia-%ED%80%BC%ED%8C%85-%EC%B9%B4%ED%94%84%EC%8A%A4%ED%82%A8-%EC%88%84%EB%8D%94%EB%B0%B1/MWSGADC01BK001.html
MMVGATT03CO001,Ottomar 디스코 비세토스 위켄더,2250000,Cognac,ACTIVE,비세토스 모노그램 캔버스,나파 가죽,코튼 트윌,로고 브라스 플레이트 | 24K 골드 도금 브라스 하드웨어,23 x 51 x 29,75cm - 132cm,13.5cm,대한민국,탈착이 가능하며 길이 조절이 가능한 패브칙 웨빙 스트랩 | 가죽 탑 핸들 | 자물쇠와 키가 달린 탈착 가능한 가죽 행 태그 | 양방향 지퍼 클로저 | 내부 포켓과 지퍼 수납 공간 | 캐리어 손잡이에 끼울 수 있는 밴드 | 가방 바닥 보호에 도움을 주는 메탈 피트,,https://images.mcmworldwide.com/i/mcmworldwide/MMVGATT03CO001_01 | https://images.mcmworldwide.com/i/mcmworldwide/MMVGATT03CO001_09 | https://images.mcmworldwide.com/i/mcmworldwide/MMVGATT03CO001_02 | https://images.mcmworldwide.com/i/mcmworldwide/MMVGATT03CO001_03 | https://images.mcmworldwide.com/i/mcmworldwide/MMVGATT03CO001_04 | https://images.mcmworldwide.com/i/mcmworldwide/MMVGATT03CO001_05 | https://images.mcmworldwide.com/i/mcmworldwide/MMVGATT03CO001_10,,https://kr.mcmworldwide.com/ko_KR/%EA%B0%80%EB%B0%A9/%EB%AA%A8%EB%91%90%EB%B3%B4%EA%B8%B0/ottomar-%EB%94%94%EC%8A%A4%EC%BD%94-%EB%B9%84%EC%84%B8%ED%86%A0%EC%8A%A4-%EC%9C%84%EC%BC%84%EB%8D%94/MMVGATT03CO001.html
MWBGAEA01CO001,Ella 디스코 비세토스 보스턴,1390000,Cognac,ACTIVE,비세토스 모노그램 캔버스,나파 가죽,스웨이드 마감의 극세사,24K 골드 도금 브라스 하드웨어,12 x 22 x 15,115cm - 139cm,8cm,대한민국,탈부착이 가능하며 길이 조절이 가능한 가죽 스트랩 | 가죽 탑 핸들 | 탈착 가능한 바이에른 다이아몬드 가죽 참 | 양방향 지퍼 클로저 | 내부 슬립 포켓,,https://images.mcmworldwide.com/i/mcmworldwide/MWBGAEA01CO001_01 | https://images.mcmworldwide.com/i/mcmworldwide/MWBGAEA01CO001_09 | https://images.mcmworldwide.com/i/mcmworldwide/MWBGAEA01CO001_02 | https://images.mcmworldwide.com/i/mcmworldwide/MWBGAEA01CO001_03 | https://images.mcmworldwide.com/i/mcmworldwide/MWBGAEA01CO001_04 | https://images.mcmworldwide.com/i/mcmworldwide/MWBGAEA01CO001_05 | https://images.mcmworldwide.com/i/mcmworldwide/MWBGAEA01CO001_10 | https://images.mcmworldwide.com/i/mcmworldwide/MWBGAEA01CO001_11,,https://kr.mcmworldwide.com/ko_KR/%EA%B0%80%EB%B0%A9/%EB%AA%A8%EB%91%90%EB%B3%B4%EA%B8%B0/-ella-%EB%94%94%EC%8A%A4%EC%BD%94-%EB%B9%84%EC%84%B8%ED%86%A0%EC%8A%A4-%EB%B3%B4%EC%8A%A4%ED%84%B4/MWBGAEA01CO001.html
MMKEATA02CO001,Aren 비세토스 멀티 백팩,2250000,Cognac,ACTIVE,비세토스 모노그램 캔버스,천연 나파 가죽,패브릭 및 나일론,24K 도금 브라스 금속 장식,10 x 77 x 47,8.9cm ~ 55.9cm,8.9cm,대한민국,조절 가능한 어깨 스트랩 | 가죽 손잡이 부분 | 탈부착 가능한 파우치 3개와 벨트백 1개 포함 | 스마트폰과 물병 수납을 위한 나일론 포켓,,https://images.mcmworldwide.com/i/mcmworldwide/MMKEATA02CO001_01 | https://images.mcmworldwide.com/i/mcmworldwide/MMKEATA02CO001_09 | https://images.mcmworldwide.com/i/mcmworldwide/MMKEATA02CO001_02 | https://images.mcmworldwide.com/i/mcmworldwide/MMKEATA02CO001_03 | https://images.mcmworldwide.com/i/mcmworldwide/MMKEATA02CO001_04 | https://images.mcmworldwide.com/i/mcmworldwide/MMKEATA02CO001_05 | https://images.mcmworldwide.com/i/mcmworldwide/MMKEATA02CO001_10 | https://images.mcmworldwide.com/i/mcmworldwide/MMKEATA02CO001_11 | https://images.mcmworldwide.com/i/mcmworldwide/MMKEATA02CO001_12 | https://images.mcmworldwide.com/i/mcmworldwide/MMKEATA02CO001_13 | https://images.mcmworldwide.com/i/mcmworldwide/MMKEATA02CO001_14,,https://kr.mcmworldwide.com/ko_KR/%EA%B0%80%EB%B0%A9/%EB%AA%A8%EB%91%90%EB%B3%B4%EA%B8%B0/aren-%EB%B9%84%EC%84%B8%ED%86%A0%EC%8A%A4-%EB%A9%80%ED%8B%B0-%EB%B0%B1%ED%8C%A9/MMKEATA02CO001.html
MWPFATA01BK001,Aren ECONYL&reg;과 가죽 마마 쇼퍼,1050000,Black,ACTIVE,ECONYL® 재생 나일론,비세토스 모노그램 프린트가 더해진 그레인 레더,패브릭,앞면에 라우렐 로고가 더해진 하드웨어 | 실버톤 코발트 메탈 하드웨어,20 x 29 x 35,,25cm,대한민국,가죽 탑 핸들 | 비세토스 모노그램 프린트가 더해진 탈부착 가능한 다이아몬드 가죽 참 | 외부 사이드 슬립 포켓 | 마그네틱 탭 클로저 | 내부 지퍼 수납공간 | 내부 후크 잠금장치 | 바닥 보호를 위한 레더 패드,,https://images.mcmworldwide.com/i/mcmworldwide/MWPFATA01BK001_01 | https://images.mcmworldwide.com/i/mcmworldwide/MWPFATA01BK001_09 | https://images.mcmworldwide.com/i/mcmworldwide/MWPFATA01BK001_02 | https://images.mcmworldwide.com/i/mcmworldwide/MWPFATA01BK001_03 | https://images.mcmworldwide.com/i/mcmworldwide/MWPFATA01BK001_04 | https://images.mcmworldwide.com/i/mcmworldwide/MWPFATA01BK001_05 | https://images.mcmworldwide.com/i/mcmworldwide/MWPFATA01BK001_10,https://images.mcmworldwide.com/v/mcmworldwide/MWPFATA01BK001_VID/webm_720p,https://kr.mcmworldwide.com/ko_KR/%EA%B0%80%EB%B0%A9/%EB%AA%A8%EB%91%90%EB%B3%B4%EA%B8%B0/aren-econyl%C2%AE%EA%B3%BC-%EA%B0%80%EC%A3%BD-%EB%A7%88%EB%A7%88-%EC%87%BC%ED%8D%BC/MWPFATA01BK001.html
MWPFSTA04BK001,재생 나일론 및 모노그램 프린트 가죽 소재의 Aren 쇼퍼,750000,Black,ACTIVE,이탈리아산 재생 나일론,비세토스 모노그램 프린트 가죽,,앞면의 라우렐 로고 금속 장식 | 실버톤 코발트 금속 장식,9 x 16 x 14,94.5cm~118.5cm,7.5cm,대한민국,탈부착 및 조절 가능한 비세토스 모노그램 프린트 가죽 스트랩 | 레더 손잡이 부분 | 비세토스 모노그램 프린트의 탈부착 가능한 다이아몬드 가죽 로고 참 | 지퍼 클로저 | 내부 포켓 및 카드 슬롯 | 패브릭 안감.,,https://images.mcmworldwide.com/i/mcmworldwide/MWPFSTA04BK001_01 | https://images.mcmworldwide.com/i/mcmworldwide/MWPFSTA04BK001_09 | https://images.mcmworldwide.com/i/mcmworldwide/MWPFSTA04BK001_02 | https://images.mcmworldwide.com/i/mcmworldwide/MWPFSTA04BK001_03 | https://images.mcmworldwide.com/i/mcmworldwide/MWPFSTA04BK001_04,https://images.mcmworldwide.com/v/mcmworldwide/MWPFSTA04BK001_VID/webm_720p,https://kr.mcmworldwide.com/ko_KR/%EA%B0%80%EB%B0%A9/%EB%AA%A8%EB%91%90%EB%B3%B4%EA%B8%B0/%EC%9E%AC%EC%83%9D-%EB%82%98%EC%9D%BC%EB%A1%A0-%EB%B0%8F-%EB%AA%A8%EB%85%B8%EA%B7%B8%EB%9E%A8-%ED%94%84%EB%A6%B0%ED%8A%B8-%EA%B0%80%EC%A3%BD-%EC%86%8C%EC%9E%AC%EC%9D%98-aren-%EC%87%BC%ED%8D%BC/MWPFSTA04BK001.html
MWHFSTA01BK001,Aren 시퀸 양가죽 호보,1350000,Black,ACTIVE,양가죽,천연 나파 가죽,스웨이드 마감 마이크로파이버,24K 도금 브라스 금속 장식,10 x 26 x 19,125cm~133cm,,대한민국,길이 조절 가능한 가죽 스트랩과 크로스바디 스트랩 익스텐션 | 시퀸 장식 | 탈부착 가능한 바이에른 다이아몬드 로고 가죽 참 | MCM 로고 모티프 | 지퍼 클로저 | 내부 포켓,,https://images.mcmworldwide.com/i/mcmworldwide/MWHFSTA01BK001_01 | https://images.mcmworldwide.com/i/mcmworldwide/MWHFSTA01BK001_09 | https://images.mcmworldwide.com/i/mcmworldwide/MWHFSTA01BK001_02 | https://images.mcmworldwide.com/i/mcmworldwide/MWHFSTA01BK001_03 | https://images.mcmworldwide.com/i/mcmworldwide/MWHFSTA01BK001_04 | https://images.mcmworldwide.com/i/mcmworldwide/MWHFSTA01BK001_10,https://images.mcmworldwide.com/v/mcmworldwide/MWHFSTA01BK001_VID/webm_720p,https://kr.mcmworldwide.com/ko_KR/%EA%B0%80%EB%B0%A9/%EB%AA%A8%EB%91%90%EB%B3%B4%EA%B8%B0/aren-%EC%8B%9C%ED%80%B8-%EC%96%91%EA%B0%80%EC%A3%BD-%ED%98%B8%EB%B3%B4/MWHFSTA01BK001.html
MMVAAVY03BK001,비세토스 소재의 오토마 위켄더 백.,1890000,Black,ACTIVE,나파 가죽 트림,,,코발트 하드웨어.,20 x 46 x 27,75cm~132cm,,대한민국,가죽 손잡이 부분 | 양방향 지퍼 클로저 | 보호용 메탈 바닥 받침. | 내부 지퍼 및 오픈 포켓 | 탈부착 가능한 가죽 커버 러기지 행택 및 금속 자물쇠와 열쇠 | 보호용 메탈 피트,MMVAAVY03CO001,https://images.mcmworldwide.com/i/mcmworldwide/MMVAAVY03BK001_01 | https://images.mcmworldwide.com/i/mcmworldwide/MMVAAVY03BK001_09 | https://images.mcmworldwide.com/i/mcmworldwide/MMVAAVY03BK001_02 | https://images.mcmworldwide.com/i/mcmworldwide/MMVAAVY03BK001_03 | https://images.mcmworldwide.com/i/mcmworldwide/MMVAAVY03BK001_04 | https://images.mcmworldwide.com/i/mcmworldwide/MMVAAVY03BK001_05 | https://images.mcmworldwide.com/i/mcmworldwide/MMVAAVY03BK001_10 | https://images.mcmworldwide.com/i/mcmworldwide/MMVAAVY03BK001_11 | https://images.mcmworldwide.com/i/mcmworldwide/MMVAAVY03BK001_12,,https://kr.mcmworldwide.com/ko_KR/%EA%B0%80%EB%B0%A9/%EB%AA%A8%EB%91%90%EB%B3%B4%EA%B8%B0/%EB%B9%84%EC%84%B8%ED%86%A0%EC%8A%A4-%EC%86%8C%EC%9E%AC%EC%9D%98-%EC%98%A4%ED%86%A0%EB%A7%88-%EC%9C%84%EC%BC%84%EB%8D%94-%EB%B0%B1./MMVAAVY03BK001.html
MWCGAAK01CO001,Diamond 비세토스 레더 믹스 클러치,1050000,Cognac,ACTIVE,비세토스 모노그램 캔버스,카프스킨 레더,스웨이드 마감의 극세사,24K 골드 도금 브라스 하드웨어,5 x 28 x 13,115 cm - 131 cm,,대한민국,탈부착이 가능하며 길이 조절이 가능한 체인 스트랩 | 뒷면 외부 슬립 포켓 | 마그네틱 탭 클로저 | 내부 슬립 포켓 및 지퍼 수납공간,,https://images.mcmworldwide.com/i/mcmworldwide/MWCGAAK01CO001_01 | https://images.mcmworldwide.com/i/mcmworldwide/MWCGAAK01CO001_09 | https://images.mcmworldwide.com/i/mcmworldwide/MWCGAAK01CO001_02 | https://images.mcmworldwide.com/i/mcmworldwide/MWCGAAK01CO001_03 | https://images.mcmworldwide.com/i/mcmworldwide/MWCGAAK01CO001_04 | https://images.mcmworldwide.com/i/mcmworldwide/MWCGAAK01CO001_05 | https://images.mcmworldwide.com/i/mcmworldwide/MWCGAAK01CO001_06 | https://images.mcmworldwide.com/i/mcmworldwide/MWCGAAK01CO001_10 | https://images.mcmworldwide.com/i/mcmworldwide/MWCGAAK01CO001_11,,https://kr.mcmworldwide.com/ko_KR/%EA%B0%80%EB%B0%A9/%EB%AA%A8%EB%91%90%EB%B3%B4%EA%B8%B0/diamond-%EB%B9%84%EC%84%B8%ED%86%A0%EC%8A%A4-%EB%A0%88%EB%8D%94-%EB%AF%B9%EC%8A%A4-%ED%81%B4%EB%9F%AC%EC%B9%98/MWCGAAK01CO001.html
MWSGADC03BK001,Dia 퀼팅 카프스킨 숄더백,2490000,Black,ACTIVE,카프 스킨 레더,,스웨이드 마감의 극세사,24K 골드 도금 브라스 하드웨어,17 x 27 x 17,,28 cm,이탈리아,체인 스트랩 | 퀼팅 다이아몬드 모티프 | 다이아몬들 락 잠금장치 | 내부 지퍼 수납공간과 가죽 패치,MWSGADC02D6001,https://images.mcmworldwide.com/i/mcmworldwide/MWSGADC03BK001_01 | https://images.mcmworldwide.com/i/mcmworldwide/MWSGADC03BK001_09 | https://images.mcmworldwide.com/i/mcmworldwide/MWSGADC03BK001_02 | https://images.mcmworldwide.com/i/mcmworldwide/MWSGADC03BK001_03 | https://images.mcmworldwide.com/i/mcmworldwide/MWSGADC03BK001_04 | https://images.mcmworldwide.com/i/mcmworldwide/MWSGADC03BK001_05 | https://images.mcmworldwide.com/i/mcmworldwide/MWSGADC03BK001_06 | https://images.mcmworldwide.com/i/mcmworldwide/MWSGADC03BK001_10,,https://kr.mcmworldwide.com/ko_KR/%EA%B0%80%EB%B0%A9/%EB%AA%A8%EB%91%90%EB%B3%B4%EA%B8%B0/dia-%ED%80%BC%ED%8C%85-%EC%B9%B4%ED%94%84%EC%8A%A4%ED%82%A8-%EC%88%84%EB%8D%94%EB%B0%B1/MWSGADC03BK001.html
MMKEAVE16PZ001,Stark 사이드 스터드 비세토스 백팩,1490000,Pink,ACTIVE,비세토스 모노그램 캔버스,천연 나파 가죽,인조 나파,18K 금 도금 메탈 하드웨어,11 x 22 x 27,72.5cm ~ 90cm,7cm,대한민국,조절 가능한 어깨 스트랩 | 가죽 손잡이 부분 | MCM 로고 플레이트. | 전면 지퍼 수납공간 | 외부 사이드 포켓과 스터드 장식 | 양방향 지퍼 클로저 | 내부 포켓 및 슬리브,MMKEAVE16BK001 | MMKEAVE16CO001 | MMKEAVE16WT001,https://images.mcmworldwide.com/i/mcmworldwide/MMKEAVE16PZ001_01 | https://images.mcmworldwide.com/i/mcmworldwide/MMKEAVE16PZ001_09 | https://images.mcmworldwide.com/i/mcmworldwide/MMKEAVE16PZ001_02 | https://images.mcmworldwide.com/i/mcmworldwide/MMKEAVE16PZ001_03 | https://images.mcmworldwide.com/i/mcmworldwide/MMKEAVE16PZ001_04 | https://images.mcmworldwide.com/i/mcmworldwide/MMKEAVE16PZ001_10,,https://kr.mcmworldwide.com/ko_KR/%EA%B0%80%EB%B0%A9/%EB%AA%A8%EB%91%90%EB%B3%B4%EA%B8%B0/stark-%EC%82%AC%EC%9D%B4%EB%93%9C-%EC%8A%A4%ED%84%B0%EB%93%9C-%EB%B9%84%EC%84%B8%ED%86%A0%EC%8A%A4-%EB%B0%B1%ED%8C%A9/MMKEAVE16PZ001.html
MMKEAVE16BK001,Stark 사이드 스터드 비세토스 백팩,1490000,Black,ACTIVE,비세토스 모노그램 캔버스,천연 나파 가죽,인조 나파,다크 톤 코발트 메탈 하드웨어.,11 x 22 x 27,72.5cm ~ 90cm,7cm,대한민국,조절 가능한 어깨 스트랩 | 가죽 손잡이 부분 | MCM 로고 플레이트. | 전면 지퍼 수납공간 | 사이드 포켓과 스터드 장식 | 양방향 지퍼 클로저 | 내부 포켓 및 슬리브,MMKEAVE16CO001 | MMKEAVE16WT001 | MMKEAVE16PZ001,https://images.mcmworldwide.com/i/mcmworldwide/MMKEAVE16BK001_01 | https://images.mcmworldwide.com/i/mcmworldwide/MMKEAVE16BK001_09 | https://images.mcmworldwide.com/i/mcmworldwide/MMKEAVE16BK001_02 | https://images.mcmworldwide.com/i/mcmworldwide/MMKEAVE16BK001_03 | https://images.mcmworldwide.com/i/mcmworldwide/MMKEAVE16BK001_04 | https://images.mcmworldwide.com/i/mcmworldwide/MMKEAVE16BK001_10,,https://kr.mcmworldwide.com/ko_KR/mcm-fit-check-1/stark-%EC%82%AC%EC%9D%B4%EB%93%9C-%EC%8A%A4%ED%84%B0%EB%93%9C-%EB%B9%84%EC%84%B8%ED%86%A0%EC%8A%A4-%EB%B0%B1%ED%8C%A9/MMKEAVE16BK001.html
MMKEAVE16CO001,Stark 사이드 스터드 비세토스 백팩,1490000,Cognac,ACTIVE,비세토스 모노그램 캔버스,천연 나파 가죽,인조 나파,24K 도금 금속 장식,11 x 22 x 27,72.5cm~90cm,7cm,대한민국,조절 가능한 어깨 스트랩 | 가죽 손잡이 부분 | MCM 로고 플레이트 | 전면 지퍼 수납공간 | 사이드 포켓과 스터드 장식 | 양방향 지퍼 클로저 | 내부 포켓 및 슬리브,MMKEAVE16BK001 | MMKEAVE16WT001 | MMKEAVE16PZ001,https://images.mcmworldwide.com/i/mcmworldwide/MMKEAVE16CO001_01 | https://images.mcmworldwide.com/i/mcmworldwide/MMKEAVE16CO001_09 | https://images.mcmworldwide.com/i/mcmworldwide/MMKEAVE16CO001_02 | https://images.mcmworldwide.com/i/mcmworldwide/MMKEAVE16CO001_03 | https://images.mcmworldwide.com/i/mcmworldwide/MMKEAVE16CO001_04 | https://images.mcmworldwide.com/i/mcmworldwide/MMKEAVE16CO001_05 | https://images.mcmworldwide.com/i/mcmworldwide/MMKEAVE16CO001_06 | https://images.mcmworldwide.com/i/mcmworldwide/MMKEAVE16CO001_10 | https://images.mcmworldwide.com/i/mcmworldwide/MMKEAVE16CO001_11,,https://kr.mcmworldwide.com/ko_KR/mcm-fit-check-1/stark-%EC%82%AC%EC%9D%B4%EB%93%9C-%EC%8A%A4%ED%84%B0%EB%93%9C-%EB%B9%84%EC%84%B8%ED%86%A0%EC%8A%A4-%EB%B0%B1%ED%8C%A9/MMKEAVE16CO001.html
MMKEAVE16WT001,Stark 사이드 스터드 비세토스 백팩,1490000,White,ACTIVE,비세토스 모노그램 캔버스,천연 나파 가죽,인조 나파,실버톤 코발트 금속 장식,11 x 22 x 27,72.5cm~90cm,7cm,대한민국,조절 가능한 어깨 스트랩 | 가죽 손잡이 부분 | MCM 로고 플레이트 | 전면 지퍼 수납공간 | 사이드 포켓과 스터드 장식 | 양방향 지퍼 클로저 | 내부 포켓 및 슬리브,MMKEAVE16BK001 | MMKEAVE16CO001 | MMKEAVE16PZ001,https://images.mcmworldwide.com/i/mcmworldwide/MMKEAVE16WT001_01 | https://images.mcmworldwide.com/i/mcmworldwide/MMKEAVE16WT001_09 | https://images.mcmworldwide.com/i/mcmworldwide/MMKEAVE16WT001_02 | https://images.mcmworldwide.com/i/mcmworldwide/MMKEAVE16WT001_03 | https://images.mcmworldwide.com/i/mcmworldwide/MMKEAVE16WT001_04 | https://images.mcmworldwide.com/i/mcmworldwide/MMKEAVE16WT001_10,,https://kr.mcmworldwide.com/ko_KR/mcm-icons-edit/stark-%EC%82%AC%EC%9D%B4%EB%93%9C-%EC%8A%A4%ED%84%B0%EB%93%9C-%EB%B9%84%EC%84%B8%ED%86%A0%EC%8A%A4-%EB%B0%B1%ED%8C%A9/MMKEAVE16WT001.html
MMVFSTT04VC001,Ottomar 맥시 모노그램 레더 위켄더 백,2050000,Blue,ACTIVE,천연 나파 가죽,,스웨이드 마감 마이크로파이버,실버톤 코발트 금속 장식,18 x 41 x 26,81cm~137cm,12cm,대한민국,탈착 및 조절 가능한 헤링본 웨빙 스트랩 | 가죽 손잡이 부분 | 엠보스드 맥시 모노그램 | 탈부착 가능한 가죽 행택 및 금속 자물쇠와 열쇠 | 양방향 지퍼 클로저 | 내부 포켓 및 지퍼 수납공간 | 보호용 메탈 피트,,https://images.mcmworldwide.com/i/mcmworldwide/MMVFSTT04VC001_01 | https://images.mcmworldwide.com/i/mcmworldwide/MMVFSTT04VC001_09 | https://images.mcmworldwide.com/i/mcmworldwide/MMVFSTT04VC001_02 | https://images.mcmworldwide.com/i/mcmworldwide/MMVFSTT04VC001_03 | https://images.mcmworldwide.com/i/mcmworldwide/MMVFSTT04VC001_04 | https://images.mcmworldwide.com/i/mcmworldwide/MMVFSTT04VC001_10,https://images.mcmworldwide.com/v/mcmworldwide/MMVFSTT04VC001_VID/webm_720p,https://kr.mcmworldwide.com/ko_KR/%EA%B0%80%EB%B0%A9/%EB%AA%A8%EB%91%90%EB%B3%B4%EA%B8%B0/ottomar-%EB%A7%A5%EC%8B%9C-%EB%AA%A8%EB%85%B8%EA%B7%B8%EB%9E%A8-%EB%A0%88%EB%8D%94-%EC%9C%84%EC%BC%84%EB%8D%94-%EB%B0%B1/MMVFSTT04VC001.html
MYZGATA01BK001,Aren 비세토스 크로스바디 파우치,690000,Black,ACTIVE,비세토스 모노그램 캔버스,나파 가죽,코튼 트윌,실버톤 코발트 브라스 하드웨어,2 x 26 x 15,111.5 cm - 135.5 cm,60 cm,대한민국,탈착이 가능하며 길이 조절이 가능한 레더 스트랩 | 뒷면 외부 슬립 포켓 | 지퍼 클로저 | 내부 카드 슬롯,MYZGATA01CO001,https://images.mcmworldwide.com/i/mcmworldwide/MYZGATA01BK001_01 | https://images.mcmworldwide.com/i/mcmworldwide/MYZGATA01BK001_09 | https://images.mcmworldwide.com/i/mcmworldwide/MYZGATA01BK001_02 | https://images.mcmworldwide.com/i/mcmworldwide/MYZGATA01BK001_03 | https://images.mcmworldwide.com/i/mcmworldwide/MYZGATA01BK001_04 | https://images.mcmworldwide.com/i/mcmworldwide/MYZGATA01BK001_05 | https://images.mcmworldwide.com/i/mcmworldwide/MYZGATA01BK001_10,,https://kr.mcmworldwide.com/ko_KR/%EA%B0%80%EB%B0%A9/%EB%AA%A8%EB%91%90%EB%B3%B4%EA%B8%B0/aren-%EB%B9%84%EC%84%B8%ED%86%A0%EC%8A%A4-%ED%81%AC%EB%A1%9C%EC%8A%A4%EB%B0%94%EB%94%94-%ED%8C%8C%EC%9A%B0%EC%B9%98/MYZGATA01BK001.html
MYZGATA01CO001,Aren 비세토스 크로스바디 파우치,690000,Cognac,ACTIVE,비세토스 모노그램 캔버스,나파 가죽,코튼 트윌,24K 골드 도금 브라스 하드웨어,2 x 26 x 15,111.5 cm - 135.5 cm,60 cm,대한민국,탈착이 가능하며 길이 조절이 가능한 레더 스트랩 | 뒷면 외부 슬립 포켓 | 지퍼 클로저 | 내부 카드 슬롯,MYZGATA01BK001,https://images.mcmworldwide.com/i/mcmworldwide/MYZGATA01CO001_01 | https://images.mcmworldwide.com/i/mcmworldwide/MYZGATA01CO001_09 | https://images.mcmworldwide.com/i/mcmworldwide/MYZGATA01CO001_02 | https://images.mcmworldwide.com/i/mcmworldwide/MYZGATA01CO001_03 | https://images.mcmworldwide.com/i/mcmworldwide/MYZGATA01CO001_04 | https://images.mcmworldwide.com/i/mcmworldwide/MYZGATA01CO001_05 | https://images.mcmworldwide.com/i/mcmworldwide/MYZGATA01CO001_10 | https://images.mcmworldwide.com/i/mcmworldwide/MYZGATA01CO001_11,,https://kr.mcmworldwide.com/ko_KR/%EC%97%AC%EC%84%B1/%ED%95%B8%EB%93%9C%EB%B0%B1/%ED%81%B4%EB%9F%AC%EC%B9%98-%ED%8C%8C%EC%9A%B0%EC%B9%98/aren-%EB%B9%84%EC%84%B8%ED%86%A0%EC%8A%A4-%ED%81%AC%EB%A1%9C%EC%8A%A4%EB%B0%94%EB%94%94-%ED%8C%8C%EC%9A%B0%EC%B9%98/MYZGATA01CO001.html
MMVFATT01K8001,Ottomar ECONYL&reg;과 가죽이 더해진 위켄더 백팩,1590000,Green,ACTIVE,ECONYL® 재생 나일론,비세토스 모노그램 프린트가 더해진 천연가죽,,실버톤 다크 코발트 메탈 하드웨어,25 x 52 x 27,70 cm - 84 cm,48 cm,대한민국,탈부착이 가능하며 길이 조절이 가능한 위빙 스트랩 | 숄더 스트랩으로 변형 가능한 바닥면의 스트랩 | 탑핸들 | 외부 지퍼 수납공간 | 신발 수납을 위한 외부 사이드 포켓 | 양방향 지퍼 클로저 | D링 참 장식 디테일 | 2개의 내부 포켓,MMVFATT01BK001,https://images.mcmworldwide.com/i/mcmworldwide/MMVFATT01K8001_01 | https://images.mcmworldwide.com/i/mcmworldwide/MMVFATT01K8001_09 | https://images.mcmworldwide.com/i/mcmworldwide/MMVFATT01K8001_02 | https://images.mcmworldwide.com/i/mcmworldwide/MMVFATT01K8001_03 | https://images.mcmworldwide.com/i/mcmworldwide/MMVFATT01K8001_04 | https://images.mcmworldwide.com/i/mcmworldwide/MMVFATT01K8001_05 | https://images.mcmworldwide.com/i/mcmworldwide/MMVFATT01K8001_10 | https://images.mcmworldwide.com/i/mcmworldwide/MMVFATT01K8001_11,https://images.mcmworldwide.com/v/mcmworldwide/MMVFATT01K8001_VID/webm_720p,https://kr.mcmworldwide.com/ko_KR/%EA%B0%80%EB%B0%A9/%EB%AA%A8%EB%91%90%EB%B3%B4%EA%B8%B0/ottomar-econyl%C2%AE%EA%B3%BC-%EA%B0%80%EC%A3%BD%EC%9D%B4-%EB%8D%94%ED%95%B4%EC%A7%84-%EC%9C%84%EC%BC%84%EB%8D%94-%EB%B0%B1%ED%8C%A9/MMVFATT01K8001.html
MMVFATT01BK001,Ottomar ECONYL&reg; 가죽 위켄더 백팩,1590000,Black,ACTIVE,ECONYL® 재생 나일론,비세토스 모노그램 프린트가 더해진 천연가죽,나일론,실버톤 코발트 메탈 하드웨어,25 x 52 x 27,70cm - 84cm,48cm,대한민국,탈부착이 가능하며 길이 조절이 가능한 위빙 스트랩 | 숄더 스트랩으로 변형 가능한 바닥면의 스트랩 | 탑핸들 | 외부 지퍼 수납공간 | 신발 수납을 위한 외부 사이드 포켓 | 양방향 지퍼 클로저 | D링 참 장식 디테일 | 2개의 내부 포켓,MMVFATT01K8001,https://images.mcmworldwide.com/i/mcmworldwide/MMVFATT01BK001_01 | https://images.mcmworldwide.com/i/mcmworldwide/MMVFATT01BK001_09 | https://images.mcmworldwide.com/i/mcmworldwide/MMVFATT01BK001_02 | https://images.mcmworldwide.com/i/mcmworldwide/MMVFATT01BK001_03 | https://images.mcmworldwide.com/i/mcmworldwide/MMVFATT01BK001_04 | https://images.mcmworldwide.com/i/mcmworldwide/MMVFATT01BK001_05 | https://images.mcmworldwide.com/i/mcmworldwide/MMVFATT01BK001_10 | https://images.mcmworldwide.com/i/mcmworldwide/MMVFATT01BK001_11,https://images.mcmworldwide.com/v/mcmworldwide/MMVFATT01BK001_VID/webm_720p,https://kr.mcmworldwide.com/ko_KR/%ED%8A%B8%EB%9E%98%EB%B8%94/%EB%9F%AC%EA%B8%B0%EC%A7%80-%EB%B0%B1/ottomar-econyl%C2%AE-%EA%B0%80%EC%A3%BD-%EC%9C%84%EC%BC%84%EB%8D%94-%EB%B0%B1%ED%8C%A9/MMVFATT01BK001.html
MMVGSTT02L8001,Ottomar 그라데이션 비세토스 위켄더,2050000,Blue,ACTIVE,비세토스 모노그램 캔버스,천연 가죽,스웨이드 마감의 극세사,실버톤 코발트 메탈 하드웨어,20 x 45 x 27,75cm - 132cm,13cm,대한민국,탈착이 가능하며 길이 조절이 가능한 패브칙 웨빙 스트랩 | 가죽 탑 핸들 | 그라데이션 효과 | 키가 포함된 메탈 자물쇠와 탈부착 가능한 가죽 커버 행택 | 양방향 지퍼 클로저 | 내부 포켓과 지퍼 수납 공간 | 캐리어 손잡이에 끼울 수 있는 밴드 | 가방 바닥 보호에 도움을 주는 메탈 피트,,https://images.mcmworldwide.com/i/mcmworldwide/MMVGSTT02L8001_01 | https://images.mcmworldwide.com/i/mcmworldwide/MMVGSTT02L8001_09 | https://images.mcmworldwide.com/i/mcmworldwide/MMVGSTT02L8001_02 | https://images.mcmworldwide.com/i/mcmworldwide/MMVGSTT02L8001_03 | https://images.mcmworldwide.com/i/mcmworldwide/MMVGSTT02L8001_04 | https://images.mcmworldwide.com/i/mcmworldwide/MMVGSTT02L8001_05 | https://images.mcmworldwide.com/i/mcmworldwide/MMVGSTT02L8001_10 | https://images.mcmworldwide.com/i/mcmworldwide/MMVGSTT02L8001_11,,https://kr.mcmworldwide.com/ko_KR/%EA%B0%80%EB%B0%A9/%EB%AA%A8%EB%91%90%EB%B3%B4%EA%B8%B0/ottomar-%EA%B7%B8%EB%9D%BC%EB%8D%B0%EC%9D%B4%EC%85%98-%EB%B9%84%EC%84%B8%ED%86%A0%EC%8A%A4-%EC%9C%84%EC%BC%84%EB%8D%94/MMVGSTT02L8001.html
MMRFATA02K8001,Aren ECONYL&reg;과 가죽을 사용한 크로스바디,730000,Green,ACTIVE,ECONYL® 재생 나일론,비세토스 모노그램 프린트가 더해진 천연가죽,,실버톤 코발트 메탈 하드웨어,7 x 20 x 16,86cm - 136cm,,대한민국,탈부착이 가능하며 길이 조절이 가능한 헤링본 웨빙 스트랩 | 앞면 지퍼 포켓 | 뒷면 외부 포켓 | 지퍼 클로저 | 내부 포켓,,https://images.mcmworldwide.com/i/mcmworldwide/MMRFATA02K8001_01 | https://images.mcmworldwide.com/i/mcmworldwide/MMRFATA02K8001_09 | https://images.mcmworldwide.com/i/mcmworldwide/MMRFATA02K8001_02 | https://images.mcmworldwide.com/i/mcmworldwide/MMRFATA02K8001_03 | https://images.mcmworldwide.com/i/mcmworldwide/MMRFATA02K8001_04 | https://images.mcmworldwide.com/i/mcmworldwide/MMRFATA02K8001_10,https://images.mcmworldwide.com/v/mcmworldwide/MMRFATA02K8001_VID/webm_720p,https://kr.mcmworldwide.com/ko_KR/%EA%B0%80%EB%B0%A9/%EB%AA%A8%EB%91%90%EB%B3%B4%EA%B8%B0/aren-econyl%C2%AE%EA%B3%BC-%EA%B0%80%EC%A3%BD%EC%9D%84-%EC%82%AC%EC%9A%A9%ED%95%9C-%ED%81%AC%EB%A1%9C%EC%8A%A4%EB%B0%94%EB%94%94/MMRFATA02K8001.html
MYZGSTA04L8001,Aren 그라데이션 비세토스 손목 스트랩 파우치,830000,Blue,ACTIVE,비세토스 모노그램 캔버스,천연 가죽,스웨이드 마감의 극세사,실버톤 코발트 메탈 하드웨어,5 x 30 x 22,,21cm,대한민국,탈부착 가능한 가죽 손목 스트랩 | 그라데이션 효과 | 지퍼 클로저 | 가죽 패치가 더해진 내부 지퍼 포켓,,https://images.mcmworldwide.com/i/mcmworldwide/MYZGSTA04L8001_01 | https://images.mcmworldwide.com/i/mcmworldwide/MYZGSTA04L8001_09 | https://images.mcmworldwide.com/i/mcmworldwide/MYZGSTA04L8001_03 | https://images.mcmworldwide.com/i/mcmworldwide/MYZGSTA04L8001_04 | https://images.mcmworldwide.com/i/mcmworldwide/MYZGSTA04L8001_05 | https://images.mcmworldwide.com/i/mcmworldwide/MYZGSTA04L8001_10 | https://images.mcmworldwide.com/i/mcmworldwide/MYZGSTA04L8001_11,,https://kr.mcmworldwide.com/ko_KR/%EA%B0%80%EB%B0%A9/%EB%AA%A8%EB%91%90%EB%B3%B4%EA%B8%B0/aren-%EA%B7%B8%EB%9D%BC%EB%8D%B0%EC%9D%B4%EC%85%98-%EB%B9%84%EC%84%B8%ED%86%A0%EC%8A%A4-%EC%86%90%EB%AA%A9-%EC%8A%A4%ED%8A%B8%EB%9E%A9-%ED%8C%8C%EC%9A%B0%EC%B9%98/MYZGSTA04L8001.html
MMZFSFI03BK001,Fursten 리사이클 나일론 벨트 백,770000,Black,ACTIVE,이탈리아산 재생 나일론,천연 나파 가죽,,실버 톤 코발트 메탈 하드웨어,8 x 40 x 19,65 cm ~ 106 cm,,대한민국,조절 가능한 패브릭 웨빙 버클 스트랩 | 뒷면 외부 지퍼 포켓 | 비세토스 모노그램 프린트가 돋보이는 앞면 지퍼 수납공간 | 양면 지퍼 클로저 | 내부 포켓 | 나일론 라이닝,,https://images.mcmworldwide.com/i/mcmworldwide/MMZFSFI03BK001_01 | https://images.mcmworldwide.com/i/mcmworldwide/MMZFSFI03BK001_09 | https://images.mcmworldwide.com/i/mcmworldwide/MMZFSFI03BK001_03 | https://images.mcmworldwide.com/i/mcmworldwide/MMZFSFI03BK001_04 | https://images.mcmworldwide.com/i/mcmworldwide/MMZFSFI03BK001_10 | https://images.mcmworldwide.com/i/mcmworldwide/MMZFSFI03BK001_11,https://images.mcmworldwide.com/v/mcmworldwide/MMZFSFI03BK001_VID/webm_720p,https://kr.mcmworldwide.com/ko_KR/%EA%B0%80%EB%B0%A9/%EB%AA%A8%EB%91%90%EB%B3%B4%EA%B8%B0/fursten-%EB%A6%AC%EC%82%AC%EC%9D%B4%ED%81%B4-%EB%82%98%EC%9D%BC%EB%A1%A0-%EB%B2%A8%ED%8A%B8-%EB%B0%B1/MMZFSFI03BK001.html
MMVAAVY01WT001,Ottomar 비세토스 위켄더,2190000,White,ACTIVE,비세토스 모노그램 캔버스,나파 가죽,,실버톤 코발트 메탈 금속 장식,25 x 56 x 31,75cm~132cm,13.5cm,대한민국,탈부착 및 길이 조절 가능한 패브릭 웨빙 스트랩 | 가죽 손잡이 부분 | 전면의 MCM 로고 플레이트 | 탈부착 가능한 가죽 커버 행택 및 금속 자물쇠와 열쇠 | 내부 지퍼 포켓 및 슬립 포켓 | 뒷면의 외부 캐리어 슬리브 | 보호용 메탈 피트 | 폴더블 디자인 | 접이식 디자인 | 코튼 트윌 라이닝,,https://images.mcmworldwide.com/i/mcmworldwide/MMVAAVY01WT001_01 | https://images.mcmworldwide.com/i/mcmworldwide/MMVAAVY01WT001_09 | https://images.mcmworldwide.com/i/mcmworldwide/MMVAAVY01WT001_02 | https://images.mcmworldwide.com/i/mcmworldwide/MMVAAVY01WT001_03 | https://images.mcmworldwide.com/i/mcmworldwide/MMVAAVY01WT001_04 | https://images.mcmworldwide.com/i/mcmworldwide/MMVAAVY01WT001_10,,https://kr.mcmworldwide.com/ko_KR/%EA%B0%80%EB%B0%A9/%EB%AA%A8%EB%91%90%EB%B3%B4%EA%B8%B0/ottomar-%EB%B9%84%EC%84%B8%ED%86%A0%EC%8A%A4-%EC%9C%84%EC%BC%84%EB%8D%94/MMVAAVY01WT001.html
MWZFSAK04CO001,비세토스 레더 믹스 다이아몬드 3D 벨트 백,1250000,Cognac,ACTIVE,비세토스 모노그램 캔버스,스페인산 송아지 가죽,스웨이드 마감 마이크로파이버,24K 도금 브라스 금속 장식,7 x 23 x 14,75cm~107cm,,대한민국,참을 달 수 있는 D링 디테일의 조절 가능한 가죽 스트랩 | 외부 포켓 | MCM 로고 모티프 | 양방향 사선 지퍼 클로저 | 내부 지퍼 수납공간,,https://images.mcmworldwide.com/i/mcmworldwide/MWZFSAK04CO001_01 | https://images.mcmworldwide.com/i/mcmworldwide/MWZFSAK04CO001_09 | https://images.mcmworldwide.com/i/mcmworldwide/MWZFSAK04CO001_02 | https://images.mcmworldwide.com/i/mcmworldwide/MWZFSAK04CO001_03 | https://images.mcmworldwide.com/i/mcmworldwide/MWZFSAK04CO001_04 | https://images.mcmworldwide.com/i/mcmworldwide/MWZFSAK04CO001_10 | https://images.mcmworldwide.com/i/mcmworldwide/MWZFSAK04CO001_11 | https://images.mcmworldwide.com/i/mcmworldwide/MWZFSAK04CO001_12 | https://images.mcmworldwide.com/i/mcmworldwide/MWZFSAK04CO001_13,,https://kr.mcmworldwide.com/ko_KR/%EA%B0%80%EB%B0%A9/%EB%AA%A8%EB%91%90%EB%B3%B4%EA%B8%B0/%EB%B9%84%EC%84%B8%ED%86%A0%EC%8A%A4-%EB%A0%88%EB%8D%94-%EB%AF%B9%EC%8A%A4-%EB%8B%A4%EC%9D%B4%EC%95%84%EB%AA%AC%EB%93%9C-3d-%EB%B2%A8%ED%8A%B8-%EB%B0%B1/MWZFSAK04CO001.html
MWSGADC02D6001,Dia 퀼팅 메탈릭 카프스킨 숄더백,2490000,Gold,ACTIVE,메탈릭 카프스킨 레더,,스웨이드 마감의 극세사,24K 골드 도금 브라스 하드웨어,17 x 27 x 17,,28 cm,이탈리아,체인 스트랩 | 퀼팅 다이아몬드 모티프 | 다이아몬들 락 잠금장치 | 내부 지퍼 수납공간과 가죽 패치,MWSGADC03BK001,https://images.mcmworldwide.com/i/mcmworldwide/MWSGADC02D6001_01 | https://images.mcmworldwide.com/i/mcmworldwide/MWSGADC02D6001_09 | https://images.mcmworldwide.com/i/mcmworldwide/MWSGADC02D6001_02 | https://images.mcmworldwide.com/i/mcmworldwide/MWSGADC02D6001_03 | https://images.mcmworldwide.com/i/mcmworldwide/MWSGADC02D6001_04 | https://images.mcmworldwide.com/i/mcmworldwide/MWSGADC02D6001_05 | https://images.mcmworldwide.com/i/mcmworldwide/MWSGADC02D6001_06 | https://images.mcmworldwide.com/i/mcmworldwide/MWSGADC02D6001_10,,https://kr.mcmworldwide.com/ko_KR/%EA%B0%80%EB%B0%A9/%EB%AA%A8%EB%91%90%EB%B3%B4%EA%B8%B0/dia-%ED%80%BC%ED%8C%85-%EB%A9%94%ED%83%88%EB%A6%AD-%EC%B9%B4%ED%94%84%EC%8A%A4%ED%82%A8-%EC%88%84%EB%8D%94%EB%B0%B1/MWSGADC02D6001.html
MWRGSXT02CO001,Tracy 비세토스 체인 지갑,830000,Cognac,ACTIVE,비세토스 모노그램 캔버스,나파 가죽,코튼,24K 골드 도금 메탈 하드웨어,5 x 24 x 14,60cm,,대한민국,"탈부착 가능한 체인 스트랩 | 외부 포켓 | 라우렐 락 클로저 | 내부 포켓, 카드 슬롯, 지퍼 포켓",,https://images.mcmworldwide.com/i/mcmworldwide/MWRGSXT02CO001_01 | https://images.mcmworldwide.com/i/mcmworldwide/MWRGSXT02CO001_02 | https://images.mcmworldwide.com/i/mcmworldwide/MWRGSXT02CO001_03 | https://images.mcmworldwide.com/i/mcmworldwide/MWRGSXT02CO001_04 | https://images.mcmworldwide.com/i/mcmworldwide/MWRGSXT02CO001_05 | https://images.mcmworldwide.com/i/mcmworldwide/MWRGSXT02CO001_06,,https://kr.mcmworldwide.com/ko_KR/%EA%B0%80%EB%B0%A9/%EB%AA%A8%EB%91%90%EB%B3%B4%EA%B8%B0/tracy-%EB%B9%84%EC%84%B8%ED%86%A0%EC%8A%A4-%EC%B2%B4%EC%9D%B8-%EC%A7%80%EA%B0%91/MWRGSXT02CO001.html
MMLGATA05K8001,Aren 비세토스 슬링백,1150000,Beige,ACTIVE,비세토스 모노그램 캔버스,나파 가죽,스웨이드 마감의 극세사,실버톤 코발트 브라스 하드웨어,7 x 23 x 31,93 cm - 121 cm,,대한민국,길이 조절이 가능한 스트랩 | 앞면 및 뒷면 지퍼 수납공간 | 각진 지퍼 클로저 | 바바리안 다이아몬드 가죽 패치가 더해진 내부 포켓,,https://images.mcmworldwide.com/i/mcmworldwide/MMLGATA05K8001_01 | https://images.mcmworldwide.com/i/mcmworldwide/MMLGATA05K8001_09 | https://images.mcmworldwide.com/i/mcmworldwide/MMLGATA05K8001_02 | https://images.mcmworldwide.com/i/mcmworldwide/MMLGATA05K8001_03 | https://images.mcmworldwide.com/i/mcmworldwide/MMLGATA05K8001_04 | https://images.mcmworldwide.com/i/mcmworldwide/MMLGATA05K8001_05 | https://images.mcmworldwide.com/i/mcmworldwide/MMLGATA05K8001_10,,https://kr.mcmworldwide.com/ko_KR/%EA%B0%80%EB%B0%A9/%EB%AA%A8%EB%91%90%EB%B3%B4%EA%B8%B0/aren-%EB%B9%84%EC%84%B8%ED%86%A0%EC%8A%A4-%EC%8A%AC%EB%A7%81%EB%B0%B1/MMLGATA05K8001.html
MWSESAC05DG001,Himmel 시퀸 숄더백,1850000,Gold,ACTIVE,시퀸 장식 패브릭,나파 양가죽,스웨이드 마감 마이크로파이버,24K 도금 브라스 금속 장식,6 x 24 x 12,55cm,,대한민국,체인 스트랩 | 라우렐 로고 클로저 | 내부 카드 슬롯,,https://images.mcmworldwide.com/i/mcmworldwide/MWSESAC05DG001_01 | https://images.mcmworldwide.com/i/mcmworldwide/MWSESAC05DG001_09 | https://images.mcmworldwide.com/i/mcmworldwide/MWSESAC05DG001_02 | https://images.mcmworldwide.com/i/mcmworldwide/MWSESAC05DG001_03 | https://images.mcmworldwide.com/i/mcmworldwide/MWSESAC05DG001_04 | https://images.mcmworldwide.com/i/mcmworldwide/MWSESAC05DG001_10 | https://images.mcmworldwide.com/i/mcmworldwide/MWSESAC05DG001_11,,https://kr.mcmworldwide.com/ko_KR/%EA%B0%80%EB%B0%A9/%EB%AA%A8%EB%91%90%EB%B3%B4%EA%B8%B0/himmel-%EC%8B%9C%ED%80%B8-%EC%88%84%EB%8D%94%EB%B0%B1/MWSESAC05DG001.html
MMLFSTA07BK001,Aren 리사이클 나일론 슬링백,890000,Black,ACTIVE,이탈리안 리사이클 나일론,,,실버 톤 코발트 메탈 하드웨어,9 x 23 x 31,88.5cm ~ 115 cm,,대한민국,길이 조절이 가능한 스트랩 | 비세토스 모노그램 프린트가 돋보이는 가죽 전면 지퍼 수납공간 | 각진 지퍼 여밈 | 내부 포켓 | 레더 트림 | 나일론 라이닝,,https://images.mcmworldwide.com/i/mcmworldwide/MMLFSTA07BK001_01 | https://images.mcmworldwide.com/i/mcmworldwide/MMLFSTA07BK001_09 | https://images.mcmworldwide.com/i/mcmworldwide/MMLFSTA07BK001_02 | https://images.mcmworldwide.com/i/mcmworldwide/MMLFSTA07BK001_03 | https://images.mcmworldwide.com/i/mcmworldwide/MMLFSTA07BK001_04 | https://images.mcmworldwide.com/i/mcmworldwide/MMLFSTA07BK001_10,https://images.mcmworldwide.com/v/mcmworldwide/MMLFSTA07BK001_VID/webm_720p,https://kr.mcmworldwide.com/ko_KR/%EA%B0%80%EB%B0%A9/%EB%AA%A8%EB%91%90%EB%B3%B4%EA%B8%B0/aren-%EB%A6%AC%EC%82%AC%EC%9D%B4%ED%81%B4-%EB%82%98%EC%9D%BC%EB%A1%A0-%EC%8A%AC%EB%A7%81%EB%B0%B1/MMLFSTA07BK001.html
MWBAASE03CO001,비세토스 오리지널 보스턴 백,990000,Cognac,ACTIVE,나파 가죽 트림,,,24K 금 도금 하드웨어,8 x 18 x 10,102cm~118cm,,대한민국,양방향 지퍼 클로저 | 가죽 손잡이 부분 | 내부 오픈 포켓 및 카드 슬롯 | MCM 로고 플레이트. | 코티드 캔버스,,https://images.mcmworldwide.com/i/mcmworldwide/MWBAASE03CO001_01 | https://images.mcmworldwide.com/i/mcmworldwide/MWBAASE03CO001_09 | https://images.mcmworldwide.com/i/mcmworldwide/MWBAASE03CO001_02 | https://images.mcmworldwide.com/i/mcmworldwide/MWBAASE03CO001_03 | https://images.mcmworldwide.com/i/mcmworldwide/MWBAASE03CO001_04 | https://images.mcmworldwide.com/i/mcmworldwide/MWBAASE03CO001_10,https://images.mcmworldwide.com/v/mcmworldwide/MWBAASE03CO001_VID/webm_720p,https://kr.mcmworldwide.com/ko_KR/%EA%B0%80%EB%B0%A9/%EB%AA%A8%EB%91%90%EB%B3%B4%EA%B8%B0/%EB%B9%84%EC%84%B8%ED%86%A0%EC%8A%A4-%EC%98%A4%EB%A6%AC%EC%A7%80%EB%84%90-%EB%B3%B4%EC%8A%A4%ED%84%B4-%EB%B0%B1/MWBAASE03CO001.html
MWHFATA02PZ001,Aren 비세토스 호보,1290000,Pink,ACTIVE,비세토스 모노그램 캔버스,천연 나파 가죽,스웨이드 마감의 극세사,18K 골드 도금 메탈 하드웨어,7 x 24 x 19,85 cm - 101 cm,25 cm,대한민국,탈부착이 가능하며 길이 조절이 가능한 가죽 스트랩 | 체인 핸들 | 지퍼 클로저 | 내부 슬립 포켓,MWHFATA02CO001 | MWHFATA02I8001,https://images.mcmworldwide.com/i/mcmworldwide/MWHFATA02PZ001_01 | https://images.mcmworldwide.com/i/mcmworldwide/MWHFATA02PZ001_09 | https://images.mcmworldwide.com/i/mcmworldwide/MWHFATA02PZ001_02 | https://images.mcmworldwide.com/i/mcmworldwide/MWHFATA02PZ001_03 | https://images.mcmworldwide.com/i/mcmworldwide/MWHFATA02PZ001_04 | https://images.mcmworldwide.com/i/mcmworldwide/MWHFATA02PZ001_05 | https://images.mcmworldwide.com/i/mcmworldwide/MWHFATA02PZ001_10,https://images.mcmworldwide.com/v/mcmworldwide/MWHFATA02PZ001_VID/webm_720p,https://kr.mcmworldwide.com/ko_KR/%EA%B0%80%EB%B0%A9/%EB%AA%A8%EB%91%90%EB%B3%B4%EA%B8%B0/aren-%EB%B9%84%EC%84%B8%ED%86%A0%EC%8A%A4-%ED%98%B8%EB%B3%B4/MWHFATA02PZ001.html
MWHFATA02CO001,Aren 비세토스 호보,1290000,Cognac,ACTIVE,비세토스 모노그램 캔버스,천연 가죽,스웨이드 마감의 극세사,24K 골드 도금 브라스 하드웨어,7 x 24 x 19,85 cm - 101 cm,25 cm,대한민국,탈착이 가능하며 길이 조절이 가능한 레더 스트랩 | 체인 핸들 | 지퍼 클로저 | 내부 슬립 포켓,MWHFATA02I8001 | MWHFATA02PZ001,https://images.mcmworldwide.com/i/mcmworldwide/MWHFATA02CO001_01 | https://images.mcmworldwide.com/i/mcmworldwide/MWHFATA02CO001_02 | https://images.mcmworldwide.com/i/mcmworldwide/MWHFATA02CO001_03 | https://images.mcmworldwide.com/i/mcmworldwide/MWHFATA02CO001_04 | https://images.mcmworldwide.com/i/mcmworldwide/MWHFATA02CO001_05 | https://images.mcmworldwide.com/i/mcmworldwide/MWHFATA02CO001_06,,https://kr.mcmworldwide.com/ko_KR/%EC%97%AC%EC%84%B1/%ED%95%B8%EB%93%9C%EB%B0%B1/%EC%88%84%EB%8D%94%EB%B0%B1-%ED%81%AC%EB%A1%9C%EC%8A%A4%EB%B0%B1/aren-%EB%B9%84%EC%84%B8%ED%86%A0%EC%8A%A4-%ED%98%B8%EB%B3%B4/MWHFATA02CO001.html
MWHFATA02I8001,Aren 비세토스 호보,1290000,Beige,ACTIVE,비세토스 모노그램 캔버스,천연 나파 가죽,스웨이드 마감의 극세사,18K 골드 도금 메탈 하드웨어,7 x 24 x 19,85 cm - 101 cm,25 cm,대한민국,탈부착이 가능하며 길이 조절이 가능한 | 체인 핸들 | 지퍼 클로저 | 내부 슬립 포켓,MWHFATA02CO001 | MWHFATA02PZ001,https://images.mcmworldwide.com/i/mcmworldwide/MWHFATA02I8001_01 | https://images.mcmworldwide.com/i/mcmworldwide/MWHFATA02I8001_02 | https://images.mcmworldwide.com/i/mcmworldwide/MWHFATA02I8001_03 | https://images.mcmworldwide.com/i/mcmworldwide/MWHFATA02I8001_04 | https://images.mcmworldwide.com/i/mcmworldwide/MWHFATA02I8001_05,,https://kr.mcmworldwide.com/ko_KR/%EC%97%AC%EC%84%B1/%ED%95%B8%EB%93%9C%EB%B0%B1/%EC%88%84%EB%8D%94%EB%B0%B1-%ED%81%AC%EB%A1%9C%EC%8A%A4%EB%B0%B1/aren-%EB%B9%84%EC%84%B8%ED%86%A0%EC%8A%A4-%ED%98%B8%EB%B3%B4/MWHFATA02I8001.html
MWTESAK01CO001,Diamond 비세토스 레더 믹스,1590000,Cognac,ACTIVE,비세토스 모노그램 캔버스,나파 송아지 가죽,스웨이드 마감 마이크로파이버,24K 도금 브라스 금속 장식,11 x 40 x 28,113.5cm~124cm,5cm,대한민국,탈부착 및 조절 가능한 가죽 스트랩 | 가죽 핸들 | 앞면의 MCM 라우렐 로고 프린트 | 지퍼 클로저 | 내부 슬립 포켓 및 지퍼 포켓.,,https://images.mcmworldwide.com/i/mcmworldwide/MWTESAK01CO001_01 | https://images.mcmworldwide.com/i/mcmworldwide/MWTESAK01CO001_09 | https://images.mcmworldwide.com/i/mcmworldwide/MWTESAK01CO001_02 | https://images.mcmworldwide.com/i/mcmworldwide/MWTESAK01CO001_03 | https://images.mcmworldwide.com/i/mcmworldwide/MWTESAK01CO001_04 | https://images.mcmworldwide.com/i/mcmworldwide/MWTESAK01CO001_10,,https://kr.mcmworldwide.com/ko_KR/%EA%B0%80%EB%B0%A9/%EB%AA%A8%EB%91%90%EB%B3%B4%EA%B8%B0/diamond-%EB%B9%84%EC%84%B8%ED%86%A0%EC%8A%A4-%EB%A0%88%EB%8D%94-%EB%AF%B9%EC%8A%A4/MWTESAK01CO001.html
MMPGADC01BK001,Dia 카프스킨 쇼퍼,2350000,Black,ACTIVE,카프 스킨 레더,,다이아몬드 모노그램 프린트가 더해진 코튼,로고 브라스 플레이트 | 24K 골드 도금 브라스 하드웨어,15 x 45 x 36,,22 cm,이탈리아,가죽 핸들 스트랩 | 후크 잠금 장지 | 탈부착 가능한 파우치,,https://images.mcmworldwide.com/i/mcmworldwide/MMPGADC01BK001_01 | https://images.mcmworldwide.com/i/mcmworldwide/MMPGADC01BK001_09 | https://images.mcmworldwide.com/i/mcmworldwide/MMPGADC01BK001_02 | https://images.mcmworldwide.com/i/mcmworldwide/MMPGADC01BK001_03 | https://images.mcmworldwide.com/i/mcmworldwide/MMPGADC01BK001_04 | https://images.mcmworldwide.com/i/mcmworldwide/MMPGADC01BK001_05 | https://images.mcmworldwide.com/i/mcmworldwide/MMPGADC01BK001_06 | https://images.mcmworldwide.com/i/mcmworldwide/MMPGADC01BK001_10 | https://images.mcmworldwide.com/i/mcmworldwide/MMPGADC01BK001_11,https://images.mcmworldwide.com/v/mcmworldwide/MMPGADC01BK001_VID/webm_720p,https://kr.mcmworldwide.com/ko_KR/%EA%B0%80%EB%B0%A9/%EB%AA%A8%EB%91%90%EB%B3%B4%EA%B8%B0/dia-%EC%B9%B4%ED%94%84%EC%8A%A4%ED%82%A8-%EC%87%BC%ED%8D%BC/MMPGADC01BK001.html
MWTCABO07CO001,뮌헨 비세토스 토트,1290000,Cognac,ACTIVE,비세토스 모노그램 코티드 캔버스.,,스웨이드 마감 마이크로파이버,24K 금 도금 메탈 하드웨어,11 x 24 x 19,96cm ~ 112cm,7cm,대한민국,탈부착 및 조절 가능한 가죽 스트랩 | 가죽 손잡이 부분 | 후크 고리 잠금 장치 | 내부 슬립 포켓 및 지퍼 포켓 | 보호용 메탈 바닥 받침. | 나파 가죽 트리밍.,,https://images.mcmworldwide.com/i/mcmworldwide/MWTCABO07CO001_01 | https://images.mcmworldwide.com/i/mcmworldwide/MWTCABO07CO001_09 | https://images.mcmworldwide.com/i/mcmworldwide/MWTCABO07CO001_02 | https://images.mcmworldwide.com/i/mcmworldwide/MWTCABO07CO001_03 | https://images.mcmworldwide.com/i/mcmworldwide/MWTCABO07CO001_04 | https://images.mcmworldwide.com/i/mcmworldwide/MWTCABO07CO001_10,https://images.mcmworldwide.com/v/mcmworldwide/MWTCABO07CO001_VID/webm_720p,https://kr.mcmworldwide.com/ko_KR/%EA%B0%80%EB%B0%A9/%EB%AA%A8%EB%91%90%EB%B3%B4%EA%B8%B0/%EB%AE%8C%ED%97%A8-%EB%B9%84%EC%84%B8%ED%86%A0%EC%8A%A4-%ED%86%A0%ED%8A%B8/MWTCABO07CO001.html
MMKFSBG01CO001,비세토스 브랜든버그 백팩,1850000,Cognac,ACTIVE,비세토스 모노그램 캔버스,천연 나파 가죽,인조 나파,다크 톤 코발트 메탈 금속 장식.,14 x 31 x 43,74cm~92cm,8cm,대한민국,조절 가능한 어깨 스트랩 | 레더 손잡이 부분 | D링 디테일이 있는 전면 지퍼 수납공간 | 외부 사이드 포켓 및 뒷면 지퍼 수납공간 | 가죽 드로우스트링 잠금 장치가 있는 메탈 버클 클로저 | 내부 지퍼 수납공간,,https://images.mcmworldwide.com/i/mcmworldwide/MMKFSBG01CO001_01 | https://images.mcmworldwide.com/i/mcmworldwide/MMKFSBG01CO001_09 | https://images.mcmworldwide.com/i/mcmworldwide/MMKFSBG01CO001_02 | https://images.mcmworldwide.com/i/mcmworldwide/MMKFSBG01CO001_03 | https://images.mcmworldwide.com/i/mcmworldwide/MMKFSBG01CO001_04 | https://images.mcmworldwide.com/i/mcmworldwide/MMKFSBG01CO001_10,https://images.mcmworldwide.com/v/mcmworldwide/MMKFSBG01CO001_VID/webm_720p,https://kr.mcmworldwide.com/ko_KR/%EA%B0%80%EB%B0%A9/%EB%AA%A8%EB%91%90%EB%B3%B4%EA%B8%B0/%EB%B9%84%EC%84%B8%ED%86%A0%EC%8A%A4-%EB%B8%8C%EB%9E%9C%EB%93%A0%EB%B2%84%EA%B7%B8-%EB%B0%B1%ED%8C%A9/MMKFSBG01CO001.html
MWTESAK04CO001,Diamond 비세토스 레더 믹스,2050000,Cognac,ACTIVE,비세토스 모노그램 캔버스,나파 송아지 가죽,스웨이드 마감 마이크로파이버,24K 도금 브라스 금속 장식,9 x 57 x 37,,8cm,대한민국,송아지 가죽 핸들 | 앞면의 MCM 라우렐 로고 프린트 | 지퍼 클로저 | 내부 슬립 포켓 및 지퍼 포켓.,,https://images.mcmworldwide.com/i/mcmworldwide/MWTESAK04CO001_01 | https://images.mcmworldwide.com/i/mcmworldwide/MWTESAK04CO001_09 | https://images.mcmworldwide.com/i/mcmworldwide/MWTESAK04CO001_02 | https://images.mcmworldwide.com/i/mcmworldwide/MWTESAK04CO001_03 | https://images.mcmworldwide.com/i/mcmworldwide/MWTESAK04CO001_04 | https://images.mcmworldwide.com/i/mcmworldwide/MWTESAK04CO001_10,,https://kr.mcmworldwide.com/ko_KR/%EA%B0%80%EB%B0%A9/%EB%AA%A8%EB%91%90%EB%B3%B4%EA%B8%B0/diamond-%EB%B9%84%EC%84%B8%ED%86%A0%EC%8A%A4-%EB%A0%88%EB%8D%94-%EB%AF%B9%EC%8A%A4/MWTESAK04CO001.html
MMRFSTA06BK001,Aren 리사이클 나일론 크로스바,730000,Black,ACTIVE,이탈리아산 재생 나일론,이탈리아산 카프 레더,,실버 톤 코발트 메탈 하드웨어,7 x 20 x 16,86 cm ~ 136 cm,,대한민국,탈부착 및 길이 조절 가능한 헤링본 웨빙 스트랩 | 비세토스 모노그램 프린트의 전면 메쉬 지퍼 수납 공간 | 뒷면 외부 포켓 | 지퍼 클로저 | 내부 포켓 | D링 디테일 | 나일론 라이닝,,https://images.mcmworldwide.com/i/mcmworldwide/MMRFSTA06BK001_01 | https://images.mcmworldwide.com/i/mcmworldwide/MMRFSTA06BK001_09 | https://images.mcmworldwide.com/i/mcmworldwide/MMRFSTA06BK001_02 | https://images.mcmworldwide.com/i/mcmworldwide/MMRFSTA06BK001_03 | https://images.mcmworldwide.com/i/mcmworldwide/MMRFSTA06BK001_04 | https://images.mcmworldwide.com/i/mcmworldwide/MMRFSTA06BK001_10,,https://kr.mcmworldwide.com/ko_KR/%EA%B0%80%EB%B0%A9/%EB%AA%A8%EB%91%90%EB%B3%B4%EA%B8%B0/aren-%EB%A6%AC%EC%82%AC%EC%9D%B4%ED%81%B4-%EB%82%98%EC%9D%BC%EB%A1%A0-%ED%81%AC%EB%A1%9C%EC%8A%A4%EB%B0%94/MMRFSTA06BK001.html
MWDESAC03DG001,Himmel 시퀸 드로우스트링 백,1750000,Gold,ACTIVE,이탈리아산 원단,천연 나파 가죽,,,11 x 16 x 20,60cm,10cm,이탈리아,조절 가능한 어깨 스트랩 | 가죽 손잡이 부분 | 멀티 컬러 시퀸 장식 | 로고 엠보스드 레더 다이아몬드 행택 | 드로우스트링 클로저,,https://images.mcmworldwide.com/i/mcmworldwide/MWDESAC03DG001_01 | https://images.mcmworldwide.com/i/mcmworldwide/MWDESAC03DG001_09 | https://images.mcmworldwide.com/i/mcmworldwide/MWDESAC03DG001_02 | https://images.mcmworldwide.com/i/mcmworldwide/MWDESAC03DG001_03 | https://images.mcmworldwide.com/i/mcmworldwide/MWDESAC03DG001_04 | https://images.mcmworldwide.com/i/mcmworldwide/MWDESAC03DG001_10,https://images.mcmworldwide.com/v/mcmworldwide/MWDESAC03DG001_VID/webm_720p,https://kr.mcmworldwide.com/ko_KR/%EA%B0%80%EB%B0%A9/%EB%AA%A8%EB%91%90%EB%B3%B4%EA%B8%B0/himmel-%EC%8B%9C%ED%80%B8-%EB%93%9C%EB%A1%9C%EC%9A%B0%EC%8A%A4%ED%8A%B8%EB%A7%81-%EB%B0%B1/MWDESAC03DG001.html
MMRFAAK01BK001,Diamond 맥시 모노그램 레더 카메라 백,1550000,Black,ACTIVE,풀그레인 가죽,,코튼 트윌,매트 블랙 & 다크 실버톤 메탈 하드웨어,7 x 24 x 17,81.5 cm - 144 cm,,이탈리아,탈부착이 가능하며 길이 조절이 가능한 위빙 스트랩 | 엠보싱 처리된 맥시 모노그램 | 앞면 지퍼 포켓 | 라우렐 로고 모티프 | 두개의 메인 지퍼 수납공간 | 내부 포켓,,https://images.mcmworldwide.com/i/mcmworldwide/MMRFAAK01BK001_01 | https://images.mcmworldwide.com/i/mcmworldwide/MMRFAAK01BK001_09 | https://images.mcmworldwide.com/i/mcmworldwide/MMRFAAK01BK001_02 | https://images.mcmworldwide.com/i/mcmworldwide/MMRFAAK01BK001_03 | https://images.mcmworldwide.com/i/mcmworldwide/MMRFAAK01BK001_04 | https://images.mcmworldwide.com/i/mcmworldwide/MMRFAAK01BK001_10 | https://images.mcmworldwide.com/i/mcmworldwide/MMRFAAK01BK001_11,https://images.mcmworldwide.com/v/mcmworldwide/MMRFAAK01BK001_VID/webm_720p,https://kr.mcmworldwide.com/ko_KR/%EA%B0%80%EB%B0%A9/%EB%AA%A8%EB%91%90%EB%B3%B4%EA%B8%B0/diamond-%EB%A7%A5%EC%8B%9C-%EB%AA%A8%EB%85%B8%EA%B7%B8%EB%9E%A8-%EB%A0%88%EB%8D%94-%EC%B9%B4%EB%A9%94%EB%9D%BC-%EB%B0%B1/MMRFAAK01BK001.html
MMMFSTA06K8001,Aren 비세토스 메신저,1350000,Green,ACTIVE,비세토스 모노그램 캔버스,천연 나파 가죽,스웨이드 마감의 극세사,실버톤 코발트 메탈 하드웨어,10 x 32 x 25,79cm - 146cm,,대한민국,길이 조절이 가능한 패브릭 웨빙 스트랩 | 뒷변 외부 지퍼 포켓 | 마그네틱 스냅 클로저 | 내부 지퍼 수납공간,MMMFSTA06BK001 | MMMFSTA06CO001,https://images.mcmworldwide.com/i/mcmworldwide/MMMFSTA06K8001_01 | https://images.mcmworldwide.com/i/mcmworldwide/MMMFSTA06K8001_09 | https://images.mcmworldwide.com/i/mcmworldwide/MMMFSTA06K8001_02 | https://images.mcmworldwide.com/i/mcmworldwide/MMMFSTA06K8001_03 | https://images.mcmworldwide.com/i/mcmworldwide/MMMFSTA06K8001_04,https://images.mcmworldwide.com/v/mcmworldwide/MMMFSTA06K8001_VID/webm_720p,https://kr.mcmworldwide.com/ko_KR/%EA%B0%80%EB%B0%A9/%EB%AA%A8%EB%91%90%EB%B3%B4%EA%B8%B0/aren-%EB%B9%84%EC%84%B8%ED%86%A0%EC%8A%A4-%EB%A9%94%EC%8B%A0%EC%A0%80/MMMFSTA06K8001.html
MMMFSTA06BK001,Aren 비세토스 메신저,1350000,Black,ACTIVE,비세토스 모노그램 캔버스,천연 나파 가죽,스웨이드 마감 마이크로파이버,앤틱 실버톤 금속 장식,10 x 32 x 25,79cm~146cm,,대한민국,길이 조절 가능한 패브릭 웨빙 스트랩 | 뒷면 외부 지퍼 포켓 | 자석 탭 클로저 | 내부 지퍼 수납공간,MMMFSTA06CO001 | MMMFSTA06K8001,https://images.mcmworldwide.com/i/mcmworldwide/MMMFSTA06BK001_01 | https://images.mcmworldwide.com/i/mcmworldwide/MMMFSTA06BK001_09 | https://images.mcmworldwide.com/i/mcmworldwide/MMMFSTA06BK001_02 | https://images.mcmworldwide.com/i/mcmworldwide/MMMFSTA06BK001_03 | https://images.mcmworldwide.com/i/mcmworldwide/MMMFSTA06BK001_04 | https://images.mcmworldwide.com/i/mcmworldwide/MMMFSTA06BK001_10,https://images.mcmworldwide.com/v/mcmworldwide/MMMFSTA06BK001_VID/webm_720p,https://kr.mcmworldwide.com/ko_KR/%EB%82%A8%EC%84%B1/%EA%B0%80%EB%B0%A9/%ED%81%AC%EB%A1%9C%EC%8A%A4%EB%B0%B1/aren-%EB%B9%84%EC%84%B8%ED%86%A0%EC%8A%A4-%EB%A9%94%EC%8B%A0%EC%A0%80/MMMFSTA06BK001.html
MMMFSTA06CO001,Aren 비세토스 메신저,1350000,Cognac,ACTIVE,비세토스 모노그램 캔버스,천연 나파 가죽,스웨이드 마감 마이크로파이버,24K 도금 브라스 금속 장식,10 x 32 x 25,79cm~146cm,,대한민국,길이 조절 가능한 패브릭 웨빙 스트랩 | 뒷면 외부 지퍼 포켓 | 자석 탭 클로저 | 내부 지퍼 수납공간,MMMFSTA06BK001 | MMMFSTA06K8001,https://images.mcmworldwide.com/i/mcmworldwide/MMMFSTA06CO001_01 | https://images.mcmworldwide.com/i/mcmworldwide/MMMFSTA06CO001_09 | https://images.mcmworldwide.com/i/mcmworldwide/MMMFSTA06CO001_02 | https://images.mcmworldwide.com/i/mcmworldwide/MMMFSTA06CO001_03 | https://images.mcmworldwide.com/i/mcmworldwide/MMMFSTA06CO001_04 | https://images.mcmworldwide.com/i/mcmworldwide/MMMFSTA06CO001_10,https://images.mcmworldwide.com/v/mcmworldwide/MMMFSTA06CO001_VID/webm_720p,https://kr.mcmworldwide.com/ko_KR/%EB%82%A8%EC%84%B1/%EA%B0%80%EB%B0%A9/%ED%81%AC%EB%A1%9C%EC%8A%A4%EB%B0%B1/aren-%EB%B9%84%EC%84%B8%ED%86%A0%EC%8A%A4-%EB%A9%94%EC%8B%A0%EC%A0%80/MMMFSTA06CO001.html
MWPGAMT01CO001,Toni 디스코 비세토스 탑 지퍼 쇼퍼,1150000,Cognac,ACTIVE,비세토스 모노그램 캔버스,나파 가죽,스웨이드 마감의 극세사,24K 골드 도금 브라스 하드웨어,9 x 16 x 14,,26cm,대한민국,가죽 핸들 스트랩 | MCM Disco 모티프 | 지퍼 클로저 | 내부 슬립 포켓 | 참을 달 수 있는 D링 디테일,,https://images.mcmworldwide.com/i/mcmworldwide/MWPGAMT01CO001_01 | https://images.mcmworldwide.com/i/mcmworldwide/MWPGAMT01CO001_09 | https://images.mcmworldwide.com/i/mcmworldwide/MWPGAMT01CO001_02 | https://images.mcmworldwide.com/i/mcmworldwide/MWPGAMT01CO001_03 | https://images.mcmworldwide.com/i/mcmworldwide/MWPGAMT01CO001_04 | https://images.mcmworldwide.com/i/mcmworldwide/MWPGAMT01CO001_05 | https://images.mcmworldwide.com/i/mcmworldwide/MWPGAMT01CO001_10,,https://kr.mcmworldwide.com/ko_KR/%EA%B0%80%EB%B0%A9/%EB%AA%A8%EB%91%90%EB%B3%B4%EA%B8%B0/toni-%EB%94%94%EC%8A%A4%EC%BD%94-%EB%B9%84%EC%84%B8%ED%86%A0%EC%8A%A4-%ED%83%91-%EC%A7%80%ED%8D%BC-%EC%87%BC%ED%8D%BC/MWPGAMT01CO001.html
MMZGAFI01K8001,Fursten 비세토스 벨트 백,1050000,Green,ACTIVE,비세토스 모노그램 캔버스,나파 가죽,스웨이드 마감의 극세사,로고 브라스 플레이트 | 실버톤 코발트 브라스 하드웨어,10 x 38 x 14,65 cm - 106 cm,,대한민국,길이 조절이 가능한 헤링본 패브릭 웨빙 버클 스트랩 | 뒷변 외부 지퍼 포켓 | 내부 슬립 포켓과 메인 지퍼 수납공간 | D링 참 장식 디테일,,https://images.mcmworldwide.com/i/mcmworldwide/MMZGAFI01K8001_01 | https://images.mcmworldwide.com/i/mcmworldwide/MMZGAFI01K8001_09 | https://images.mcmworldwide.com/i/mcmworldwide/MMZGAFI01K8001_03 | https://images.mcmworldwide.com/i/mcmworldwide/MMZGAFI01K8001_04 | https://images.mcmworldwide.com/i/mcmworldwide/MMZGAFI01K8001_05 | https://images.mcmworldwide.com/i/mcmworldwide/MMZGAFI01K8001_10 | https://images.mcmworldwide.com/i/mcmworldwide/MMZGAFI01K8001_11,https://images.mcmworldwide.com/v/mcmworldwide/MMZGAFI01K8001_VID/webm_720p,https://kr.mcmworldwide.com/ko_KR/%EA%B0%80%EB%B0%A9/%EB%AA%A8%EB%91%90%EB%B3%B4%EA%B8%B0/fursten-%EB%B9%84%EC%84%B8%ED%86%A0%EC%8A%A4-%EB%B2%A8%ED%8A%B8-%EB%B0%B1/MMZGAFI01K8001.html
MMLGSTA03BK001,Aren 비세토스 슬링,1150000,Black,ACTIVE,비세토스 모노그램 캔버스,천연 가죽,스웨이드 마감의 극세사,다크톤 코발트 메탈 하드웨어,7 x 23 x 31,93 cm - 121,,대한민국,길이 조절이 가능한 스트랩 | 앞면 및 뒷면 지퍼 수납공간 | 각진 지퍼 클로저 | 바바리안 다이아몬드 가죽 패치가 더해진 내부 포켓,,https://images.mcmworldwide.com/i/mcmworldwide/MMLGSTA03BK001_01 | https://images.mcmworldwide.com/i/mcmworldwide/MMLGSTA03BK001_09 | https://images.mcmworldwide.com/i/mcmworldwide/MMLGSTA03BK001_02 | https://images.mcmworldwide.com/i/mcmworldwide/MMLGSTA03BK001_03 | https://images.mcmworldwide.com/i/mcmworldwide/MMLGSTA03BK001_04 | https://images.mcmworldwide.com/i/mcmworldwide/MMLGSTA03BK001_05 | https://images.mcmworldwide.com/i/mcmworldwide/MMLGSTA03BK001_10 | https://images.mcmworldwide.com/i/mcmworldwide/MMLGSTA03BK001_11 | https://images.mcmworldwide.com/i/mcmworldwide/MMLGSTA03BK001_12,,https://kr.mcmworldwide.com/ko_KR/%EA%B0%80%EB%B0%A9/%EB%AA%A8%EB%91%90%EB%B3%B4%EA%B8%B0/aren-%EB%B9%84%EC%84%B8%ED%86%A0%EC%8A%A4-%EC%8A%AC%EB%A7%81/MMLGSTA03BK001.html
MMRAAKC03CO001,Aren 비세토스 크로스바디,1050000,Cognac,ACTIVE,나파 가죽 트림,,,24K 도금 금속 장식,5 x 17 x 13,79cm~138cm,,대한민국,지퍼형 전면 포켓 | 내부 오픈 포켓이 있는 지퍼 여밈 주요 수납공간 | MCM 로고 플레이트 | MCM 로고 플레이트. | 코튼 트윌 라이닝 | 코티드 캔버스,,https://images.mcmworldwide.com/i/mcmworldwide/MMRAAKC03CO001_01 | https://images.mcmworldwide.com/i/mcmworldwide/MMRAAKC03CO001_09 | https://images.mcmworldwide.com/i/mcmworldwide/MMRAAKC03CO001_02 | https://images.mcmworldwide.com/i/mcmworldwide/MMRAAKC03CO001_03 | https://images.mcmworldwide.com/i/mcmworldwide/MMRAAKC03CO001_04 | https://images.mcmworldwide.com/i/mcmworldwide/MMRAAKC03CO001_10,https://images.mcmworldwide.com/v/mcmworldwide/MMRAAKC03CO001_VID/webm_720p,https://kr.mcmworldwide.com/ko_KR/%EA%B0%80%EB%B0%A9/%EB%AA%A8%EB%91%90%EB%B3%B4%EA%B8%B0/aren-%EB%B9%84%EC%84%B8%ED%86%A0%EC%8A%A4-%ED%81%AC%EB%A1%9C%EC%8A%A4%EB%B0%94%EB%94%94/MMRAAKC03CO001.html
MXAFATA02K8001,Aren 비세토스 카드 지갑,290000,Green,ACTIVE,비세토스 모노그램 캔버스,천연 가죽,패브릭,,1 x 10 x 8,,,대한민국,4개의 카드 슬롯 | 중앙 지폐 포켓,MXADATA08BK001 | MXADATA08CO001 | MXADATA08I8001 | MXADATA08PZ001 | MXAGATA044B001,https://images.mcmworldwide.com/i/mcmworldwide/MXAFATA02K8001_01 | https://images.mcmworldwide.com/i/mcmworldwide/MXAFATA02K8001_03 | https://images.mcmworldwide.com/i/mcmworldwide/MXAFATA02K8001_04,,https://kr.mcmworldwide.com/ko_KR/%EC%97%AC%EC%84%B1/%EC%A7%80%EA%B0%91-%EB%A0%88%EB%8D%94%EC%86%8C%ED%92%88/%EB%AA%A8%EB%91%90%EB%B3%B4%EA%B8%B0/aren-%EB%B9%84%EC%84%B8%ED%86%A0%EC%8A%A4-%EC%B9%B4%EB%93%9C-%EC%A7%80%EA%B0%91/MXAFATA02K8001.html
MXZGATA01PZ001,Lanyard ID Card Holder in Visetos,290000,Pink,ACTIVE,Visetos monogram canvas,Nappa leather,Fabric,,1 x 7 x 12,,46 cm,대한민국,Removable leather strap | Card slots | ID window | 16k gold-plated metal hardware,,https://images.mcmworldwide.com/i/mcmworldwide/MXZGATA01PZ001_01 | https://images.mcmworldwide.com/i/mcmworldwide/MXZGATA01PZ001_03 | https://images.mcmworldwide.com/i/mcmworldwide/MXZGATA01PZ001_04 | https://images.mcmworldwide.com/i/mcmworldwide/MXZGATA01PZ001_05 | https://images.mcmworldwide.com/i/mcmworldwide/MXZGATA01PZ001_06,,https://kr.mcmworldwide.com/ko_KR/%EC%97%AC%EC%84%B1/%EC%A7%80%EA%B0%91-%EB%A0%88%EB%8D%94%EC%86%8C%ED%92%88/%EB%AA%A8%EB%91%90%EB%B3%B4%EA%B8%B0/lanyard-id-card-holder-in-visetos/MXZGATA01PZ001.html
MYSESXT01PZ001,Tracy 비세토스 3단 지갑,570000,Pink,ACTIVE,비세토스 모노그램 캔버스,천연 나파 가죽,,18K 금 도금 메탈 하드웨어,3 x 12 x 10,,,대한민국,로렐 락 스냅 클로저. | 중앙 지퍼 포켓 | 지폐 슬리브 | 내부 카드 슬롯 | 내부 옆면 포켓 | 패브릭 안감.,MYSESXT01CO001 | MYSESXT01WT001,https://images.mcmworldwide.com/i/mcmworldwide/MYSESXT01PZ001_01 | https://images.mcmworldwide.com/i/mcmworldwide/MYSESXT01PZ001_03 | https://images.mcmworldwide.com/i/mcmworldwide/MYSESXT01PZ001_04,,https://kr.mcmworldwide.com/ko_KR/%EC%97%AC%EC%84%B1/%EC%A7%80%EA%B0%91-%EB%A0%88%EB%8D%94%EC%86%8C%ED%92%88/%EB%AA%A8%EB%91%90%EB%B3%B4%EA%B8%B0/tracy-%EB%B9%84%EC%84%B8%ED%86%A0%EC%8A%A4-3%EB%8B%A8-%EC%A7%80%EA%B0%91/MYSESXT01PZ001.html
MYSESXT01CO001,Tracy 비세토스 3단 지갑,570000,Cognac,ACTIVE,비세토스 모노그램 캔버스,나파 가죽,,24K 도금 메탈 금속 장식,3 x 12 x 10,,,대한민국,로렐 락 스냅 클로저. | 중앙 지퍼 포켓 | 지폐 슬리브 | 내부 카드 슬롯 | 내부 옆면 슬리브 | 패브릭 안감.,MYSESXT01PZ001 | MYSESXT01WT001,https://images.mcmworldwide.com/i/mcmworldwide/MYSESXT01CO001_01 | https://images.mcmworldwide.com/i/mcmworldwide/MYSESXT01CO001_03 | https://images.mcmworldwide.com/i/mcmworldwide/MYSESXT01CO001_04,,https://kr.mcmworldwide.com/ko_KR/%EC%97%AC%EC%84%B1/%EC%A7%80%EA%B0%91-%EB%A0%88%EB%8D%94%EC%86%8C%ED%92%88/%EB%B0%98%EC%A7%80%EA%B0%91/tracy-%EB%B9%84%EC%84%B8%ED%86%A0%EC%8A%A4-3%EB%8B%A8-%EC%A7%80%EA%B0%91/MYSESXT01CO001.html
MYSFSTA02CO001,Aren 비세토스 3단 지갑,490000,Cognac,ACTIVE,비세토스 모노그램 캔버스,천연 나파 가죽,,스냅 클로저와 MCM 브라스 플레이트 장식 | 24K 도금 브라스 금속 장식,3 x 12 x 9,,,대한민국,내부 카드 슬롯 6개 | 지폐 슬리브 | 지퍼 수납공간 | 패브릭 안감.,,https://images.mcmworldwide.com/i/mcmworldwide/MYSFSTA02CO001_01 | https://images.mcmworldwide.com/i/mcmworldwide/MYSFSTA02CO001_03 | https://images.mcmworldwide.com/i/mcmworldwide/MYSFSTA02CO001_04,,https://kr.mcmworldwide.com/ko_KR/%EC%97%AC%EC%84%B1/%EC%A7%80%EA%B0%91-%EB%A0%88%EB%8D%94%EC%86%8C%ED%92%88/%EB%AA%A8%EB%91%90%EB%B3%B4%EA%B8%B0/aren-%EB%B9%84%EC%84%B8%ED%86%A0%EC%8A%A4-3%EB%8B%A8-%EC%A7%80%EA%B0%91/MYSFSTA02CO001.html
MYSFSTA02PZ001,Aren 비세토스 3단 지갑,490000,Pink,ACTIVE,비세토스 모노그램 캔버스,천연 가죽,패브릭,로고가 각인된 브라스 스냅 잠금장치 | 18K 골드 도금 메탈 하드웨어,3 x 12 x 9,,,대한민국,6개의 내부 카드 슬롯 | 지폐 수납 공간 | 지퍼 수납 공간,,https://images.mcmworldwide.com/i/mcmworldwide/MYSFSTA02PZ001_01 | https://images.mcmworldwide.com/i/mcmworldwide/MYSFSTA02PZ001_03 | https://images.mcmworldwide.com/i/mcmworldwide/MYSFSTA02PZ001_04,,https://kr.mcmworldwide.com/ko_KR/%EC%97%AC%EC%84%B1/%EC%A7%80%EA%B0%91-%EB%A0%88%EB%8D%94%EC%86%8C%ED%92%88/%EB%AA%A8%EB%91%90%EB%B3%B4%EA%B8%B0/aren-%EB%B9%84%EC%84%B8%ED%86%A0%EC%8A%A4-3%EB%8B%A8-%EC%A7%80%EA%B0%91/MYSFSTA02PZ001.html
MYSESXT03CO001,Tracy 비세토스 지갑,530000,Cognac,ACTIVE,비세토스 모노그램 캔버스,천연 나파 가죽,패브릭,24K 골드 도금 메탈 하드웨어,3 x 11 x 9,,,대한민국,가죽 풀탭이 달린 라우렐 락 스냅 클로저 | 내부 카드 슬롯과 지퍼 포켓 | 지폐 수납 공간,,https://images.mcmworldwide.com/i/mcmworldwide/MYSESXT03CO001_01 | https://images.mcmworldwide.com/i/mcmworldwide/MYSESXT03CO001_03 | https://images.mcmworldwide.com/i/mcmworldwide/MYSESXT03CO001_04,,https://kr.mcmworldwide.com/ko_KR/%EC%97%AC%EC%84%B1/%EC%A7%80%EA%B0%91-%EB%A0%88%EB%8D%94%EC%86%8C%ED%92%88/%EB%AA%A8%EB%91%90%EB%B3%B4%EA%B8%B0/tracy-%EB%B9%84%EC%84%B8%ED%86%A0%EC%8A%A4-%EC%A7%80%EA%B0%91/MYSESXT03CO001.html
MYSDSXT01BK001,Tracy 비세토스 지갑,530000,Black,ACTIVE,레더 풀탭이 있는 라우렐 잠금 장치,,,24K 도금 메탈 금속 장식,3 x 11 x 9,,,대한민국,"내부 지퍼 포켓, 슬립 포켓, 카드 슬롯 | 비세토스 모노그램 캔버스 | 나파 가죽 트림 | 패브릭 안감 (카드 슬롯 포함).",,https://images.mcmworldwide.com/i/mcmworldwide/MYSDSXT01BK001_01 | https://images.mcmworldwide.com/i/mcmworldwide/MYSDSXT01BK001_03 | https://images.mcmworldwide.com/i/mcmworldwide/MYSDSXT01BK001_04,,https://kr.mcmworldwide.com/ko_KR/%EC%97%AC%EC%84%B1/%EC%A7%80%EA%B0%91-%EB%A0%88%EB%8D%94%EC%86%8C%ED%92%88/%EB%AA%A8%EB%91%90%EB%B3%B4%EA%B8%B0/tracy-%EB%B9%84%EC%84%B8%ED%86%A0%EC%8A%A4-%EC%A7%80%EA%B0%91/MYSDSXT01BK001.html
MYLFATA03CO001,Aren 비세토스 체인 월렛,630000,Cognac,ACTIVE,비세토스 모노그램 캔버스,천연 가죽,패브릭,로고가 각인된 브라스 스냅 잠금장치 | 24K 골드 도금 브라스 하드웨어,4 x 11 x 8,60 cm,,대한민국,탈부착 가능한 체인 스트랩 | 4개의 내부 수납공간,,https://images.mcmworldwide.com/i/mcmworldwide/MYLFATA03CO001_01 | https://images.mcmworldwide.com/i/mcmworldwide/MYLFATA03CO001_09 | https://images.mcmworldwide.com/i/mcmworldwide/MYLFATA03CO001_03 | https://images.mcmworldwide.com/i/mcmworldwide/MYLFATA03CO001_04,https://images.mcmworldwide.com/v/mcmworldwide/MYLFATA03CO001_VID/webm_720p,https://kr.mcmworldwide.com/ko_KR/%EC%97%AC%EC%84%B1/%EC%A7%80%EA%B0%91-%EB%A0%88%EB%8D%94%EC%86%8C%ED%92%88/%EB%AA%A8%EB%91%90%EB%B3%B4%EA%B8%B0/aren-%EB%B9%84%EC%84%B8%ED%86%A0%EC%8A%A4-%EC%B2%B4%EC%9D%B8-%EC%9B%94%EB%A0%9B/MYLFATA03CO001.html
MYLGSTA02BK001,Aren 엠보스드 모노그램 레더 체인 월렛,750000,Black,ACTIVE,천연 풀 그레인 레더,,패브릭,브라스 플레이트 스냅 잠금장치 | 실버톤 코발트 브라스 하드웨어,3 x 11 x 8,60cm,,대한민국,탈부착 가능한 체인 스트랩 | 엠보싱 처리된 비세토스 모노그램 모티프 | 내부 수납공간,,https://images.mcmworldwide.com/i/mcmworldwide/MYLGSTA02BK001_01 | https://images.mcmworldwide.com/i/mcmworldwide/MYLGSTA02BK001_09 | https://images.mcmworldwide.com/i/mcmworldwide/MYLGSTA02BK001_03 | https://images.mcmworldwide.com/i/mcmworldwide/MYLGSTA02BK001_04 | https://images.mcmworldwide.com/i/mcmworldwide/MYLGSTA02BK001_05 | https://images.mcmworldwide.com/i/mcmworldwide/MYLGSTA02BK001_10,,https://kr.mcmworldwide.com/ko_KR/%EC%97%AC%EC%84%B1/%EC%A7%80%EA%B0%91-%EB%A0%88%EB%8D%94%EC%86%8C%ED%92%88/%EB%AA%A8%EB%91%90%EB%B3%B4%EA%B8%B0/aren-%EC%97%A0%EB%B3%B4%EC%8A%A4%EB%93%9C-%EB%AA%A8%EB%85%B8%EA%B7%B8%EB%9E%A8-%EB%A0%88%EB%8D%94-%EC%B2%B4%EC%9D%B8-%EC%9B%94%EB%A0%9B/MYLGSTA02BK001.html
MYLFATA03PZ001,Aren 비세토스 체인 월렛,630000,Pink,ACTIVE,비세토스 모노그램 캔버스,천연 나파 가죽,패브릭,로고가 각인된 브라스 스냅 잠금장치 | 18K 골드 도금 메탈 하드웨어,4 x 11 x 8,60cm,,대한민국,탈부착 가능한 체인 스트랩 | 4개의 내부 수납공간,,https://images.mcmworldwide.com/i/mcmworldwide/MYLFATA03PZ001_01 | https://images.mcmworldwide.com/i/mcmworldwide/MYLFATA03PZ001_09 | https://images.mcmworldwide.com/i/mcmworldwide/MYLFATA03PZ001_03 | https://images.mcmworldwide.com/i/mcmworldwide/MYLFATA03PZ001_04,https://images.mcmworldwide.com/v/mcmworldwide/MYLFATA03PZ001_VID/webm_720p,https://kr.mcmworldwide.com/ko_KR/%EC%97%AC%EC%84%B1/%EC%A7%80%EA%B0%91-%EB%A0%88%EB%8D%94%EC%86%8C%ED%92%88/%EB%AA%A8%EB%91%90%EB%B3%B4%EA%B8%B0/aren-%EB%B9%84%EC%84%B8%ED%86%A0%EC%8A%A4-%EC%B2%B4%EC%9D%B8-%EC%9B%94%EB%A0%9B/MYLFATA03PZ001.html
MYLAAVI03CO001,Aren 비세토스 오리지널 지퍼 지갑,490000,Cognac,ACTIVE,비세토스 모노그램 코티드 캔버스.,,,24K 도금 메탈 금속 장식,2 x 12 x 9,,,대한민국,센터 지퍼 포켓. | 내부 수납공간 | 내부 카드 슬롯. | 나파 가죽 트림 | 패브릭 안감. | 코티드 캔버스,,https://images.mcmworldwide.com/i/mcmworldwide/MYLAAVI03CO001_01 | https://images.mcmworldwide.com/i/mcmworldwide/MYLAAVI03CO001_03 | https://images.mcmworldwide.com/i/mcmworldwide/MYLAAVI03CO001_04,,https://kr.mcmworldwide.com/ko_KR/%EC%97%AC%EC%84%B1/%EC%A7%80%EA%B0%91-%EB%A0%88%EB%8D%94%EC%86%8C%ED%92%88/%EB%AA%A8%EB%91%90%EB%B3%B4%EA%B8%B0/aren-%EB%B9%84%EC%84%B8%ED%86%A0%EC%8A%A4-%EC%98%A4%EB%A6%AC%EC%A7%80%EB%84%90-%EC%A7%80%ED%8D%BC-%EC%A7%80%EA%B0%91/MYLAAVI03CO001.html
MYLFSTA01CO001,Aren 비세토스 지퍼 지갑,690000,Cognac,ACTIVE,비세토스 모노그램 캔버스,천연 나파 가죽,,24K 금 도금 메탈 하드웨어,2 x 20 x 10,,,대한민국,후면 외부 포켓. | 지퍼 어라운드 클로저. | 수납공간이 나눠진 내부와 슬리브 | 내부 카드 슬롯과 지퍼 수납공간 | 패브릭 안감.,,https://images.mcmworldwide.com/i/mcmworldwide/MYLFSTA01CO001_01 | https://images.mcmworldwide.com/i/mcmworldwide/MYLFSTA01CO001_03 | https://images.mcmworldwide.com/i/mcmworldwide/MYLFSTA01CO001_04,,https://kr.mcmworldwide.com/ko_KR/%EC%97%AC%EC%84%B1/%EC%A7%80%EA%B0%91-%EB%A0%88%EB%8D%94%EC%86%8C%ED%92%88/%EB%AA%A8%EB%91%90%EB%B3%B4%EA%B8%B0/aren-%EB%B9%84%EC%84%B8%ED%86%A0%EC%8A%A4-%EC%A7%80%ED%8D%BC-%EC%A7%80%EA%B0%91/MYLFSTA01CO001.html
MYLFATA04CO001,Aren 비세토스 콘티넨털 지갑,690000,Cognac,ACTIVE,비세토스 모노그램 캔버스,천연 가죽,,24K 골드 도금 메탈 하드웨어,2 x 19 x 10,,,대한민국,스냅 클로저 | 카드 슬롯 | 지폐 수납칸 | 지퍼 수납 공간 | 패브릭 안감(카드 슬롯),,https://images.mcmworldwide.com/i/mcmworldwide/MYLFATA04CO001_01 | https://images.mcmworldwide.com/i/mcmworldwide/MYLFATA04CO001_03 | https://images.mcmworldwide.com/i/mcmworldwide/MYLFATA04CO001_04,,https://kr.mcmworldwide.com/ko_KR/%EC%97%AC%EC%84%B1/%EC%A7%80%EA%B0%91-%EB%A0%88%EB%8D%94%EC%86%8C%ED%92%88/%EB%AA%A8%EB%91%90%EB%B3%B4%EA%B8%B0/aren-%EB%B9%84%EC%84%B8%ED%86%A0%EC%8A%A4-%EC%BD%98%ED%8B%B0%EB%84%A8%ED%84%B8-%EC%A7%80%EA%B0%91/MYLFATA04CO001.html
MYLDATA08BK001,Aren 엠보스드 모노그램 레더 콘티넨털 지갑,750000,Black,ACTIVE,풀 그레인 천연 나파 가죽,,,실버 톤 코발트 메탈 금속 장식,3 x 19 x 10,,,대한민국,엠보싱 비세토스 모노그램. | 스냅 클로저 | 중앙 지퍼 포켓 | 내부 지폐 슬리브 및 카드 슬롯 | 패브릭 안감.,,https://images.mcmworldwide.com/i/mcmworldwide/MYLDATA08BK001_01 | https://images.mcmworldwide.com/i/mcmworldwide/MYLDATA08BK001_03 | https://images.mcmworldwide.com/i/mcmworldwide/MYLDATA08BK001_04,,https://kr.mcmworldwide.com/ko_KR/%EC%97%AC%EC%84%B1/%EC%A7%80%EA%B0%91-%EB%A0%88%EB%8D%94%EC%86%8C%ED%92%88/%EB%AA%A8%EB%91%90%EB%B3%B4%EA%B8%B0/aren-%EC%97%A0%EB%B3%B4%EC%8A%A4%EB%93%9C-%EB%AA%A8%EB%85%B8%EA%B7%B8%EB%9E%A8-%EB%A0%88%EB%8D%94-%EC%BD%98%ED%8B%B0%EB%84%A8%ED%84%B8-%EC%A7%80%EA%B0%91/MYLDATA08BK001.html
MYLESXT02CO001,Tracy 비세토스 체인 지갑,830000,Cognac,ACTIVE,비세토스 모노그램 캔버스,나파 가죽,,24K 도금 메탈 금속 장식,3 x 19 x 10,,60cm,대한민국,탈부착 가능한 체인 스트랩 | 라우렐 잠금 장치. | 분할된 내부 구조. | 중앙 지퍼 포켓 | 카드 슬롯 | 패브릭 안감.,MYLDSXT03CO001,https://images.mcmworldwide.com/i/mcmworldwide/MYLESXT02CO001_01 | https://images.mcmworldwide.com/i/mcmworldwide/MYLESXT02CO001_09 | https://images.mcmworldwide.com/i/mcmworldwide/MYLESXT02CO001_03 | https://images.mcmworldwide.com/i/mcmworldwide/MYLESXT02CO001_04 | https://images.mcmworldwide.com/i/mcmworldwide/MYLESXT02CO001_10 | https://images.mcmworldwide.com/i/mcmworldwide/MYLESXT02CO001_11,,https://kr.mcmworldwide.com/ko_KR/%EC%97%AC%EC%84%B1/%EC%A7%80%EA%B0%91-%EB%A0%88%EB%8D%94%EC%86%8C%ED%92%88/%EB%AA%A8%EB%91%90%EB%B3%B4%EA%B8%B0/tracy-%EB%B9%84%EC%84%B8%ED%86%A0%EC%8A%A4-%EC%B2%B4%EC%9D%B8-%EC%A7%80%EA%B0%91/MYLESXT02CO001.html
MYLDSXT03CO001,Tracy 비세토스 체인 지갑,870000,Cognac,ACTIVE,비세토스 모노그램 캔버스,나파 가죽,,24K 도금 메탈 금속 장식,3 x 19 x 9,,60cm,대한민국,탈부착 가능한 체인 스트랩 | 로렐 락 클로저. | 분할된 내부 구조. | 중앙 지퍼 포켓 | 카드 슬롯 | 패브릭 안감.,MYLESXT02CO001,https://images.mcmworldwide.com/i/mcmworldwide/MYLDSXT03CO001_01 | https://images.mcmworldwide.com/i/mcmworldwide/MYLDSXT03CO001_03 | https://images.mcmworldwide.com/i/mcmworldwide/MYLDSXT03CO001_04,,https://kr.mcmworldwide.com/ko_KR/%EC%97%AC%EC%84%B1/%EC%A7%80%EA%B0%91-%EB%A0%88%EB%8D%94%EC%86%8C%ED%92%88/%EC%B2%B4%EC%9D%B8-%EC%A7%80%EA%B0%91/tracy-%EB%B9%84%EC%84%B8%ED%86%A0%EC%8A%A4-%EC%B2%B4%EC%9D%B8-%EC%A7%80%EA%B0%91/MYLDSXT03CO001.html
MYLDSXT01PZ001,Tracy 비세토스 체인 지갑,830000,Pink,ACTIVE,비세토스 모노그램 캔버스,천연 나파 가죽,,18K 금 도금 메탈 하드웨어,3 x 19 x 10,,60cm,대한민국,탈부착 가능한 체인 스트랩 | 레더 풀탭이 있는 라우렐 잠금 장치 | 내부의 지퍼 포켓과 지폐 슬리브 및 카드 슬롯 | 패브릭 안감.,MYLDSXT01BK001 | MYLDSXT01I8001 | MYLDSXT01WT001,https://images.mcmworldwide.com/i/mcmworldwide/MYLDSXT01PZ001_01 | https://images.mcmworldwide.com/i/mcmworldwide/MYLDSXT01PZ001_09 | https://images.mcmworldwide.com/i/mcmworldwide/MYLDSXT01PZ001_03 | https://images.mcmworldwide.com/i/mcmworldwide/MYLDSXT01PZ001_04 | https://images.mcmworldwide.com/i/mcmworldwide/MYLDSXT01PZ001_10,,https://kr.mcmworldwide.com/ko_KR/%EC%97%AC%EC%84%B1/%EC%A7%80%EA%B0%91-%EB%A0%88%EB%8D%94%EC%86%8C%ED%92%88/%EB%AA%A8%EB%91%90%EB%B3%B4%EA%B8%B0/tracy-%EB%B9%84%EC%84%B8%ED%86%A0%EC%8A%A4-%EC%B2%B4%EC%9D%B8-%EC%A7%80%EA%B0%91/MYLDSXT01PZ001.html
MYLDSXT01BK001,Tracy 비세토스 체인 지갑,830000,Black,ACTIVE,레더 풀탭이 있는 라우렐 잠금 장치,,,24K 도금 메탈 금속 장식,3 x 19 x 10,,60cm,대한민국,"탈부착 가능한 체인 스트랩 | 내부 지퍼 포켓, 슬립 포켓, 카드 슬롯 | 비세토스 모노그램 캔버스 | 나파 가죽 트림 | 패브릭 안감 (카드 슬롯 포함).",MYLDSXT01I8001 | MYLDSXT01PZ001 | MYLDSXT01WT001,https://images.mcmworldwide.com/i/mcmworldwide/MYLDSXT01BK001_01 | https://images.mcmworldwide.com/i/mcmworldwide/MYLDSXT01BK001_09 | https://images.mcmworldwide.com/i/mcmworldwide/MYLDSXT01BK001_03 | https://images.mcmworldwide.com/i/mcmworldwide/MYLDSXT01BK001_04 | https://images.mcmworldwide.com/i/mcmworldwide/MYLDSXT01BK001_10,https://images.mcmworldwide.com/v/mcmworldwide/MYLDSXT01BK001_VID/webm_720p,https://kr.mcmworldwide.com/ko_KR/%EC%97%AC%EC%84%B1/%EC%A7%80%EA%B0%91-%EB%A0%88%EB%8D%94%EC%86%8C%ED%92%88/%EC%B2%B4%EC%9D%B8-%EC%A7%80%EA%B0%91/tracy-%EB%B9%84%EC%84%B8%ED%86%A0%EC%8A%A4-%EC%B2%B4%EC%9D%B8-%EC%A7%80%EA%B0%91/MYLDSXT01BK001.html
MYLDSXT01I8001,Tracy 비세토스 체인 지갑,830000,Beige,ACTIVE,레더 풀탭이 있는 라우렐 잠금 장치,,,24K 도금 메탈 금속 장식,3 x 19 x 10,,60cm,대한민국,"탈부착 가능한 체인 스트랩 | 내부 지퍼 포켓, 슬립 포켓, 카드 슬롯 | 비세토스 모노그램 캔버스 | 나파 가죽 트림 | 패브릭 안감 (카드 슬롯 포함).",MYLDSXT01BK001 | MYLDSXT01PZ001 | MYLDSXT01WT001,https://images.mcmworldwide.com/i/mcmworldwide/MYLDSXT01I8001_01 | https://images.mcmworldwide.com/i/mcmworldwide/MYLDSXT01I8001_09 | https://images.mcmworldwide.com/i/mcmworldwide/MYLDSXT01I8001_03 | https://images.mcmworldwide.com/i/mcmworldwide/MYLDSXT01I8001_04 | https://images.mcmworldwide.com/i/mcmworldwide/MYLDSXT01I8001_10,,https://kr.mcmworldwide.com/ko_KR/%EC%97%AC%EC%84%B1/%EC%A7%80%EA%B0%91-%EB%A0%88%EB%8D%94%EC%86%8C%ED%92%88/%EC%B2%B4%EC%9D%B8-%EC%A7%80%EA%B0%91/tracy-%EB%B9%84%EC%84%B8%ED%86%A0%EC%8A%A4-%EC%B2%B4%EC%9D%B8-%EC%A7%80%EA%B0%91/MYLDSXT01I8001.html
MYLDSXT01WT001,Tracy 비세토스 체인 지갑,830000,White,ACTIVE,비세토스 모노그램 캔버스,나파 가죽,,24K 도금 브라스 금속 장식,3 x 19 x 10,,60cm,대한민국,"탈부착 가능한 체인 스트랩 | 레더 풀탭이 있는 라우렐 잠금 장치 | 내부 지퍼 포켓, 슬립 포켓, 카드 슬롯 | 패브릭 안감.",MYLDSXT01BK001 | MYLDSXT01I8001 | MYLDSXT01PZ001,https://images.mcmworldwide.com/i/mcmworldwide/MYLDSXT01WT001_01 | https://images.mcmworldwide.com/i/mcmworldwide/MYLDSXT01WT001_03 | https://images.mcmworldwide.com/i/mcmworldwide/MYLDSXT01WT001_04,,https://kr.mcmworldwide.com/ko_KR/%EC%97%AC%EC%84%B1/%EC%A7%80%EA%B0%91-%EB%A0%88%EB%8D%94%EC%86%8C%ED%92%88/%EC%B2%B4%EC%9D%B8-%EC%A7%80%EA%B0%91/tracy-%EB%B9%84%EC%84%B8%ED%86%A0%EC%8A%A4-%EC%B2%B4%EC%9D%B8-%EC%A7%80%EA%B0%91/MYLDSXT01WT001.html
MYLESXT01BK001,Tracy 엠보스드 모노그램 레더 체인 지갑,930000,Black,ACTIVE,레더 풀탭이 있는 라우렐 잠금 장치,,,24K 도금 브라스 금속 장식,3 x 19 x 11,,60cm,대한민국,"탈부착 가능한 체인 스트랩 | 내부 지퍼 포켓, 슬립 포켓, 카드 슬롯 | 천연 풀 그레인 나파 가죽 | 패브릭 안감.",,https://images.mcmworldwide.com/i/mcmworldwide/MYLESXT01BK001_01 | https://images.mcmworldwide.com/i/mcmworldwide/MYLESXT01BK001_09 | https://images.mcmworldwide.com/i/mcmworldwide/MYLESXT01BK001_03 | https://images.mcmworldwide.com/i/mcmworldwide/MYLESXT01BK001_04 | https://images.mcmworldwide.com/i/mcmworldwide/MYLESXT01BK001_10,https://images.mcmworldwide.com/v/mcmworldwide/MYLESXT01BK001_VID/webm_720p,https://kr.mcmworldwide.com/ko_KR/%EC%97%AC%EC%84%B1/%EC%A7%80%EA%B0%91-%EB%A0%88%EB%8D%94%EC%86%8C%ED%92%88/%EB%AA%A8%EB%91%90%EB%B3%B4%EA%B8%B0/tracy-%EC%97%A0%EB%B3%B4%EC%8A%A4%EB%93%9C-%EB%AA%A8%EB%85%B8%EA%B7%B8%EB%9E%A8-%EB%A0%88%EB%8D%94-%EC%B2%B4%EC%9D%B8-%EC%A7%80%EA%B0%91/MYLESXT01BK001.html
MYLGSTA01BK001,Aren 엠보스드 모노그램 레더 체인 월렛,990000,Black,ACTIVE,천연 풀 그레인 레더,,패브릭,브라스 플레이트 스냅 잠금장치 | 실버톤 코발트 브라스 하드웨어,3 x 20 x 11,,55 cm,대한민국,탈부착 가능한 스트랩 | 엠보싱 처리된 비세토스 모노그램 모티프 | 카드 슬롯 | 내부 지퍼 포켓,MYLGSTA01QA001,https://images.mcmworldwide.com/i/mcmworldwide/MYLGSTA01BK001_01 | https://images.mcmworldwide.com/i/mcmworldwide/MYLGSTA01BK001_09 | https://images.mcmworldwide.com/i/mcmworldwide/MYLGSTA01BK001_03 | https://images.mcmworldwide.com/i/mcmworldwide/MYLGSTA01BK001_04 | https://images.mcmworldwide.com/i/mcmworldwide/MYLGSTA01BK001_05 | https://images.mcmworldwide.com/i/mcmworldwide/MYLGSTA01BK001_10 | https://images.mcmworldwide.com/i/mcmworldwide/MYLGSTA01BK001_11,,https://kr.mcmworldwide.com/ko_KR/%EC%97%AC%EC%84%B1/%EC%A7%80%EA%B0%91-%EB%A0%88%EB%8D%94%EC%86%8C%ED%92%88/%EB%AA%A8%EB%91%90%EB%B3%B4%EA%B8%B0/aren-%EC%97%A0%EB%B3%B4%EC%8A%A4%EB%93%9C-%EB%AA%A8%EB%85%B8%EA%B7%B8%EB%9E%A8-%EB%A0%88%EB%8D%94-%EC%B2%B4%EC%9D%B8-%EC%9B%94%EB%A0%9B/MYLGSTA01BK001.html
MYLGSTA01QA001,Aren 엠보스드 모노그램 레더 체인 월렛,990000,Pink,ACTIVE,천연 풀 그레인 레더,,패브릭,브라스 플레이트 스냅 잠금장치 | 16K 골드 도금 메탈 하드웨어,3 x 20 x 11,,55 cm,대한민국,탈부착 가능한 스트랩 | 엠보싱 처리된 비세토스 모노그램 모티프 | 카드 슬롯 | 내부 지퍼 포켓,MYLGSTA01BK001,https://images.mcmworldwide.com/i/mcmworldwide/MYLGSTA01QA001_01 | https://images.mcmworldwide.com/i/mcmworldwide/MYLGSTA01QA001_09 | https://images.mcmworldwide.com/i/mcmworldwide/MYLGSTA01QA001_03 | https://images.mcmworldwide.com/i/mcmworldwide/MYLGSTA01QA001_04 | https://images.mcmworldwide.com/i/mcmworldwide/MYLGSTA01QA001_05 | https://images.mcmworldwide.com/i/mcmworldwide/MYLGSTA01QA001_10,,https://kr.mcmworldwide.com/ko_KR/%EC%97%AC%EC%84%B1/%EC%A7%80%EA%B0%91-%EB%A0%88%EB%8D%94%EC%86%8C%ED%92%88/%EC%B2%B4%EC%9D%B8-%EC%A7%80%EA%B0%91/aren-%EC%97%A0%EB%B3%B4%EC%8A%A4%EB%93%9C-%EB%AA%A8%EB%85%B8%EA%B7%B8%EB%9E%A8-%EB%A0%88%EB%8D%94-%EC%B2%B4%EC%9D%B8-%EC%9B%94%EB%A0%9B/MYLGSTA01QA001.html
MYLAAPA02CO001,Tracy 비세토스 크로스바디 지갑,870000,Cognac,ACTIVE,비세토스 모노그램 캔버스,천연 가죽,패브릭,24K 골드 도금 메탈 하드웨어,3 x 19 x 10,60cm,,대한민국,탈착 가능한 체인 스트랩 | 구획된 내부 수납공간 | 중앙 지퍼 포켓 | 내부 카드 슬롯,,https://images.mcmworldwide.com/i/mcmworldwide/MYLAAPA02CO001_01 | https://images.mcmworldwide.com/i/mcmworldwide/MYLAAPA02CO001_02 | https://images.mcmworldwide.com/i/mcmworldwide/MYLAAPA02CO001_03 | https://images.mcmworldwide.com/i/mcmworldwide/MYLAAPA02CO001_04,,https://kr.mcmworldwide.com/ko_KR/%EC%97%AC%EC%84%B1/%EC%A7%80%EA%B0%91-%EB%A0%88%EB%8D%94%EC%86%8C%ED%92%88/%EB%AA%A8%EB%91%90%EB%B3%B4%EA%B8%B0/tracy-%EB%B9%84%EC%84%B8%ED%86%A0%EC%8A%A4-%ED%81%AC%EB%A1%9C%EC%8A%A4%EB%B0%94%EB%94%94-%EC%A7%80%EA%B0%91/MYLAAPA02CO001.html
MYAFSXT01PZ001,패트리샤 비세토스 지퍼 카드 케이스,430000,Pink,ACTIVE,비세토스 모노그램 캔버스,천연 나파 가죽,,18K 금 도금 메탈 하드웨어,2 x 12 x 9,,,대한민국,앞면 수납공간과 라우렐 잠금 스냅 클로저 | 로고가 새겨진 연결 고리 잠금장치 | 지퍼 어라운드 클로저. | 뒷면 외부 카드 슬롯 | 패브릭 안감.,,https://images.mcmworldwide.com/i/mcmworldwide/MYAFSXT01PZ001_01 | https://images.mcmworldwide.com/i/mcmworldwide/MYAFSXT01PZ001_03 | https://images.mcmworldwide.com/i/mcmworldwide/MYAFSXT01PZ001_04,,https://kr.mcmworldwide.com/ko_KR/%EC%97%AC%EC%84%B1/%EC%A7%80%EA%B0%91-%EB%A0%88%EB%8D%94%EC%86%8C%ED%92%88/%EB%AA%A8%EB%91%90%EB%B3%B4%EA%B8%B0/%ED%8C%A8%ED%8A%B8%EB%A6%AC%EC%83%A4-%EB%B9%84%EC%84%B8%ED%86%A0%EC%8A%A4-%EC%A7%80%ED%8D%BC-%EC%B9%B4%EB%93%9C-%EC%BC%80%EC%9D%B4%EC%8A%A4/MYAFSXT01PZ001.html
MYSAAPA02CO001,Tracy 비세토스 3단 지갑,530000,Cognac,ACTIVE,비세토스 모노그램 캔버스,,,24K 도금 금속 장식,3 x 12 x 10,,,대한민국,중앙 지퍼 포켓 | 내부 카드 슬롯 | 지폐 슬리브 | 내부 카드 슬롯. | 내부 옆면 슬리브 | 나파 가죽 트림,,https://images.mcmworldwide.com/i/mcmworldwide/MYSAAPA02CO001_01 | https://images.mcmworldwide.com/i/mcmworldwide/MYSAAPA02CO001_02 | https://images.mcmworldwide.com/i/mcmworldwide/MYSAAPA02CO001_03,,https://kr.mcmworldwide.com/ko_KR/%EC%97%AC%EC%84%B1/%EC%A7%80%EA%B0%91-%EB%A0%88%EB%8D%94%EC%86%8C%ED%92%88/%EB%AA%A8%EB%91%90%EB%B3%B4%EA%B8%B0/tracy-%EB%B9%84%EC%84%B8%ED%86%A0%EC%8A%A4-3%EB%8B%A8-%EC%A7%80%EA%B0%91/MYSAAPA02CO001.html
MXKCSVI01CO001,비세토스 오리지널 키 파우치,350000,Cognac,ACTIVE,비세토스 모노그램 코티드 캔버스,,,실버 톤 코발트 메탈 하드웨어.,1 x 14 x 8,,,대한민국,로고 인그레이브드 카라비너 연결 고리 | 지퍼 클로저 | 내부 카드 슬롯 | 나파 가죽 트림 | 패브릭 안감.,MXKCSVI01BK001,https://images.mcmworldwide.com/i/mcmworldwide/MXKCSVI01CO001_01 | https://images.mcmworldwide.com/i/mcmworldwide/MXKCSVI01CO001_03 | https://images.mcmworldwide.com/i/mcmworldwide/MXKCSVI01CO001_04,,https://kr.mcmworldwide.com/ko_KR/%EC%97%AC%EC%84%B1/%EC%A7%80%EA%B0%91-%EB%A0%88%EB%8D%94%EC%86%8C%ED%92%88/%EB%AA%A8%EB%91%90%EB%B3%B4%EA%B8%B0/%EB%B9%84%EC%84%B8%ED%86%A0%EC%8A%A4-%EC%98%A4%EB%A6%AC%EC%A7%80%EB%84%90-%ED%82%A4-%ED%8C%8C%EC%9A%B0%EC%B9%98/MXKCSVI01CO001.html
MXKCSVI01BK001,비세토스 오리지널 키 파우치,350000,Black,ACTIVE,비세토스 모노그램 코티드 캔버스,,,실버 톤 코발트 메탈 하드웨어.,1 x 14 x 8,,,대한민국,로고 인그레이브드 카라비너 연결 고리 | 지퍼 클로저 | 내부 카드 슬롯 | 나파 가죽 트림 | 패브릭 안감.,MXKCSVI01CO001,https://images.mcmworldwide.com/i/mcmworldwide/MXKCSVI01BK001_01 | https://images.mcmworldwide.com/i/mcmworldwide/MXKCSVI01BK001_09 | https://images.mcmworldwide.com/i/mcmworldwide/MXKCSVI01BK001_03 | https://images.mcmworldwide.com/i/mcmworldwide/MXKCSVI01BK001_04 | https://images.mcmworldwide.com/i/mcmworldwide/MXKCSVI01BK001_10,,https://kr.mcmworldwide.com/ko_KR/%EB%82%A8%EC%84%B1/%EC%A7%80%EA%B0%91-%EB%A0%88%EB%8D%94%EC%86%8C%ED%92%88/%EC%B9%B4%EB%93%9C%EC%A7%80%EA%B0%91-%ED%82%A4%ED%99%80%EB%8D%94/%EB%B9%84%EC%84%B8%ED%86%A0%EC%8A%A4-%EC%98%A4%EB%A6%AC%EC%A7%80%EB%84%90-%ED%82%A4-%ED%8C%8C%EC%9A%B0%EC%B9%98/MXKCSVI01BK001.html
MXAAAVI03BK001,비세토스 오리지널 N/S 카드 케이스,290000,Black,ACTIVE,,,,,1 x 8 x 11,,,대한민국,지폐 및 영수증용 중앙 포켓 | 양면 포켓,MXAAAVI03CO001,https://images.mcmworldwide.com/i/mcmworldwide/MXAAAVI03BK001_01 | https://images.mcmworldwide.com/i/mcmworldwide/MXAAAVI03BK001_03 | https://images.mcmworldwide.com/i/mcmworldwide/MXAAAVI03BK001_04,,https://kr.mcmworldwide.com/ko_KR/%EC%97%AC%EC%84%B1/%EC%A7%80%EA%B0%91-%EB%A0%88%EB%8D%94%EC%86%8C%ED%92%88/%EB%AA%A8%EB%91%90%EB%B3%B4%EA%B8%B0/%EB%B9%84%EC%84%B8%ED%86%A0%EC%8A%A4-%EC%98%A4%EB%A6%AC%EC%A7%80%EB%84%90-n%2Fs-%EC%B9%B4%EB%93%9C-%EC%BC%80%EC%9D%B4%EC%8A%A4/MXAAAVI03BK001.html
MXAAAVI03CO001,비세토스 오리지널 N/S 카드 케이스,290000,Cognac,ACTIVE,,,,,1 x 8 x 11,,,대한민국,지폐 및 영수증용 중앙 포켓 | 양면 포켓,MXAAAVI03BK001,https://images.mcmworldwide.com/i/mcmworldwide/MXAAAVI03CO001_01 | https://images.mcmworldwide.com/i/mcmworldwide/MXAAAVI03CO001_03 | https://images.mcmworldwide.com/i/mcmworldwide/MXAAAVI03CO001_04,,https://kr.mcmworldwide.com/ko_KR/%EB%82%A8%EC%84%B1/%EC%A7%80%EA%B0%91-%EB%A0%88%EB%8D%94%EC%86%8C%ED%92%88/%EC%B9%B4%EB%93%9C%EC%A7%80%EA%B0%91-%ED%82%A4%ED%99%80%EB%8D%94/%EB%B9%84%EC%84%B8%ED%86%A0%EC%8A%A4-%EC%98%A4%EB%A6%AC%EC%A7%80%EB%84%90-n%2Fs-%EC%B9%B4%EB%93%9C-%EC%BC%80%EC%9D%B4%EC%8A%A4/MXAAAVI03CO001.html
MXSFATA02CO001,비세토스 카드 지갑,410000,Cognac,ACTIVE,비세토스 모노그램 캔버스,,패브릭,24K 도금 금속 장식,2 x 12 x 10,,,대한민국,스냅 클로저 | 내부 카드 슬롯 | 지폐 수납 공간 | 내부 포켓 | 가죽 트림,MXSFATA02BK001,https://images.mcmworldwide.com/i/mcmworldwide/MXSFATA02CO001_01 | https://images.mcmworldwide.com/i/mcmworldwide/MXSFATA02CO001_03 | https://images.mcmworldwide.com/i/mcmworldwide/MXSFATA02CO001_04,,https://kr.mcmworldwide.com/ko_KR/%EC%97%AC%EC%84%B1/%EC%A7%80%EA%B0%91-%EB%A0%88%EB%8D%94%EC%86%8C%ED%92%88/%EB%AA%A8%EB%91%90%EB%B3%B4%EA%B8%B0/%EB%B9%84%EC%84%B8%ED%86%A0%EC%8A%A4-%EC%B9%B4%EB%93%9C-%EC%A7%80%EA%B0%91/MXSFATA02CO001.html
MXSFATA02BK001,비세토스 카드 지갑,410000,Black,ACTIVE,비세토스 모노그램 캔버스,천연 가죽,패브릭,실버톤 코발트 메탈 하드웨어,2 x 12 x 10,,,대한민국,스냅 클로저 | 내부 카드 슬롯 | 지폐 수납 공간 | 내부 포켓,MXSFATA02CO001,https://images.mcmworldwide.com/i/mcmworldwide/MXSFATA02BK001_01 | https://images.mcmworldwide.com/i/mcmworldwide/MXSFATA02BK001_03 | https://images.mcmworldwide.com/i/mcmworldwide/MXSFATA02BK001_04,,https://kr.mcmworldwide.com/ko_KR/%EB%82%A8%EC%84%B1/%EC%A7%80%EA%B0%91-%EB%A0%88%EB%8D%94%EC%86%8C%ED%92%88/%EB%B0%98%EC%A7%80%EA%B0%91-%EB%A8%B8%EB%8B%88%ED%81%B4%EB%A6%BD/%EB%B9%84%EC%84%B8%ED%86%A0%EC%8A%A4-%EC%B9%B4%EB%93%9C-%EC%A7%80%EA%B0%91/MXSFATA02BK001.html
MYSESXT01WT001,Tracy 비세토스 3단 지갑,570000,White,ACTIVE,비세토스 모노그램 캔버스,나파 레더,,24K 도금 브라스 금속 장식,3 x 12 x 10,,,대한민국,로렐 락 스냅 클로저 | 중앙 지퍼 포켓 | 지폐 슬리브 | 내부 카드 슬롯. | 내부 옆면 슬리브 | 패브릭 안감.,MYSESXT01CO001 | MYSESXT01PZ001,https://images.mcmworldwide.com/i/mcmworldwide/MYSESXT01WT001_01 | https://images.mcmworldwide.com/i/mcmworldwide/MYSESXT01WT001_03 | https://images.mcmworldwide.com/i/mcmworldwide/MYSESXT01WT001_04,,https://kr.mcmworldwide.com/ko_KR/%EC%97%AC%EC%84%B1/%EC%A7%80%EA%B0%91-%EB%A0%88%EB%8D%94%EC%86%8C%ED%92%88/%EB%AA%A8%EB%91%90%EB%B3%B4%EA%B8%B0/tracy-%EB%B9%84%EC%84%B8%ED%86%A0%EC%8A%A4-3%EB%8B%A8-%EC%A7%80%EA%B0%91/MYSESXT01WT001.html
MXZGATA02BK001,엠보스드 모노그램 레더 랜야드 ID 카드 지갑,350000,Black,ACTIVE,풀 그레인 나파 레더,,패브릭,다크 메탈 하드웨어,1 x 7 x 12,,47 cm,대한민국,탈부착이 가능한 가죽 스트랩 | 엠보스드 비세토스 모노그램 | 카드 슬롯 | ID 창,,https://images.mcmworldwide.com/i/mcmworldwide/MXZGATA02BK001_01 | https://images.mcmworldwide.com/i/mcmworldwide/MXZGATA02BK001_03 | https://images.mcmworldwide.com/i/mcmworldwide/MXZGATA02BK001_04 | https://images.mcmworldwide.com/i/mcmworldwide/MXZGATA02BK001_05 | https://images.mcmworldwide.com/i/mcmworldwide/MXZGATA02BK001_06,,https://kr.mcmworldwide.com/ko_KR/%EC%97%AC%EC%84%B1/%EC%A7%80%EA%B0%91-%EB%A0%88%EB%8D%94%EC%86%8C%ED%92%88/%EB%AA%A8%EB%91%90%EB%B3%B4%EA%B8%B0/%EC%97%A0%EB%B3%B4%EC%8A%A4%EB%93%9C-%EB%AA%A8%EB%85%B8%EA%B7%B8%EB%9E%A8-%EB%A0%88%EB%8D%94-%EB%9E%9C%EC%95%BC%EB%93%9C-id-%EC%B9%B4%EB%93%9C-%EC%A7%80%EA%B0%91/MXZGATA02BK001.html
MXZGATA03CO001,Aren 디스코 비세토스 랜야드 카드 지갑,350000,Cognac,ACTIVE,비세토스 모노그램 캔버스,나파 가죽,패브릭,24K 골드 도금 브라스 하드웨어,1 x 8 x 13,45cm,,대한민국,탈부착 가능한 레더 스트랩 | MCM Disco 모티프 | 카드 슬롯 | 지퍼 수납 공간,,https://images.mcmworldwide.com/i/mcmworldwide/MXZGATA03CO001_01 | https://images.mcmworldwide.com/i/mcmworldwide/MXZGATA03CO001_02 | https://images.mcmworldwide.com/i/mcmworldwide/MXZGATA03CO001_03 | https://images.mcmworldwide.com/i/mcmworldwide/MXZGATA03CO001_04 | https://images.mcmworldwide.com/i/mcmworldwide/MXZGATA03CO001_05,,https://kr.mcmworldwide.com/ko_KR/%EC%97%AC%EC%84%B1/%EC%A7%80%EA%B0%91-%EB%A0%88%EB%8D%94%EC%86%8C%ED%92%88/%EB%AA%A8%EB%91%90%EB%B3%B4%EA%B8%B0/aren-%EB%94%94%EC%8A%A4%EC%BD%94-%EB%B9%84%EC%84%B8%ED%86%A0%EC%8A%A4-%EB%9E%9C%EC%95%BC%EB%93%9C-%EC%B9%B4%EB%93%9C-%EC%A7%80%EA%B0%91/MXZGATA03CO001.html
MXAGATA03CO001,Aren 디스코 비세토스 카드 지갑,310000,Cognac,ACTIVE,비세토스 모노그램 캔버스,나파 가죽,패브릭,,1 x 10 x 8,,,대한민국,MCM Disco 모티프 | 카드 슬롯,,https://images.mcmworldwide.com/i/mcmworldwide/MXAGATA03CO001_01 | https://images.mcmworldwide.com/i/mcmworldwide/MXAGATA03CO001_03 | https://images.mcmworldwide.com/i/mcmworldwide/MXAGATA03CO001_04 | https://images.mcmworldwide.com/i/mcmworldwide/MXAGATA03CO001_05,,https://kr.mcmworldwide.com/ko_KR/%EC%97%AC%EC%84%B1/%EC%A7%80%EA%B0%91-%EB%A0%88%EB%8D%94%EC%86%8C%ED%92%88/%EB%AA%A8%EB%91%90%EB%B3%B4%EA%B8%B0/aren-%EB%94%94%EC%8A%A4%EC%BD%94-%EB%B9%84%EC%84%B8%ED%86%A0%EC%8A%A4-%EC%B9%B4%EB%93%9C-%EC%A7%80%EA%B0%91/MXAGATA03CO001.html
MXZGATA01CO001,비세토스 랜야드 ID 카드 지갑,290000,Cognac,ACTIVE,비세토스 모노그램 캔버스,나파 가죽,패브릭,24K 골드 도금 브라스 하드웨어,1 x 7 x 12,,46cm,대한민국,탈부착이 가능한 가죽 스트랩 | 카드 슬롯 | ID 창,,https://images.mcmworldwide.com/i/mcmworldwide/MXZGATA01CO001_01 | https://images.mcmworldwide.com/i/mcmworldwide/MXZGATA01CO001_03 | https://images.mcmworldwide.com/i/mcmworldwide/MXZGATA01CO001_04 | https://images.mcmworldwide.com/i/mcmworldwide/MXZGATA01CO001_05 | https://images.mcmworldwide.com/i/mcmworldwide/MXZGATA01CO001_06,,https://kr.mcmworldwide.com/ko_KR/%EC%97%AC%EC%84%B1/%EC%A7%80%EA%B0%91-%EB%A0%88%EB%8D%94%EC%86%8C%ED%92%88/%EB%AA%A8%EB%91%90%EB%B3%B4%EA%B8%B0/%EB%B9%84%EC%84%B8%ED%86%A0%EC%8A%A4-%EB%9E%9C%EC%95%BC%EB%93%9C-id-%EC%B9%B4%EB%93%9C-%EC%A7%80%EA%B0%91/MXZGATA01CO001.html
MXADATA04BK001,Aren 맥시 모노그램 레더 카드 반지갑,430000,Black,ACTIVE,풀 그레인 천연 나파 가죽,,,,1 x 8 x 11,,,대한민국,엠보스드 맥시 비세토스 모노그램 | 후면 외부 슬립 포켓. | 내부 카드 슬롯과 슬립 포켓 | 패브릭 안감.,,https://images.mcmworldwide.com/i/mcmworldwide/MXADATA04BK001_01 | https://images.mcmworldwide.com/i/mcmworldwide/MXADATA04BK001_03 | https://images.mcmworldwide.com/i/mcmworldwide/MXADATA04BK001_04,,https://kr.mcmworldwide.com/ko_KR/%EB%82%A8%EC%84%B1/%EC%A7%80%EA%B0%91-%EB%A0%88%EB%8D%94%EC%86%8C%ED%92%88/%EB%AA%A8%EB%91%90%EB%B3%B4%EA%B8%B0/aren-%EB%A7%A5%EC%8B%9C-%EB%AA%A8%EB%85%B8%EA%B7%B8%EB%9E%A8-%EB%A0%88%EB%8D%94-%EC%B9%B4%EB%93%9C-%EB%B0%98%EC%A7%80%EA%B0%91/MXADATA04BK001.html
MXZFATA01CO001,Aren 비세토스 랜야드 ID 지갑,330000,Cognac,ACTIVE,비세토스 모노그램 캔버스,천연 가죽,패브릭,24K 골드 도금 브라스 하드웨어,1 x 11 x 7,45 cm,,대한민국,탈부착 가능한 가죽 랜야드 스트랩 | 로고가 각인된 스프링 잠금장치 | 스냅 클로저 | 뒤쪽 ID 창,,https://images.mcmworldwide.com/i/mcmworldwide/MXZFATA01CO001_01 | https://images.mcmworldwide.com/i/mcmworldwide/MXZFATA01CO001_03 | https://images.mcmworldwide.com/i/mcmworldwide/MXZFATA01CO001_04,,https://kr.mcmworldwide.com/ko_KR/%EB%82%A8%EC%84%B1/%EC%A7%80%EA%B0%91-%EB%A0%88%EB%8D%94%EC%86%8C%ED%92%88/%EB%AA%A8%EB%91%90%EB%B3%B4%EA%B8%B0/aren-%EB%B9%84%EC%84%B8%ED%86%A0%EC%8A%A4-%EB%9E%9C%EC%95%BC%EB%93%9C-id-%EC%A7%80%EA%B0%91/MXZFATA01CO001.html
MXZGSTA03BK001,Aren 맥시 모노그램 레더 랜야드 ID 월렛,370000,Black,ACTIVE,천연 풀 그레인 레더,,패브릭,다크 메탈 하드웨어,1 x 11 x 8,,50 cm,대한민국,탈부착 가능한 가죽 랜야드 스트랩 | 로고가 각인된 스프링 잠금장치 | 스냅 클로저 | 뒤쪽 ID 창,,https://images.mcmworldwide.com/i/mcmworldwide/MXZGSTA03BK001_01 | https://images.mcmworldwide.com/i/mcmworldwide/MXZGSTA03BK001_09 | https://images.mcmworldwide.com/i/mcmworldwide/MXZGSTA03BK001_03 | https://images.mcmworldwide.com/i/mcmworldwide/MXZGSTA03BK001_04 | https://images.mcmworldwide.com/i/mcmworldwide/MXZGSTA03BK001_10 | https://images.mcmworldwide.com/i/mcmworldwide/MXZGSTA03BK001_11,,https://kr.mcmworldwide.com/ko_KR/%EB%82%A8%EC%84%B1/%EC%A7%80%EA%B0%91-%EB%A0%88%EB%8D%94%EC%86%8C%ED%92%88/%EB%AA%A8%EB%91%90%EB%B3%B4%EA%B8%B0/aren-%EB%A7%A5%EC%8B%9C-%EB%AA%A8%EB%85%B8%EA%B7%B8%EB%9E%A8-%EB%A0%88%EB%8D%94-%EB%9E%9C%EC%95%BC%EB%93%9C-id-%EC%9B%94%EB%A0%9B/MXZGSTA03BK001.html
MXSESTA01VC001,Aren 맥시 모노그램 레더 스냅 지갑,450000,Blue,ACTIVE,천연 풀 그레인 나파 가죽,,패브릭,실버톤 코발트 금속 장식,2 x 9 x 12,,,대한민국,엠보스드 맥시 모노그램 | 지퍼 수납공간 | 스냅 클로저 | 지폐 슬리브 | 카드 슬롯 | 보조 슬리브,,https://images.mcmworldwide.com/i/mcmworldwide/MXSESTA01VC001_01 | https://images.mcmworldwide.com/i/mcmworldwide/MXSESTA01VC001_03 | https://images.mcmworldwide.com/i/mcmworldwide/MXSESTA01VC001_04,,https://kr.mcmworldwide.com/ko_KR/%EB%82%A8%EC%84%B1/%EC%A7%80%EA%B0%91-%EB%A0%88%EB%8D%94%EC%86%8C%ED%92%88/%EB%AA%A8%EB%91%90%EB%B3%B4%EA%B8%B0/aren-%EB%A7%A5%EC%8B%9C-%EB%AA%A8%EB%85%B8%EA%B7%B8%EB%9E%A8-%EB%A0%88%EB%8D%94-%EC%8A%A4%EB%83%85-%EC%A7%80%EA%B0%91/MXSESTA01VC001.html
MXZAAVI08CO001,비세토스 오리지널 랜야드 카드 홀더,310000,Cognac,ACTIVE,탈부착형 가죽 래니어드,,,24K 도금 메탈 금속 장식,1 x 9 x 13,45cm,,대한민국,카드 슬롯 4개 | 지퍼 포켓 | 비세토스 모노그램 코티드 캔버스. | 나파 가죽 트림 | 패브릭 안감.,,https://images.mcmworldwide.com/i/mcmworldwide/MXZAAVI08CO001_01 | https://images.mcmworldwide.com/i/mcmworldwide/MXZAAVI08CO001_03 | https://images.mcmworldwide.com/i/mcmworldwide/MXZAAVI08CO001_04,,https://kr.mcmworldwide.com/ko_KR/%EB%82%A8%EC%84%B1/%EC%A7%80%EA%B0%91-%EB%A0%88%EB%8D%94%EC%86%8C%ED%92%88/%EB%AA%A8%EB%91%90%EB%B3%B4%EA%B8%B0/%EB%B9%84%EC%84%B8%ED%86%A0%EC%8A%A4-%EC%98%A4%EB%A6%AC%EC%A7%80%EB%84%90-%EB%9E%9C%EC%95%BC%EB%93%9C-%EC%B9%B4%EB%93%9C-%ED%99%80%EB%8D%94/MXZAAVI08CO001.html
MXZGSTA11CO001,Aren 비세토스 폰 파우치,650000,Cognac,ACTIVE,비세토스 모노그램 캔버스,천연 가죽,패브릭,로고 브라스 플레이트 | 24K 골드 도금 브라스 하드웨어,4 x 12 x 19,,60cm,대한민국,탈부착이 가능하며 길이 조절이 가능한 가죽 스트랩 | 아이폰 16 프로 맥스 수납 가능 | 뒷면 외부 카드 슬롯 | 스냅 클로저,MXZGSTA11BK001,https://images.mcmworldwide.com/i/mcmworldwide/MXZGSTA11CO001_01 | https://images.mcmworldwide.com/i/mcmworldwide/MXZGSTA11CO001_09 | https://images.mcmworldwide.com/i/mcmworldwide/MXZGSTA11CO001_03 | https://images.mcmworldwide.com/i/mcmworldwide/MXZGSTA11CO001_04 | https://images.mcmworldwide.com/i/mcmworldwide/MXZGSTA11CO001_05 | https://images.mcmworldwide.com/i/mcmworldwide/MXZGSTA11CO001_10 | https://images.mcmworldwide.com/i/mcmworldwide/MXZGSTA11CO001_11,,https://kr.mcmworldwide.com/ko_KR/%EB%82%A8%EC%84%B1/%EC%A7%80%EA%B0%91-%EB%A0%88%EB%8D%94%EC%86%8C%ED%92%88/%EB%AA%A8%EB%91%90%EB%B3%B4%EA%B8%B0/aren-%EB%B9%84%EC%84%B8%ED%86%A0%EC%8A%A4-%ED%8F%B0-%ED%8C%8C%EC%9A%B0%EC%B9%98/MXZGSTA11CO001.html
MXZGSTA11BK001,Aren 비세토스 폰 파우치,650000,Black,ACTIVE,비세토스 모노그램 캔버스,천연 가죽,패브릭,로고 브라스 플레이트 | 실버톤 코발트 브라스 하드웨어,4 x 12 x 19,,60cm,대한민국,탈부착이 가능하며 길이 조절이 가능한 가죽 스트랩 | 아이폰 16 프로 맥스 수납 가능 | 뒷면 외부 카드 슬롯 | 스냅 클로저,MXZGSTA11CO001,https://images.mcmworldwide.com/i/mcmworldwide/MXZGSTA11BK001_01 | https://images.mcmworldwide.com/i/mcmworldwide/MXZGSTA11BK001_09 | https://images.mcmworldwide.com/i/mcmworldwide/MXZGSTA11BK001_03 | https://images.mcmworldwide.com/i/mcmworldwide/MXZGSTA11BK001_04 | https://images.mcmworldwide.com/i/mcmworldwide/MXZGSTA11BK001_05 | https://images.mcmworldwide.com/i/mcmworldwide/MXZGSTA11BK001_10 | https://images.mcmworldwide.com/i/mcmworldwide/MXZGSTA11BK001_11,,https://kr.mcmworldwide.com/ko_KR/%EB%82%A8%EC%84%B1/%EC%A7%80%EA%B0%91-%EB%A0%88%EB%8D%94%EC%86%8C%ED%92%88/%EC%B9%B4%EB%93%9C%EC%A7%80%EA%B0%91-%ED%82%A4%ED%99%80%EB%8D%94/aren-%EB%B9%84%EC%84%B8%ED%86%A0%EC%8A%A4-%ED%8F%B0-%ED%8C%8C%EC%9A%B0%EC%B9%98/MXZGSTA11BK001.html
MXAGATA02BK001,Aren 비세토스 카드 지갑,470000,Black,ACTIVE,그레인 레더,나파 가죽,패브릭,다크 실버톤 코발트 메탈 하드웨어,2 x 13 x 8,,46 cm | 46cm,대한민국,탈부착 가능한 레더 스트랩 | 엠보스드 비세토스 모노그램 | 지퍼 클로저 | 외부 카드 슬롯 | 키링,,https://images.mcmworldwide.com/i/mcmworldwide/MXAGATA02BK001_01 | https://images.mcmworldwide.com/i/mcmworldwide/MXAGATA02BK001_03 | https://images.mcmworldwide.com/i/mcmworldwide/MXAGATA02BK001_04,,https://kr.mcmworldwide.com/ko_KR/%EB%82%A8%EC%84%B1/%EC%A7%80%EA%B0%91-%EB%A0%88%EB%8D%94%EC%86%8C%ED%92%88/%EB%AA%A8%EB%91%90%EB%B3%B4%EA%B8%B0/aren-%EB%B9%84%EC%84%B8%ED%86%A0%EC%8A%A4-%EC%B9%B4%EB%93%9C-%EC%A7%80%EA%B0%91/MXAGATA02BK001.html
MXZGATA15CO001,Aren 비세토스 체인 스트랩이 더해진 에어팟 프로 케이스,650000,Cognac,ACTIVE,비세토스 모노그램 캔버스,나파 가죽,패브릭,로고 브라스 플레이트 잠금장치 | 24K 골드 도금 브라스 하드웨어,3 x 11 x 8,60cm,,대한민국,레더 스트랩과 체인 스트랩 | 에어팟 프로에 맞는 사이즈 | 뒷면의 레더 루프,MXZGATA084B001,https://images.mcmworldwide.com/i/mcmworldwide/MXZGATA15CO001_01 | https://images.mcmworldwide.com/i/mcmworldwide/MXZGATA15CO001_02 | https://images.mcmworldwide.com/i/mcmworldwide/MXZGATA15CO001_03 | https://images.mcmworldwide.com/i/mcmworldwide/MXZGATA15CO001_04,,https://kr.mcmworldwide.com/ko_KR/%EB%82%A8%EC%84%B1/%EC%A7%80%EA%B0%91-%EB%A0%88%EB%8D%94%EC%86%8C%ED%92%88/%EB%AA%A8%EB%91%90%EB%B3%B4%EA%B8%B0/aren-%EB%B9%84%EC%84%B8%ED%86%A0%EC%8A%A4-%EC%B2%B4%EC%9D%B8-%EC%8A%A4%ED%8A%B8%EB%9E%A9%EC%9D%B4-%EB%8D%94%ED%95%B4%EC%A7%84-%EC%97%90%EC%96%B4%ED%8C%9F-%ED%94%84%EB%A1%9C-%EC%BC%80%EC%9D%B4%EC%8A%A4/MXZGATA15CO001.html
MXZGATA084B001,Aren 비세토스 체인 스트랩이 더해진 에어팟 프로 케이스,650000,Brown,ACTIVE,비세토스 모노그램 캔버스,,패브릭,로고 브라스 플레이트 잠금장치 | 24K 골드 도금 브라스 하드웨어,3 x 11 x 8,,60 cm,대한민국,레더 스트랩과 체인 스트랩 | 에어팟 프로에 맞는 사이즈 | 뒷면의 레더 루프 | 레더 트림,MXZGATA15CO001,https://images.mcmworldwide.com/i/mcmworldwide/MXZGATA084B001_01 | https://images.mcmworldwide.com/i/mcmworldwide/MXZGATA084B001_02 | https://images.mcmworldwide.com/i/mcmworldwide/MXZGATA084B001_03 | https://images.mcmworldwide.com/i/mcmworldwide/MXZGATA084B001_04,,https://kr.mcmworldwide.com/ko_KR/aren-%EB%B9%84%EC%84%B8%ED%86%A0%EC%8A%A4-%EC%B2%B4%EC%9D%B8-%EC%8A%A4%ED%8A%B8%EB%9E%A9%EC%9D%B4-%EB%8D%94%ED%95%B4%EC%A7%84-%EC%97%90%EC%96%B4%ED%8C%9F-%ED%94%84%EB%A1%9C-%EC%BC%80%EC%9D%B4%EC%8A%A4/MXZGATA084B001.html
MXAGATA01CO001,Aren 비세토스 카드 지갑,430000,Cognac,ACTIVE,비세토스 모노그램 캔버스,나파 가죽,패브릭,24K 골드 도금 브라스 하드웨어,2 x 13 x 8,46 cm,,대한민국,탈부착이 가능한 가죽 핸들 스트랩 | 키링 | 뒷면 외부 카드 슬롯 | 지퍼 클로저,,https://images.mcmworldwide.com/i/mcmworldwide/MXAGATA01CO001_01 | https://images.mcmworldwide.com/i/mcmworldwide/MXAGATA01CO001_03 | https://images.mcmworldwide.com/i/mcmworldwide/MXAGATA01CO001_04,,https://kr.mcmworldwide.com/ko_KR/%EB%82%A8%EC%84%B1/%EC%A7%80%EA%B0%91-%EB%A0%88%EB%8D%94%EC%86%8C%ED%92%88/%EB%AA%A8%EB%91%90%EB%B3%B4%EA%B8%B0/aren-%EB%B9%84%EC%84%B8%ED%86%A0%EC%8A%A4-%EC%B9%B4%EB%93%9C-%EC%A7%80%EA%B0%91/MXAGATA01CO001.html
MMVEATT06BK001,MCM X HARPER COLLECTIVE 라지 체크인,1790000,Black,ACTIVE,지속 가능한 해양 플라스틱 폴리머,비세토스 모노그램 캔버스,,알루미늄 메탈 금속 장식,28 x 52 x 79,,,이탈리아,알루미늄 사이드 핸들 및 텔레스코픽 상단 핸들 | 강화된 모서리 | 360 스피너 휠 | TSA 잠금장치 | 신분증 슬롯 | 탈부착 가능한 비세토스 수하물 택 | 투웨이 지퍼 어라운드 클로저. | 내부 행잉 지퍼 수납공간 | 업사이클된 내부 로고 우븐 스트랩 잠금 | 모노그램 프린트 재생 나일론 안감은 탈부착 및 드라이클리닝 가능합니다. | 탑 핸들 드롭(최대): 100cm.,,https://images.mcmworldwide.com/i/mcmworldwide/MMVEATT06BK001_01 | https://images.mcmworldwide.com/i/mcmworldwide/MMVEATT06BK001_09 | https://images.mcmworldwide.com/i/mcmworldwide/MMVEATT06BK001_02 | https://images.mcmworldwide.com/i/mcmworldwide/MMVEATT06BK001_03 | https://images.mcmworldwide.com/i/mcmworldwide/MMVEATT06BK001_04 | https://images.mcmworldwide.com/i/mcmworldwide/MMVEATT06BK001_10 | https://images.mcmworldwide.com/i/mcmworldwide/MMVEATT06BK001_11,,https://kr.mcmworldwide.com/ko_KR/%ED%8A%B8%EB%9E%98%EB%B8%94/%EB%AA%A8%EB%91%90%EB%B3%B4%EA%B8%B0/mcm-x-harper-collective-%EB%9D%BC%EC%A7%80-%EC%B2%B4%ED%81%AC%EC%9D%B8/MMVEATT06BK001.html
MMVEATT07BK001,MCM X HARPER COLLECTIVE 캐빈 익스펜더블,1590000,Black,ACTIVE,지속 가능한 해양 플라스틱 폴리머,비세토스 모노그램 캔버스,,알루미늄 메탈 금속 장식,27 x 36 x 57,,,이탈리아,알루미늄 사이드 핸들 및 텔레스코픽 상단 핸들 | 확장형 디자인과 강화된 모서리 | 360 스피너 휠 | TSA 잠금장치 | 신분증 슬롯 | 탈부착 가능한 비세토스 수하물 택 | 투웨이 지퍼 어라운드 클로저. | 내부 행잉 지퍼 수납공간 | 업사이클된 내부 로고 우븐 스트랩 잠금 | 모노그램 프린트 재생 나일론 안감은 탈부착 및 드라이클리닝 가능합니다. | 탑 핸들 드롭(최대): 100cm.,,https://images.mcmworldwide.com/i/mcmworldwide/MMVEATT07BK001_01 | https://images.mcmworldwide.com/i/mcmworldwide/MMVEATT07BK001_09 | https://images.mcmworldwide.com/i/mcmworldwide/MMVEATT07BK001_02 | https://images.mcmworldwide.com/i/mcmworldwide/MMVEATT07BK001_03 | https://images.mcmworldwide.com/i/mcmworldwide/MMVEATT07BK001_04 | https://images.mcmworldwide.com/i/mcmworldwide/MMVEATT07BK001_10 | https://images.mcmworldwide.com/i/mcmworldwide/MMVEATT07BK001_11,,https://kr.mcmworldwide.com/ko_KR/%ED%8A%B8%EB%9E%98%EB%B8%94/%EB%AA%A8%EB%91%90%EB%B3%B4%EA%B8%B0/mcm-x-harper-collective-%EC%BA%90%EB%B9%88-%EC%9D%B5%EC%8A%A4%ED%8E%9C%EB%8D%94%EB%B8%94/MMVEATT07BK001.html
MMVEATT08BK001,MCM X HARPER COLLECTIVE 캐빈,1450000,Black,ACTIVE,지속 가능한 해양 플라스틱 폴리머,비세토스 모노그램 캔버스,,알루미늄 메탈 금속 장식,24 x 36 x 57,,,이탈리아,알루미늄 사이드 핸들 및 텔레스코픽 상단 핸들 | 강화된 모서리 | 360 스피너 휠 | TSA 잠금장치 | 신분증 슬롯 | 탈부착 가능한 비세토스 수하물 택 | 투웨이 지퍼 어라운드 클로저. | 내부 행잉 지퍼 수납공간 | 업사이클된 내부 로고 우븐 스트랩 잠금 | 모노그램 프린트 재생 나일론 안감은 탈부착 및 드라이클리닝 가능합니다. | 탑 핸들 드롭(최대): 100cm.,,https://images.mcmworldwide.com/i/mcmworldwide/MMVEATT08BK001_01 | https://images.mcmworldwide.com/i/mcmworldwide/MMVEATT08BK001_09 | https://images.mcmworldwide.com/i/mcmworldwide/MMVEATT08BK001_02 | https://images.mcmworldwide.com/i/mcmworldwide/MMVEATT08BK001_03 | https://images.mcmworldwide.com/i/mcmworldwide/MMVEATT08BK001_04 | https://images.mcmworldwide.com/i/mcmworldwide/MMVEATT08BK001_10 | https://images.mcmworldwide.com/i/mcmworldwide/MMVEATT08BK001_11,,https://kr.mcmworldwide.com/ko_KR/%ED%8A%B8%EB%9E%98%EB%B8%94/%EB%AA%A8%EB%91%90%EB%B3%B4%EA%B8%B0/mcm-x-harper-collective-%EC%BA%90%EB%B9%88/MMVEATT08BK001.html
MMVDSTT02BK001,Ottomar 비세토스 트롤리,2750000,Black,ACTIVE,가죽으로 감싼 모서리,,옥스포드 나일론,매트 블랙 메탈 하드웨어.,23 x 38 x 55,,45cm,대한민국,집어넣을 수 있는 트롤리 핸들 | 옆면 가죽 손잡이 | MCM 로고 플레이트 | 전면 지퍼 수납공간 | 양방향 지퍼 클로저 | 내부 지퍼 수납공간 | 다방향 멀티 휠 4개 | 탈부착 가능한 가죽 러기지 행택 및 금속 자물쇠와 열쇠 | 비세토스 모노그램 캔버스 | 블랙 나파 가죽 트림,MMVDSTT02CO001,https://images.mcmworldwide.com/i/mcmworldwide/MMVDSTT02BK001_01 | https://images.mcmworldwide.com/i/mcmworldwide/MMVDSTT02BK001_09 | https://images.mcmworldwide.com/i/mcmworldwide/MMVDSTT02BK001_02 | https://images.mcmworldwide.com/i/mcmworldwide/MMVDSTT02BK001_03 | https://images.mcmworldwide.com/i/mcmworldwide/MMVDSTT02BK001_04 | https://images.mcmworldwide.com/i/mcmworldwide/MMVDSTT02BK001_10 | https://images.mcmworldwide.com/i/mcmworldwide/MMVDSTT02BK001_11,https://images.mcmworldwide.com/v/mcmworldwide/MMVDSTT02BK001_VID/webm_720p,https://kr.mcmworldwide.com/ko_KR/%ED%8A%B8%EB%9E%98%EB%B8%94/%EB%AA%A8%EB%91%90%EB%B3%B4%EA%B8%B0/ottomar-%EB%B9%84%EC%84%B8%ED%86%A0%EC%8A%A4-%ED%8A%B8%EB%A1%A4%EB%A6%AC/MMVDSTT02BK001.html
MEZFAMM03BK001,모노그램 나일론 레더 펫 케리어,1490000,Black,ACTIVE,100% 나일론,천연 가죽,패딩처리된 나일론,무광 블랙 메탈 하드웨어,23 x 40 x 30,52cm - 97cm,,대한민국,길이 조절 가능한 패브릭 웨빙 숄더 스트랩 | 탑핸들 | 비세토스 모노그램 전면 프린트 | 외부 지퍼 수납공간 | 통기성이 우수한 매쉬 지퍼 패널,,https://images.mcmworldwide.com/i/mcmworldwide/MEZFAMM03BK001_01 | https://images.mcmworldwide.com/i/mcmworldwide/MEZFAMM03BK001_09 | https://images.mcmworldwide.com/i/mcmworldwide/MEZFAMM03BK001_02 | https://images.mcmworldwide.com/i/mcmworldwide/MEZFAMM03BK001_03 | https://images.mcmworldwide.com/i/mcmworldwide/MEZFAMM03BK001_04 | https://images.mcmworldwide.com/i/mcmworldwide/MEZFAMM03BK001_10 | https://images.mcmworldwide.com/i/mcmworldwide/MEZFAMM03BK001_11 | https://images.mcmworldwide.com/i/mcmworldwide/MEZFAMM03BK001_12,,https://kr.mcmworldwide.com/ko_KR/%ED%8A%B8%EB%9E%98%EB%B8%94/%EB%AA%A8%EB%91%90%EB%B3%B4%EA%B8%B0/%EB%AA%A8%EB%85%B8%EA%B7%B8%EB%9E%A8-%EB%82%98%EC%9D%BC%EB%A1%A0-%EB%A0%88%EB%8D%94-%ED%8E%AB-%EC%BC%80%EB%A6%AC%EC%96%B4/MEZFAMM03BK001.html
MXZESTT03BK001,Ottomar 비세토스 트래블 케이스,590000,Black,ACTIVE,비세토스 모노그램 캔버스,천연 나파 가죽,스웨이드 마감 마이크로파이버,앤틱 실버톤 금속 장식,20 x 30 x 10,,,대한민국,양방향 지퍼 클로저,MXZESTT03CO001,https://images.mcmworldwide.com/i/mcmworldwide/MXZESTT03BK001_01 | https://images.mcmworldwide.com/i/mcmworldwide/MXZESTT03BK001_02 | https://images.mcmworldwide.com/i/mcmworldwide/MXZESTT03BK001_03 | https://images.mcmworldwide.com/i/mcmworldwide/MXZESTT03BK001_04,,https://kr.mcmworldwide.com/ko_KR/%ED%8A%B8%EB%9E%98%EB%B8%94/%EB%AA%A8%EB%91%90%EB%B3%B4%EA%B8%B0/ottomar-%EB%B9%84%EC%84%B8%ED%86%A0%EC%8A%A4-%ED%8A%B8%EB%9E%98%EB%B8%94-%EC%BC%80%EC%9D%B4%EC%8A%A4/MXZESTT03BK001.html
MXZESTT03CO001,Ottomar 비세토스 트래블 케이스,590000,Cognac,ACTIVE,비세토스 모노그램 캔버스,나파 가죽,스웨이드 마감 마이크로파이버,24K 도금 브라스 금속 장식,20 x 30 x 10,,,대한민국,양방향 지퍼 클로저,MXZESTT03BK001,https://images.mcmworldwide.com/i/mcmworldwide/MXZESTT03CO001_01 | https://images.mcmworldwide.com/i/mcmworldwide/MXZESTT03CO001_02 | https://images.mcmworldwide.com/i/mcmworldwide/MXZESTT03CO001_03 | https://images.mcmworldwide.com/i/mcmworldwide/MXZESTT03CO001_04,,https://kr.mcmworldwide.com/ko_KR/%ED%8A%B8%EB%9E%98%EB%B8%94/%ED%8A%B8%EB%9E%98%EB%B8%94-%EC%95%A1%EC%84%B8%EC%84%9C%EB%A6%AC/ottomar-%EB%B9%84%EC%84%B8%ED%86%A0%EC%8A%A4-%ED%8A%B8%EB%9E%98%EB%B8%94-%EC%BC%80%EC%9D%B4%EC%8A%A4/MXZESTT03CO001.html
MXZESTT02BK001,Ottomar 비세토스 트래블 케이스,510000,Black,ACTIVE,비세토스 모노그램 캔버스,천연 나파 가죽,스웨이드 마감 마이크로파이버,앤틱 실버톤 금속 장식,15 x 20 x 10,,,대한민국,양방향 지퍼 클로저,MXZESTT02CO001,https://images.mcmworldwide.com/i/mcmworldwide/MXZESTT02BK001_01 | https://images.mcmworldwide.com/i/mcmworldwide/MXZESTT02BK001_02 | https://images.mcmworldwide.com/i/mcmworldwide/MXZESTT02BK001_03 | https://images.mcmworldwide.com/i/mcmworldwide/MXZESTT02BK001_04,,https://kr.mcmworldwide.com/ko_KR/%ED%8A%B8%EB%9E%98%EB%B8%94/%EB%AA%A8%EB%91%90%EB%B3%B4%EA%B8%B0/ottomar-%EB%B9%84%EC%84%B8%ED%86%A0%EC%8A%A4-%ED%8A%B8%EB%9E%98%EB%B8%94-%EC%BC%80%EC%9D%B4%EC%8A%A4/MXZESTT02BK001.html
MXZESTT02CO001,Ottomar 비세토스 트래블 케이스,510000,Cognac,ACTIVE,비세토스 모노그램 캔버스,나파 가죽,스웨이드 마감 마이크로파이버,24K 도금 브라스 금속 장식,15 x 20 x 10,,,대한민국,양방향 지퍼 클로저,MXZESTT02BK001,https://images.mcmworldwide.com/i/mcmworldwide/MXZESTT02CO001_01 | https://images.mcmworldwide.com/i/mcmworldwide/MXZESTT02CO001_02 | https://images.mcmworldwide.com/i/mcmworldwide/MXZESTT02CO001_03 | https://images.mcmworldwide.com/i/mcmworldwide/MXZESTT02CO001_04,,https://kr.mcmworldwide.com/ko_KR/%ED%8A%B8%EB%9E%98%EB%B8%94/%EB%AA%A8%EB%91%90%EB%B3%B4%EA%B8%B0/ottomar-%EB%B9%84%EC%84%B8%ED%86%A0%EC%8A%A4-%ED%8A%B8%EB%9E%98%EB%B8%94-%EC%BC%80%EC%9D%B4%EC%8A%A4/MXZESTT02CO001.html
MXVFATT01BK001,Ottomar 비세토스 여권 지갑,430000,Black,ACTIVE,비세토스 모노그램 캔버스,천연 가죽,,실버톤 코발트 브라스 하드웨어,2 x 10 x 15,,,대한민국,패스포트 슬리브 | 카드 슬롯 | 지퍼 수납 공간 | 지폐 수납 공간 | 내부 포켓 | 패브릭 안감(카드 슬롯),,https://images.mcmworldwide.com/i/mcmworldwide/MXVFATT01BK001_01 | https://images.mcmworldwide.com/i/mcmworldwide/MXVFATT01BK001_03 | https://images.mcmworldwide.com/i/mcmworldwide/MXVFATT01BK001_04,,https://kr.mcmworldwide.com/ko_KR/%ED%8A%B8%EB%9E%98%EB%B8%94/%EB%AA%A8%EB%91%90%EB%B3%B4%EA%B8%B0/ottomar-%EB%B9%84%EC%84%B8%ED%86%A0%EC%8A%A4-%EC%97%AC%EA%B6%8C-%EC%A7%80%EA%B0%91/MXVFATT01BK001.html
MXVFATT02BK001,Ottomar 맥시 모노그램 레더 여권 케이스,490000,black,ACTIVE,풀 그레인 가죽,천연 나파 가죽,패브릭,다크 실버톤 코발트 메탈 하드웨어,2 x 11 x 15,,,대한민국,엠보싱된 맥시 모노그램 디테일 | 여권 수납공간 | 4개의 카드 슬롯 | 지퍼 수납공간 | 지폐 수납공간 | 내부 측면 포켓,,https://images.mcmworldwide.com/i/mcmworldwide/MXVFATT02BK001_01 | https://images.mcmworldwide.com/i/mcmworldwide/MXVFATT02BK001_03 | https://images.mcmworldwide.com/i/mcmworldwide/MXVFATT02BK001_04,,https://kr.mcmworldwide.com/ko_KR/%ED%8A%B8%EB%9E%98%EB%B8%94/%EB%AA%A8%EB%91%90%EB%B3%B4%EA%B8%B0/ottomar-%EB%A7%A5%EC%8B%9C-%EB%AA%A8%EB%85%B8%EA%B7%B8%EB%9E%A8-%EB%A0%88%EB%8D%94-%EC%97%AC%EA%B6%8C-%EC%BC%80%EC%9D%B4%EC%8A%A4/MXVFATT02BK001.html
MXZFSTT04CO001,Ottomar 비세토스 트래블 파우치,430000,Cognac,ACTIVE,비세토스 모노그램 캔버스,천연 나파 가죽,,24K 도금 브라스 금속 장식,2 x 18 x 12,22cm,,대한민국,탈부착 가능한 가죽 손목 손잡이 스트랩 | 지퍼 클로저 | 내부 카드 슬롯 | 패브릭 안감.,,https://images.mcmworldwide.com/i/mcmworldwide/MXZFSTT04CO001_01 | https://images.mcmworldwide.com/i/mcmworldwide/MXZFSTT04CO001_03 | https://images.mcmworldwide.com/i/mcmworldwide/MXZFSTT04CO001_04,,https://kr.mcmworldwide.com/ko_KR/%ED%8A%B8%EB%9E%98%EB%B8%94/%EB%AA%A8%EB%91%90%EB%B3%B4%EA%B8%B0/ottomar-%EB%B9%84%EC%84%B8%ED%86%A0%EC%8A%A4-%ED%8A%B8%EB%9E%98%EB%B8%94-%ED%8C%8C%EC%9A%B0%EC%B9%98/MXZFSTT04CO001.html
MXZFSTT03CO001,Ottomar 비세토스 트래블 파우치,630000,Cognac,ACTIVE,비세토스 모노그램 캔버스,천연 나파 가죽,,24K 도금 브라스 금속 장식,2 x 22 x 13,,55cm,대한민국,"탈부착 가능한 가죽 스트랩 | 지퍼 클로저 | 내부 포켓, 카드 슬롯 및 지퍼 수납공간 | 패브릭 안감.",,https://images.mcmworldwide.com/i/mcmworldwide/MXZFSTT03CO001_01 | https://images.mcmworldwide.com/i/mcmworldwide/MXZFSTT03CO001_09 | https://images.mcmworldwide.com/i/mcmworldwide/MXZFSTT03CO001_03 | https://images.mcmworldwide.com/i/mcmworldwide/MXZFSTT03CO001_04 | https://images.mcmworldwide.com/i/mcmworldwide/MXZFSTT03CO001_10 | https://images.mcmworldwide.com/i/mcmworldwide/MXZFSTT03CO001_11,,https://kr.mcmworldwide.com/ko_KR/%ED%8A%B8%EB%9E%98%EB%B8%94/%EB%AA%A8%EB%91%90%EB%B3%B4%EA%B8%B0/ottomar-%EB%B9%84%EC%84%B8%ED%86%A0%EC%8A%A4-%ED%8A%B8%EB%9E%98%EB%B8%94-%ED%8C%8C%EC%9A%B0%EC%B9%98/MXZFSTT03CO001.html
MEZGSMM03PZ001,비세토스 수트케이스,6750000,Pink,ACTIVE,비세토스 모노그램 캔버스,이탈리아 레더,패브릭,16K 골드 도금 메탈 하드웨어,75 x 25 x 47,,6 cm,이탈리아,가죽 핸들 | 탈부착 가능한 가죽 행 태그와 가죽 커버가 더해진 키 | 잠금장치 및 래치 클로저 | 가죽으로 마감한 코너 | 내부 포켓 | 내부 가죽 스트랩 잠금 장치 | 가방 바닥 보호에 도움을 주는 메탈 피트,MEZESMM05CO001,https://images.mcmworldwide.com/i/mcmworldwide/MEZGSMM03PZ001_01 | https://images.mcmworldwide.com/i/mcmworldwide/MEZGSMM03PZ001_02 | https://images.mcmworldwide.com/i/mcmworldwide/MEZGSMM03PZ001_03 | https://images.mcmworldwide.com/i/mcmworldwide/MEZGSMM03PZ001_04 | https://images.mcmworldwide.com/i/mcmworldwide/MEZGSMM03PZ001_05,,https://kr.mcmworldwide.com/ko_KR/%ED%8A%B8%EB%9E%98%EB%B8%94/%EB%AA%A8%EB%91%90%EB%B3%B4%EA%B8%B0/%EB%B9%84%EC%84%B8%ED%86%A0%EC%8A%A4-%EC%88%98%ED%8A%B8%EC%BC%80%EC%9D%B4%EC%8A%A4/MEZGSMM03PZ001.html
MEZESMM05CO001,비세토스 수트케이스,6750000,Cognac,ACTIVE,비세토스 모노그램 캔버스,소가죽,스웨이드 마감 마이크로파이버,24K 도금 브라스 금속 장식,25 x 75 x 47,,6cm,이탈리아,가죽 손잡이 부분 | 탈부착 가능한 가죽 행택 및 가죽 커버 열쇠 | 락 앤 래치 클로저 | 가죽으로 감싼 모서리 | 내부 포켓 | 내부의 가죽 여밈 스트랩 | 보호용 메탈 피트,MEZGSMM03PZ001,https://images.mcmworldwide.com/i/mcmworldwide/MEZESMM05CO001_01 | https://images.mcmworldwide.com/i/mcmworldwide/MEZESMM05CO001_02 | https://images.mcmworldwide.com/i/mcmworldwide/MEZESMM05CO001_03 | https://images.mcmworldwide.com/i/mcmworldwide/MEZESMM05CO001_04,https://images.mcmworldwide.com/v/mcmworldwide/MEZESMM05CO001_VID/webm_720p,https://kr.mcmworldwide.com/ko_KR/%ED%8A%B8%EB%9E%98%EB%B8%94/%ED%8A%B8%EB%A0%81%ED%81%AC/%EB%B9%84%EC%84%B8%ED%86%A0%EC%8A%A4-%EC%88%98%ED%8A%B8%EC%BC%80%EC%9D%B4%EC%8A%A4/MEZESMM05CO001.html
MEZGSMM04PZ001,비세토스 수트케이스,6150000,Pink,ACTIVE,비세토스 모노그램 캔버스,이탈리아 레더,패브릭,16K 골드 도금 메탈 하드웨어,65 x 22 x 45,,6 cm,이탈리아,가죽 핸들 | 탈부착 가능한 가죽 행 태그와 가죽 커버가 더해진 키 | 잠금장치 및 래치 클로저 | 가죽으로 마감한 코너 | 내부 포켓 | 내부 가죽 스트랩 잠금 장치 | 가방 바닥 보호에 도움을 주는 메탈 피트,MEZDSMM14CO001,https://images.mcmworldwide.com/i/mcmworldwide/MEZGSMM04PZ001_01 | https://images.mcmworldwide.com/i/mcmworldwide/MEZGSMM04PZ001_09 | https://images.mcmworldwide.com/i/mcmworldwide/MEZGSMM04PZ001_02 | https://images.mcmworldwide.com/i/mcmworldwide/MEZGSMM04PZ001_03 | https://images.mcmworldwide.com/i/mcmworldwide/MEZGSMM04PZ001_04 | https://images.mcmworldwide.com/i/mcmworldwide/MEZGSMM04PZ001_05,,https://kr.mcmworldwide.com/ko_KR/%ED%8A%B8%EB%9E%98%EB%B8%94/%EB%AA%A8%EB%91%90%EB%B3%B4%EA%B8%B0/%EB%B9%84%EC%84%B8%ED%86%A0%EC%8A%A4-%EC%88%98%ED%8A%B8%EC%BC%80%EC%9D%B4%EC%8A%A4/MEZGSMM04PZ001.html
MEZGSMM05PZ001,비세토스 수트케이스,5550000,Pink,ACTIVE,비세토스 모노그램 캔버스,이탈리아 레더,패브릭,16K 골드 도금 메탈 하드웨어,55 x 20 x 42,,6 cm,이탈리아,가죽 핸들 | 탈부착 가능한 가죽 행 태그와 가죽 커버가 더해진 키 | 잠금장치 및 래치 클로저 | 가죽으로 마감한 코너 | 내부 포켓 | 내부 가죽 스트랩 잠금 장치 | 가방 바닥 보호에 도움을 주는 메탈 피트,MEZDSMM15CO001,https://images.mcmworldwide.com/i/mcmworldwide/MEZGSMM05PZ001_01 | https://images.mcmworldwide.com/i/mcmworldwide/MEZGSMM05PZ001_02 | https://images.mcmworldwide.com/i/mcmworldwide/MEZGSMM05PZ001_03 | https://images.mcmworldwide.com/i/mcmworldwide/MEZGSMM05PZ001_04 | https://images.mcmworldwide.com/i/mcmworldwide/MEZGSMM05PZ001_05,,https://kr.mcmworldwide.com/ko_KR/%ED%8A%B8%EB%9E%98%EB%B8%94/%EB%AA%A8%EB%91%90%EB%B3%B4%EA%B8%B0/%EB%B9%84%EC%84%B8%ED%86%A0%EC%8A%A4-%EC%88%98%ED%8A%B8%EC%BC%80%EC%9D%B4%EC%8A%A4/MEZGSMM05PZ001.html
MEZDSMM15CO001,비세토스 수트케이스,5550000,Cognac,ACTIVE,비세토스 모노그램 캔버스,,스웨이드 마감 마이크로파이버,24K 도금 금속 장식,20 x 55 x 41,,6cm,이탈리아,락 앤 래치 클로저 | 가죽 커버 금속 자물쇠와 열쇠 및 행택 | 내부 신축성 포켓 | 내부의 가죽 스트랩 | 보호용 메탈 피트 | 가죽으로 장식한 모서리 | 바케타 레더 트림,MEZGSMM05PZ001,https://images.mcmworldwide.com/i/mcmworldwide/MEZDSMM15CO001_01 | https://images.mcmworldwide.com/i/mcmworldwide/MEZDSMM15CO001_09 | https://images.mcmworldwide.com/i/mcmworldwide/MEZDSMM15CO001_02 | https://images.mcmworldwide.com/i/mcmworldwide/MEZDSMM15CO001_03 | https://images.mcmworldwide.com/i/mcmworldwide/MEZDSMM15CO001_04 | https://images.mcmworldwide.com/i/mcmworldwide/MEZDSMM15CO001_10,https://images.mcmworldwide.com/v/mcmworldwide/MEZDSMM15CO001_VID/webm_720p,https://kr.mcmworldwide.com/ko_KR/%ED%8A%B8%EB%9E%98%EB%B8%94/%ED%8A%B8%EB%A0%81%ED%81%AC/%EB%B9%84%EC%84%B8%ED%86%A0%EC%8A%A4-%EC%88%98%ED%8A%B8%EC%BC%80%EC%9D%B4%EC%8A%A4/MEZDSMM15CO001.html
MEZGSMM06PZ001,비세토스 모자 박스,4750000,Pink,ACTIVE,비세토스 모노그램 캔버스,이탈리아 레더,패브릭,16K 골드 도금 메탈 하드웨어,35 x 20 x 32,,8 cm,이탈리아,가죽 핸들 | 잠금장치 및 래치 클로저 | 내부 포켓 | 가방 바닥 보호에 도움을 주는 메탈 피트,MEZDSMM05CO001,https://images.mcmworldwide.com/i/mcmworldwide/MEZGSMM06PZ001_01 | https://images.mcmworldwide.com/i/mcmworldwide/MEZGSMM06PZ001_09 | https://images.mcmworldwide.com/i/mcmworldwide/MEZGSMM06PZ001_02 | https://images.mcmworldwide.com/i/mcmworldwide/MEZGSMM06PZ001_03 | https://images.mcmworldwide.com/i/mcmworldwide/MEZGSMM06PZ001_04 | https://images.mcmworldwide.com/i/mcmworldwide/MEZGSMM06PZ001_05,,https://kr.mcmworldwide.com/ko_KR/%ED%8A%B8%EB%9E%98%EB%B8%94/%EB%AA%A8%EB%91%90%EB%B3%B4%EA%B8%B0/%EB%B9%84%EC%84%B8%ED%86%A0%EC%8A%A4-%EB%AA%A8%EC%9E%90-%EB%B0%95%EC%8A%A4/MEZGSMM06PZ001.html
MEZDSMM04CO001,비세토스 모자 박스,3790000,Cognac,ACTIVE,비세토스 모노그램 캔버스,소가죽,스웨이드 마감 마이크로파이버,24K 도금 메탈 잠금 장치와 금속 장식,9 x 22 x 23,124.5cm,3.5cm,이탈리아,탈부착 가능 스트랩 | 가죽 손잡이 부분 | 내부 신축성 포켓 | 보호용 메탈 피트,,https://images.mcmworldwide.com/i/mcmworldwide/MEZDSMM04CO001_01 | https://images.mcmworldwide.com/i/mcmworldwide/MEZDSMM04CO001_09 | https://images.mcmworldwide.com/i/mcmworldwide/MEZDSMM04CO001_02 | https://images.mcmworldwide.com/i/mcmworldwide/MEZDSMM04CO001_03 | https://images.mcmworldwide.com/i/mcmworldwide/MEZDSMM04CO001_04 | https://images.mcmworldwide.com/i/mcmworldwide/MEZDSMM04CO001_10,https://images.mcmworldwide.com/v/mcmworldwide/MEZDSMM04CO001_VID/webm_720p,https://kr.mcmworldwide.com/ko_KR/%ED%8A%B8%EB%9E%98%EB%B8%94/%EB%AA%A8%EB%91%90%EB%B3%B4%EA%B8%B0/%EB%B9%84%EC%84%B8%ED%86%A0%EC%8A%A4-%EB%AA%A8%EC%9E%90-%EB%B0%95%EC%8A%A4/MEZDSMM04CO001.html
MEZESMM06CO001,비세토스 수트케이스,4750000,Cognac,ACTIVE,비세토스 모노그램 캔버스,소가죽,스웨이드 마감 마이크로파이버,24K 도금 브라스 금속 장식,13 x 44 x 34,,6cm,이탈리아,가죽 손잡이 부분 | 탈부착 가능한 가죽 행택 및 가죽 커버 열쇠 | 락 앤 래치 클로저 | 가죽으로 감싼 모서리 | 내부 포켓 | 내부의 가죽 여밈 스트랩 | 보호용 메탈 피트,,https://images.mcmworldwide.com/i/mcmworldwide/MEZESMM06CO001_01 | https://images.mcmworldwide.com/i/mcmworldwide/MEZESMM06CO001_02 | https://images.mcmworldwide.com/i/mcmworldwide/MEZESMM06CO001_03 | https://images.mcmworldwide.com/i/mcmworldwide/MEZESMM06CO001_04,https://images.mcmworldwide.com/v/mcmworldwide/MEZESMM06CO001_VID/webm_720p,https://kr.mcmworldwide.com/ko_KR/%ED%8A%B8%EB%9E%98%EB%B8%94/%EB%AA%A8%EB%91%90%EB%B3%B4%EA%B8%B0/%EB%B9%84%EC%84%B8%ED%86%A0%EC%8A%A4-%EC%88%98%ED%8A%B8%EC%BC%80%EC%9D%B4%EC%8A%A4/MEZESMM06CO001.html
MEZDSMM14CO001,비세토스 수트케이스,6150000,Cognac,ACTIVE,비세토스 모노그램 캔버스,,스웨이드 마감 마이크로파이버,24K 도금 금속 장식,23 x 65 x 46,,6cm,이탈리아,락 앤 래치 클로저 | 가죽 커버 금속 자물쇠와 열쇠 및 행택 | 내부 신축성 포켓 | 내부의 가죽 스트랩 | 보호용 메탈 피트 | 가죽으로 장식한 모서리 | 바케타 레더 트림,MEZGSMM04PZ001,https://images.mcmworldwide.com/i/mcmworldwide/MEZDSMM14CO001_01 | https://images.mcmworldwide.com/i/mcmworldwide/MEZDSMM14CO001_09 | https://images.mcmworldwide.com/i/mcmworldwide/MEZDSMM14CO001_02 | https://images.mcmworldwide.com/i/mcmworldwide/MEZDSMM14CO001_03 | https://images.mcmworldwide.com/i/mcmworldwide/MEZDSMM14CO001_04 | https://images.mcmworldwide.com/i/mcmworldwide/MEZDSMM14CO001_10 | https://images.mcmworldwide.com/i/mcmworldwide/MEZDSMM14CO001_11 | https://images.mcmworldwide.com/i/mcmworldwide/MEZDSMM14CO001_12,https://images.mcmworldwide.com/v/mcmworldwide/MEZDSMM14CO001_VID/webm_720p,https://kr.mcmworldwide.com/ko_KR/%ED%8A%B8%EB%9E%98%EB%B8%94/%EB%AA%A8%EB%91%90%EB%B3%B4%EA%B8%B0/%EB%B9%84%EC%84%B8%ED%86%A0%EC%8A%A4-%EC%88%98%ED%8A%B8%EC%BC%80%EC%9D%B4%EC%8A%A4/MEZDSMM14CO001.html
MMVDSTT02CO001,Ottomar 비세토스 트롤리,2750000,Cognac,ACTIVE,가죽으로 감싼 모서리,,옥스포드 나일론,매트 블랙 메탈 하드웨어.,23 x 38 x 55,,45cm,대한민국,집어넣을 수 있는 트롤리 핸들 | 옆면 가죽 손잡이 | MCM 로고 플레이트 | 전면 지퍼 수납공간 | 양방향 지퍼 클로저 | 내부 지퍼 수납공간 | 다방향 멀티 휠 4개 | 탈부착 가능한 가죽 러기지 행택 및 금속 자물쇠와 열쇠 | 비세토스 모노그램 캔버스 | 블랙 나파 가죽 트림,MMVDSTT02BK001,https://images.mcmworldwide.com/i/mcmworldwide/MMVDSTT02CO001_01 | https://images.mcmworldwide.com/i/mcmworldwide/MMVDSTT02CO001_09 | https://images.mcmworldwide.com/i/mcmworldwide/MMVDSTT02CO001_02 | https://images.mcmworldwide.com/i/mcmworldwide/MMVDSTT02CO001_03 | https://images.mcmworldwide.com/i/mcmworldwide/MMVDSTT02CO001_04 | https://images.mcmworldwide.com/i/mcmworldwide/MMVDSTT02CO001_10 | https://images.mcmworldwide.com/i/mcmworldwide/MMVDSTT02CO001_11,https://images.mcmworldwide.com/v/mcmworldwide/MMVDSTT02CO001_VID/webm_720p,https://kr.mcmworldwide.com/ko_KR/%ED%8A%B8%EB%9E%98%EB%B8%94/%EB%AA%A8%EB%91%90%EB%B3%B4%EA%B8%B0/ottomar-%EB%B9%84%EC%84%B8%ED%86%A0%EC%8A%A4-%ED%8A%B8%EB%A1%A4%EB%A6%AC/MMVDSTT02CO001.html
MEZDSMM05CO001,비세토스 모자 박스,4750000,Cognac,ACTIVE,비세토스 모노그램 캔버스,소가죽,스웨이드 마감 마이크로파이버,24K 도금 메탈 잠금 장치와 금속 장식,21 x 36 x 32,,8cm,이탈리아,가죽 손잡이 부분 | 내부 신축성 포켓 | 보호용 메탈 피트,MEZGSMM06PZ001,https://images.mcmworldwide.com/i/mcmworldwide/MEZDSMM05CO001_01 | https://images.mcmworldwide.com/i/mcmworldwide/MEZDSMM05CO001_09 | https://images.mcmworldwide.com/i/mcmworldwide/MEZDSMM05CO001_02 | https://images.mcmworldwide.com/i/mcmworldwide/MEZDSMM05CO001_03 | https://images.mcmworldwide.com/i/mcmworldwide/MEZDSMM05CO001_04 | https://images.mcmworldwide.com/i/mcmworldwide/MEZDSMM05CO001_10,https://images.mcmworldwide.com/v/mcmworldwide/MEZDSMM05CO001_VID/webm_720p,https://kr.mcmworldwide.com/ko_KR/%ED%8A%B8%EB%9E%98%EB%B8%94/%EB%AA%A8%EB%91%90%EB%B3%B4%EA%B8%B0/%EB%B9%84%EC%84%B8%ED%86%A0%EC%8A%A4-%EB%AA%A8%EC%9E%90-%EB%B0%95%EC%8A%A4/MEZDSMM05CO001.html
MXZGATT03CO001,Ottomar 인조 퍼와 비세토스 Mars Dog 보틀 홀더,870000,Cognac,ACTIVE,비세토스 모노그램 캔버스,나파 가죽,100% 나일론,24K 골드 도금 브라스 하드웨어,10 x 10 x 17,,60 cm,대한민국,탈부착 가능한 레더 스트랩 | 인조 퍼 Mars dog 인형 포함 | 드로우 스트링 클로저 | 메탈 스터드 장식,,https://images.mcmworldwide.com/i/mcmworldwide/MXZGATT03CO001_01 | https://images.mcmworldwide.com/i/mcmworldwide/MXZGATT03CO001_09 | https://images.mcmworldwide.com/i/mcmworldwide/MXZGATT03CO001_02 | https://images.mcmworldwide.com/i/mcmworldwide/MXZGATT03CO001_03 | https://images.mcmworldwide.com/i/mcmworldwide/MXZGATT03CO001_04 | https://images.mcmworldwide.com/i/mcmworldwide/MXZGATT03CO001_05 | https://images.mcmworldwide.com/i/mcmworldwide/MXZGATT03CO001_10,,https://kr.mcmworldwide.com/ko_KR/%ED%8A%B8%EB%9E%98%EB%B8%94/%EB%AA%A8%EB%91%90%EB%B3%B4%EA%B8%B0/ottomar-%EC%9D%B8%EC%A1%B0-%ED%8D%BC%EC%99%80-%EB%B9%84%EC%84%B8%ED%86%A0%EC%8A%A4-mars-dog-%EB%B3%B4%ED%8B%80-%ED%99%80%EB%8D%94/MXZGATT03CO001.html
MEFGAMM03Q7001,Disco 모노그램 스카프,330000,Pink,ACTIVE,"면 80% , 실크 20%",,,,65 x 65 x 0,,,이탈리아,정교한 핸드 스티치로 완성 | “MCM Disco” 아트워크 | 다이아몬드 모노그램 모티브,,https://images.mcmworldwide.com/i/mcmworldwide/MEFGAMM03Q7001_01 | https://images.mcmworldwide.com/i/mcmworldwide/MEFGAMM03Q7001_09 | https://images.mcmworldwide.com/i/mcmworldwide/MEFGAMM03Q7001_02 | https://images.mcmworldwide.com/i/mcmworldwide/MEFGAMM03Q7001_03 | https://images.mcmworldwide.com/i/mcmworldwide/MEFGAMM03Q7001_10,,https://kr.mcmworldwide.com/ko_KR/%EC%97%AC%EC%84%B1/%ED%8C%A8%EC%85%98%EC%86%8C%ED%92%88/%EB%AA%A8%EB%91%90%EB%B3%B4%EA%B8%B0/disco-%EB%AA%A8%EB%85%B8%EA%B7%B8%EB%9E%A8-%EC%8A%A4%EC%B9%B4%ED%94%84/MEFGAMM03Q7001.html
MXZGATA111I001,Aren 페이크 퍼 비세토스 Mars Dog 참,410000,Blue,ACTIVE,비세토스 모노그램 캔버스,페이크 퍼,,24K 골드 도금 브라스 하드웨어,9 x 17 x 13,,19cm,대한민국,가죽 스트랩 | 로고 각인 키링 잠금 장치,,https://images.mcmworldwide.com/i/mcmworldwide/MXZGATA111I001_01 | https://images.mcmworldwide.com/i/mcmworldwide/MXZGATA111I001_04,,https://kr.mcmworldwide.com/ko_KR/%EC%97%AC%EC%84%B1/%ED%8C%A8%EC%85%98%EC%86%8C%ED%92%88/%EB%AA%A8%EB%91%90%EB%B3%B4%EA%B8%B0/aren-%ED%8E%98%EC%9D%B4%ED%81%AC-%ED%8D%BC-%EB%B9%84%EC%84%B8%ED%86%A0%EC%8A%A4-mars-dog-%EC%B0%B8/MXZGATA111I001.html
MXZGATA161I001,비세토스 레더 믹스 M50 로고 참,230000,Blue,ACTIVE,로고가 각인된 다이아몬드 패턴 가죽,,,실버톤 코발트 메탈 하드웨어,0 x 7 x 7,,19 cm,대한민국,가죽 스트랩 | 50 주년 MCM 로고 모티프 | 키 링 클라스프 | 앞면: 나파 가죽 | 뒷면: 비세토스 모노그램 캔버스,MXZGATA16Q7001,https://images.mcmworldwide.com/i/mcmworldwide/MXZGATA161I001_01 | https://images.mcmworldwide.com/i/mcmworldwide/MXZGATA161I001_04,,https://kr.mcmworldwide.com/ko_KR/%EC%97%AC%EC%84%B1/%ED%8C%A8%EC%85%98%EC%86%8C%ED%92%88/%EB%AA%A8%EB%91%90%EB%B3%B4%EA%B8%B0/%EB%B9%84%EC%84%B8%ED%86%A0%EC%8A%A4-%EB%A0%88%EB%8D%94-%EB%AF%B9%EC%8A%A4-m50-%EB%A1%9C%EA%B3%A0-%EC%B0%B8/MXZGATA161I001.html
MXZGATA16Q7001,비세토스 레더 믹스 M50 로고 참,230000,Pink,ACTIVE,로고가 각인된 다이아몬드 패턴 가죽,,,24K 골드 도금 브라스 하드웨어,0 x 7 x 7,,19 cm,대한민국,가죽 스트랩 | 50 주년 MCM 로고 모티프 | 키 링 클라스프 | 앞면: 나파 가죽 | 뒷면: 비세토스 모노그램 캔버스,MXZGATA161I001,https://images.mcmworldwide.com/i/mcmworldwide/MXZGATA16Q7001_01 | https://images.mcmworldwide.com/i/mcmworldwide/MXZGATA16Q7001_04,,https://kr.mcmworldwide.com/ko_KR/%EB%82%A8%EC%84%B1/%ED%8C%A8%EC%85%98%EC%86%8C%ED%92%88/%EB%AA%A8%EB%91%90%EB%B3%B4%EA%B8%B0/%EB%B9%84%EC%84%B8%ED%86%A0%EC%8A%A4-%EB%A0%88%EB%8D%94-%EB%AF%B9%EC%8A%A4-m50-%EB%A1%9C%EA%B3%A0-%EC%B0%B8/MXZGATA16Q7001.html
MEFGAMM09BK001,M50 로고 실크 스카프,490000,Black,ACTIVE,실크 100%,,,,90 x 90 x 0,,,이탈리아,MCM 1976' 라우렐 로고 모티프,,https://images.mcmworldwide.com/i/mcmworldwide/MEFGAMM09BK001_01 | https://images.mcmworldwide.com/i/mcmworldwide/MEFGAMM09BK001_09 | https://images.mcmworldwide.com/i/mcmworldwide/MEFGAMM09BK001_02 | https://images.mcmworldwide.com/i/mcmworldwide/MEFGAMM09BK001_03 | https://images.mcmworldwide.com/i/mcmworldwide/MEFGAMM09BK001_10 | https://images.mcmworldwide.com/i/mcmworldwide/MEFGAMM09BK001_11 | https://images.mcmworldwide.com/i/mcmworldwide/MEFGAMM09BK001_12,,https://kr.mcmworldwide.com/ko_KR/%EC%97%AC%EC%84%B1/%ED%8C%A8%EC%85%98%EC%86%8C%ED%92%88/%EB%AA%A8%EB%91%90%EB%B3%B4%EA%B8%B0/m50-%EB%A1%9C%EA%B3%A0-%EC%8B%A4%ED%81%AC-%EC%8A%A4%EC%B9%B4%ED%94%84/MEFGAMM09BK001.html
MEFGAMM13BK001,M50 로고 쁘띠 실크 스카프,195000,Black,ACTIVE,실크 100%,,,,8 x 120 x 0,,,이탈리아,양면 디자인 | 앞면: 라우렐 로고 아트워크 | 뒷면:모티프,,https://images.mcmworldwide.com/i/mcmworldwide/MEFGAMM13BK001_01 | https://images.mcmworldwide.com/i/mcmworldwide/MEFGAMM13BK001_09 | https://images.mcmworldwide.com/i/mcmworldwide/MEFGAMM13BK001_02 | https://images.mcmworldwide.com/i/mcmworldwide/MEFGAMM13BK001_03 | https://images.mcmworldwide.com/i/mcmworldwide/MEFGAMM13BK001_10 | https://images.mcmworldwide.com/i/mcmworldwide/MEFGAMM13BK001_11,,https://kr.mcmworldwide.com/ko_KR/%EC%97%AC%EC%84%B1/%ED%8C%A8%EC%85%98%EC%86%8C%ED%92%88/%EB%AA%A8%EB%91%90%EB%B3%B4%EA%B8%B0/m50-%EB%A1%9C%EA%B3%A0-%EC%81%98%EB%9D%A0-%EC%8B%A4%ED%81%AC-%EC%8A%A4%EC%B9%B4%ED%94%84/MEFGAMM13BK001.html
MEFGAMM10CO001,애니멀 패턴 실크 스카프,490000,Cognac,ACTIVE,실크 100%,,,,90 x 90 x 0,,,이탈리아,애니멀 프린트 아트워크와 비세토스 모노그램 프린트 | MCM 로고 모티프,,https://images.mcmworldwide.com/i/mcmworldwide/MEFGAMM10CO001_01 | https://images.mcmworldwide.com/i/mcmworldwide/MEFGAMM10CO001_09 | https://images.mcmworldwide.com/i/mcmworldwide/MEFGAMM10CO001_02 | https://images.mcmworldwide.com/i/mcmworldwide/MEFGAMM10CO001_03 | https://images.mcmworldwide.com/i/mcmworldwide/MEFGAMM10CO001_10 | https://images.mcmworldwide.com/i/mcmworldwide/MEFGAMM10CO001_11,https://images.mcmworldwide.com/v/mcmworldwide/MEFGAMM10CO001_VID/webm_720p,https://kr.mcmworldwide.com/ko_KR/%EC%97%AC%EC%84%B1/%ED%8C%A8%EC%85%98%EC%86%8C%ED%92%88/%EB%AA%A8%EB%91%90%EB%B3%B4%EA%B8%B0/%EC%95%A0%EB%8B%88%EB%A9%80-%ED%8C%A8%ED%84%B4-%EC%8B%A4%ED%81%AC-%EC%8A%A4%EC%B9%B4%ED%94%84/MEFGAMM10CO001.html
MEFGAMM16CO001,애니멀 패턴 쁘띠 실크 스카프,195000,Cognac,ACTIVE,실크 100%,,,,8 x 120 x 0,,,이탈리아,양면 디자인 | 애니멀 프린트 아트워크와 비세토스 모노그램 프린트 | MCM 로고 모티프,,https://images.mcmworldwide.com/i/mcmworldwide/MEFGAMM16CO001_01 | https://images.mcmworldwide.com/i/mcmworldwide/MEFGAMM16CO001_09 | https://images.mcmworldwide.com/i/mcmworldwide/MEFGAMM16CO001_02 | https://images.mcmworldwide.com/i/mcmworldwide/MEFGAMM16CO001_03 | https://images.mcmworldwide.com/i/mcmworldwide/MEFGAMM16CO001_10 | https://images.mcmworldwide.com/i/mcmworldwide/MEFGAMM16CO001_11,https://images.mcmworldwide.com/v/mcmworldwide/MEFGAMM16CO001_VID/webm_720p,https://kr.mcmworldwide.com/ko_KR/%EC%97%AC%EC%84%B1/%ED%8C%A8%EC%85%98%EC%86%8C%ED%92%88/%EB%AA%A8%EB%91%90%EB%B3%B4%EA%B8%B0/%EC%95%A0%EB%8B%88%EB%A9%80-%ED%8C%A8%ED%84%B4-%EC%81%98%EB%9D%A0-%EC%8B%A4%ED%81%AC-%EC%8A%A4%EC%B9%B4%ED%94%84/MEFGAMM16CO001.html
MEFGAMM06OQ001,추상적인 모노그램 스카프,650000,Orange,ACTIVE,100% 오가닉 실크,,,,90 x 90 x 0,,,이탈리아,양면 디자인 | 비세토스 모노그램 프린트가 더해진 시즈널 아트워크 | 대조적인 양면 색상,,https://images.mcmworldwide.com/i/mcmworldwide/MEFGAMM06OQ001_01 | https://images.mcmworldwide.com/i/mcmworldwide/MEFGAMM06OQ001_09 | https://images.mcmworldwide.com/i/mcmworldwide/MEFGAMM06OQ001_02 | https://images.mcmworldwide.com/i/mcmworldwide/MEFGAMM06OQ001_03 | https://images.mcmworldwide.com/i/mcmworldwide/MEFGAMM06OQ001_04 | https://images.mcmworldwide.com/i/mcmworldwide/MEFGAMM06OQ001_10,,https://kr.mcmworldwide.com/ko_KR/%EC%97%AC%EC%84%B1/%ED%8C%A8%EC%85%98%EC%86%8C%ED%92%88/%EB%AA%A8%EB%91%90%EB%B3%B4%EA%B8%B0/%EC%B6%94%EC%83%81%EC%A0%81%EC%9D%B8-%EB%AA%A8%EB%85%B8%EA%B7%B8%EB%9E%A8-%EC%8A%A4%EC%B9%B4%ED%94%84/MEFGAMM06OQ001.html
MEFGAMM04OQ001,모노그램 프린트 쁘띠 스카프,175000,Orange,ACTIVE,100% 오가닉 실크,,,,5 x 120 x 0,,,이탈리아,정교한 핸드 스티치로 완성 | 양면 디자인 | 뒷면: 시즌 아트워크 | Front: Visetos monogram print,,https://images.mcmworldwide.com/i/mcmworldwide/MEFGAMM04OQ001_01 | https://images.mcmworldwide.com/i/mcmworldwide/MEFGAMM04OQ001_09 | https://images.mcmworldwide.com/i/mcmworldwide/MEFGAMM04OQ001_04 | https://images.mcmworldwide.com/i/mcmworldwide/MEFGAMM04OQ001_05 | https://images.mcmworldwide.com/i/mcmworldwide/MEFGAMM04OQ001_10,,https://kr.mcmworldwide.com/ko_KR/%EC%97%AC%EC%84%B1/%ED%8C%A8%EC%85%98%EC%86%8C%ED%92%88/%EB%AA%A8%EB%91%90%EB%B3%B4%EA%B8%B0/%EB%AA%A8%EB%85%B8%EA%B7%B8%EB%9E%A8-%ED%94%84%EB%A6%B0%ED%8A%B8-%EC%81%98%EB%9D%A0-%EC%8A%A4%EC%B9%B4%ED%94%84/MEFGAMM04OQ001.html
MXZGATA17BK001,가죽 테슬 참,270000,Black,ACTIVE,나파 레더,,,실버톤 코발트 메탈 하드웨어,2 x 7 x 14,,19cm,대한민국,가죽 스트랩 | 로고가 각인된 키링 스프링 클라스프와 메탈 참 | 가죽 태슬 장식 | 바이에른 다이아몬드 로고 참,MXZGATA17CO001,https://images.mcmworldwide.com/i/mcmworldwide/MXZGATA17BK001_01 | https://images.mcmworldwide.com/i/mcmworldwide/MXZGATA17BK001_04,,https://kr.mcmworldwide.com/ko_KR/%EC%97%AC%EC%84%B1/%ED%8C%A8%EC%85%98%EC%86%8C%ED%92%88/%EB%AA%A8%EB%91%90%EB%B3%B4%EA%B8%B0/%EA%B0%80%EC%A3%BD-%ED%85%8C%EC%8A%AC-%EC%B0%B8/MXZGATA17BK001.html
MXZGATA17CO001,가죽 테슬 참,270000,Cognac,ACTIVE,나파 레더,,,24K 골드 도금 브라스 하드웨어,2 x 7 x 14,,19cm,대한민국,가죽 스트랩 | 로고가 각인된 키링 스프링 클라스프와 메탈 참 | 가죽 태슬 장식 | 바이에른 다이아몬드 로고 참,MXZGATA17BK001,https://images.mcmworldwide.com/i/mcmworldwide/MXZGATA17CO001_01 | https://images.mcmworldwide.com/i/mcmworldwide/MXZGATA17CO001_04,,https://kr.mcmworldwide.com/ko_KR/%EB%82%A8%EC%84%B1/%ED%8C%A8%EC%85%98%EC%86%8C%ED%92%88/%EB%AA%A8%EB%91%90%EB%B3%B4%EA%B8%B0/%EA%B0%80%EC%A3%BD-%ED%85%8C%EC%8A%AC-%EC%B0%B8/MXZGATA17CO001.html
MEFGAMM08PZ001,캐릭터 디스코 스카프,430000,Pink,ACTIVE,100% 오가닉 실크,,,,90 x 90 x 0,,,이탈리아,정교한 핸드 스티치로 완성 | “MCM Disco” 로고 모티프 | 캐릭터 아트워크,,https://images.mcmworldwide.com/i/mcmworldwide/MEFGAMM08PZ001_01 | https://images.mcmworldwide.com/i/mcmworldwide/MEFGAMM08PZ001_09 | https://images.mcmworldwide.com/i/mcmworldwide/MEFGAMM08PZ001_02 | https://images.mcmworldwide.com/i/mcmworldwide/MEFGAMM08PZ001_03 | https://images.mcmworldwide.com/i/mcmworldwide/MEFGAMM08PZ001_10,,https://kr.mcmworldwide.com/ko_KR/%EC%97%AC%EC%84%B1/%ED%8C%A8%EC%85%98%EC%86%8C%ED%92%88/%EB%AA%A8%EB%91%90%EB%B3%B4%EA%B8%B0/%EC%BA%90%EB%A6%AD%ED%84%B0-%EB%94%94%EC%8A%A4%EC%BD%94-%EC%8A%A4%EC%B9%B4%ED%94%84/MEFGAMM08PZ001.html
MEGGSMM03IG001,지오메트릭 쉴드 선글라스,290000,Beige,ACTIVE,,,,골드톤 바이에른 다이아몬드 메탈 스터드 하드웨어,,,,중국,렌즈-브릿지-템플 사이즈: 54-17-145 mm | 로고 패턴이 더해진 템플 | 렌즈 컬러: 콜드 브라운 | 프레임 컬러: 투명한 샌드 베이지 | 로고가 새겨진 파우치 케이스 | 아세테이트 프레임,,https://images.mcmworldwide.com/i/mcmworldwide/MEGGSMM03IG001_01 | https://images.mcmworldwide.com/i/mcmworldwide/MEGGSMM03IG001_09 | https://images.mcmworldwide.com/i/mcmworldwide/MEGGSMM03IG001_02 | https://images.mcmworldwide.com/i/mcmworldwide/MEGGSMM03IG001_03 | https://images.mcmworldwide.com/i/mcmworldwide/MEGGSMM03IG001_10,,https://kr.mcmworldwide.com/ko_KR/%EC%97%AC%EC%84%B1/%ED%8C%A8%EC%85%98%EC%86%8C%ED%92%88/%EB%AA%A8%EB%91%90%EB%B3%B4%EA%B8%B0/%EC%A7%80%EC%98%A4%EB%A9%94%ED%8A%B8%EB%A6%AD-%EC%89%B4%EB%93%9C-%EC%84%A0%EA%B8%80%EB%9D%BC%EC%8A%A4/MEGGSMM03IG001.html
MXZGSTA16PZ001,비세토스 에어팟 프로 케이스,290000,Pink,ACTIVE,비세토스 모노그램 캔버스,천연 가죽,,18K 골드 도금 메탈 하드웨어,,,,대한민국,바이에른 다이아몬드에서 영감을 받은 스프링 클라스프 잠금장치 | 스냅 클로저 | 에어팟 프로 2 및 이전 모델에 호환,,https://images.mcmworldwide.com/i/mcmworldwide/MXZGSTA16PZ001_01 | https://images.mcmworldwide.com/i/mcmworldwide/MXZGSTA16PZ001_09 | https://images.mcmworldwide.com/i/mcmworldwide/MXZGSTA16PZ001_03 | https://images.mcmworldwide.com/i/mcmworldwide/MXZGSTA16PZ001_04 | https://images.mcmworldwide.com/i/mcmworldwide/MXZGSTA16PZ001_05 | https://images.mcmworldwide.com/i/mcmworldwide/MXZGSTA16PZ001_10,,https://kr.mcmworldwide.com/ko_KR/%EC%97%AC%EC%84%B1/%ED%8C%A8%EC%85%98%EC%86%8C%ED%92%88/%EB%AA%A8%EB%91%90%EB%B3%B4%EA%B8%B0/%EB%B9%84%EC%84%B8%ED%86%A0%EC%8A%A4-%EC%97%90%EC%96%B4%ED%8C%9F-%ED%94%84%EB%A1%9C-%EC%BC%80%EC%9D%B4%EC%8A%A4/MXZGSTA16PZ001.html
MXZGAAK02PZ001,Diamant 비세토스 3D 참,490000,Pink,ACTIVE,비세토스 모노그램 캔버스,,코튼 트윌,18K 골드 도금 메탈 하드웨어,5 x 12 x 8,,7 cm,대한민국,탈착 가능한 체인 핸들 | 양방향 지퍼 클로저 | 레더 트림,MXZGAAK024B001,https://images.mcmworldwide.com/i/mcmworldwide/MXZGAAK02PZ001_01 | https://images.mcmworldwide.com/i/mcmworldwide/MXZGAAK02PZ001_02 | https://images.mcmworldwide.com/i/mcmworldwide/MXZGAAK02PZ001_03 | https://images.mcmworldwide.com/i/mcmworldwide/MXZGAAK02PZ001_04,,https://kr.mcmworldwide.com/ko_KR/%EC%97%AC%EC%84%B1/%ED%8C%A8%EC%85%98%EC%86%8C%ED%92%88/%EB%AA%A8%EB%91%90%EB%B3%B4%EA%B8%B0/diamant-%EB%B9%84%EC%84%B8%ED%86%A0%EC%8A%A4-3d-%EC%B0%B8/MXZGAAK02PZ001.html
MXZGAAK024B001,Diamant 비세토스 3D 참,490000,Brown,ACTIVE,비세토스 모노그램 캔버스,,코튼 트윌,24K 골드 도금 브라스 하드웨어,5 x 12 x 8,,7 cm,대한민국,탈착 가능한 체인 핸들 | 양방향 지퍼 클로저 | 레더 트림,MXZGAAK02PZ001,https://images.mcmworldwide.com/i/mcmworldwide/MXZGAAK024B001_01 | https://images.mcmworldwide.com/i/mcmworldwide/MXZGAAK024B001_02 | https://images.mcmworldwide.com/i/mcmworldwide/MXZGAAK024B001_03 | https://images.mcmworldwide.com/i/mcmworldwide/MXZGAAK024B001_04,,https://kr.mcmworldwide.com/ko_KR/%EB%82%A8%EC%84%B1/%ED%8C%A8%EC%85%98%EC%86%8C%ED%92%88/%EB%AA%A8%EB%91%90%EB%B3%B4%EA%B8%B0/diamant-%EB%B9%84%EC%84%B8%ED%86%A0%EC%8A%A4-3d-%EC%B0%B8/MXZGAAK024B001.html
MEHGAMM04NG001,MCM X We The Best 울트라스웨이드 캡,450000,Grey,ACTIVE,폴리에스테르 100% (울트라스웨이드),코튼 100%,,,,,,대한민국,바바리안 다이아몬드 메탈 버클이 있는 길이 조절이 가능한 스트랩 | 앞면의 “We The Best” 로고 자수,,https://images.mcmworldwide.com/i/mcmworldwide/MEHGAMM04NG001_01 | https://images.mcmworldwide.com/i/mcmworldwide/MEHGAMM04NG001_09 | https://images.mcmworldwide.com/i/mcmworldwide/MEHGAMM04NG001_04 | https://images.mcmworldwide.com/i/mcmworldwide/MEHGAMM04NG001_05 | https://images.mcmworldwide.com/i/mcmworldwide/MEHGAMM04NG001_10 | https://images.mcmworldwide.com/i/mcmworldwide/MEHGAMM04NG001_11,,https://kr.mcmworldwide.com/ko_KR/%EC%97%AC%EC%84%B1/%ED%8C%A8%EC%85%98%EC%86%8C%ED%92%88/%EB%AA%A8%EB%91%90%EB%B3%B4%EA%B8%B0/mcm-x-we-the-best-%EC%9A%B8%ED%8A%B8%EB%9D%BC%EC%8A%A4%EC%9B%A8%EC%9D%B4%EB%93%9C-%EC%BA%A1/MEHGAMM04NG001.html
MEHGAMM031B001,MCM X We The Best 코튼 트윌 버킷 헷,490000,Blue,ACTIVE,코튼 100%,,,,,,,대한민국,조절가능한 드로우스트링 디자인 | MCM X We The Best logo 자수,,https://images.mcmworldwide.com/i/mcmworldwide/MEHGAMM031B001_01 | https://images.mcmworldwide.com/i/mcmworldwide/MEHGAMM031B001_09 | https://images.mcmworldwide.com/i/mcmworldwide/MEHGAMM031B001_04 | https://images.mcmworldwide.com/i/mcmworldwide/MEHGAMM031B001_05 | https://images.mcmworldwide.com/i/mcmworldwide/MEHGAMM031B001_10 | https://images.mcmworldwide.com/i/mcmworldwide/MEHGAMM031B001_11,,https://kr.mcmworldwide.com/ko_KR/%EC%97%AC%EC%84%B1/%ED%8C%A8%EC%85%98%EC%86%8C%ED%92%88/%EB%AA%A8%EB%91%90%EB%B3%B4%EA%B8%B0/mcm-x-we-the-best-%EC%BD%94%ED%8A%BC-%ED%8A%B8%EC%9C%8C-%EB%B2%84%ED%82%B7-%ED%97%B7/MEHGAMM031B001.html
MPFGSMM04WT001,코스믹 스타 오 드 퍼퓸,141000,white,ACTIVE,,,,골드 톤 하드웨어가 장식된 화이트 스타크 백팩 형태의 보틀,,,,이탈리아,"여성 향수 | 향 계열: 구르망 플로럴 (Gourmand Floral) | 탑 노트: 페어, 은방울꽃, 코코넛 워터 | 미들 노트: 하이버날(Hivernal®), 화이트 아이리스, 프리지아, 가드니아, 화이트 캐러멜 | 베이스 노트: 바닐라, 화이트 초콜릿, 화이트 머스크, 오크모스 | EAN #8800259825049",,https://images.mcmworldwide.com/i/mcmworldwide/MPFGSMM04WT001_01 | https://images.mcmworldwide.com/i/mcmworldwide/MPFGSMM04WT001_02 | https://images.mcmworldwide.com/i/mcmworldwide/MPFGSMM04WT001_03,https://images.mcmworldwide.com/v/mcmworldwide/MPFGSMM04WT001_VID/webm_720p,https://kr.mcmworldwide.com/ko_KR/%EC%97%AC%EC%84%B1/%ED%8C%A8%EC%85%98%EC%86%8C%ED%92%88/%EB%AA%A8%EB%91%90%EB%B3%B4%EA%B8%B0/%EC%BD%94%EC%8A%A4%EB%AF%B9-%EC%8A%A4%ED%83%80-%EC%98%A4-%EB%93%9C-%ED%8D%BC%ED%93%B8/MPFGSMM04WT001.html
MPFGSMM03WT001,코스믹 스타 오 드 퍼퓸,118000,white,ACTIVE,,,,골드 톤 하드웨어가 장식된 화이트 스타크 백팩 형태의 보틀,,,,이탈리아,"여성 향수 | 향 계열: 구르망 플로럴 (Gourmand Floral) | 탑 노트: 페어, 은방울꽃, 코코넛 워터 | 미들 노트: 하이버날(Hivernal®), 화이트 아이리스, 프리지아, 가드니아, 화이트 캐러멜 | 베이스 노트: 바닐라, 화이트 초콜릿, 화이트 머스크, 오크모스 | EAN #8800259825032",,https://images.mcmworldwide.com/i/mcmworldwide/MPFGSMM03WT001_01 | https://images.mcmworldwide.com/i/mcmworldwide/MPFGSMM03WT001_02 | https://images.mcmworldwide.com/i/mcmworldwide/MPFGSMM03WT001_03,https://images.mcmworldwide.com/v/mcmworldwide/MPFGSMM03WT001_VID/webm_720p,https://kr.mcmworldwide.com/ko_KR/%EC%97%AC%EC%84%B1/%ED%8C%A8%EC%85%98%EC%86%8C%ED%92%88/%EB%AA%A8%EB%91%90%EB%B3%B4%EA%B8%B0/%EC%BD%94%EC%8A%A4%EB%AF%B9-%EC%8A%A4%ED%83%80-%EC%98%A4-%EB%93%9C-%ED%8D%BC%ED%93%B8/MPFGSMM03WT001.html
MPFGSMM02WT001,코스믹 스타 오 드 퍼퓸,94000,white,ACTIVE,,,,골드 톤 하드웨어가 장식된 화이트 스타크 백팩 형태의 보틀,,,,이탈리아,"여성 향수 | 향 계열: 구르망 플로럴 (Gourmand Floral) | 탑 노트: 페어, 은방울꽃, 코코넛 워터 | 미들 노트: 하이버날(Hivernal®), 화이트 아이리스, 프리지아, 가드니아, 화이트 캐러멜 | 베이스 노트: 바닐라, 화이트 초콜릿, 화이트 머스크, 오크모스 | EAN #8800259825025",,https://images.mcmworldwide.com/i/mcmworldwide/MPFGSMM02WT001_01 | https://images.mcmworldwide.com/i/mcmworldwide/MPFGSMM02WT001_02 | https://images.mcmworldwide.com/i/mcmworldwide/MPFGSMM02WT001_03,https://images.mcmworldwide.com/v/mcmworldwide/MPFGSMM02WT001_VID/webm_720p,https://kr.mcmworldwide.com/ko_KR/%EC%97%AC%EC%84%B1/%ED%8C%A8%EC%85%98%EC%86%8C%ED%92%88/%EB%AA%A8%EB%91%90%EB%B3%B4%EA%B8%B0/%EC%BD%94%EC%8A%A4%EB%AF%B9-%EC%8A%A4%ED%83%80-%EC%98%A4-%EB%93%9C-%ED%8D%BC%ED%93%B8/MPFGSMM02WT001.html
MECGSMM064B001,비세토스 클래식 캡,450000,Brown,ACTIVE,비세토스 모노그램 캔버스,,,,,,,이탈리아,모노그램 비스코스 라이닝,,https://images.mcmworldwide.com/i/mcmworldwide/MECGSMM064B001_01 | https://images.mcmworldwide.com/i/mcmworldwide/MECGSMM064B001_09 | https://images.mcmworldwide.com/i/mcmworldwide/MECGSMM064B001_04 | https://images.mcmworldwide.com/i/mcmworldwide/MECGSMM064B001_05 | https://images.mcmworldwide.com/i/mcmworldwide/MECGSMM064B001_10 | https://images.mcmworldwide.com/i/mcmworldwide/MECGSMM064B001_11,,https://kr.mcmworldwide.com/ko_KR/%EC%97%AC%EC%84%B1/%ED%8C%A8%EC%85%98%EC%86%8C%ED%92%88/%EB%AA%A8%EB%91%90%EB%B3%B4%EA%B8%B0/%EB%B9%84%EC%84%B8%ED%86%A0%EC%8A%A4-%ED%81%B4%EB%9E%98%EC%8B%9D-%EC%BA%A1/MECGSMM064B001.html
MXZGATA094B001,Aren 비세토스 레빗 참,390000,Brown,ACTIVE,비세토스 모노그램 캔버스,,,24K 골드 도금 브라스 스프링 클라스프와 키링,7 x 6 x 13,,,대한민국,페이크 퍼 꼬리 | 레더 트림,,https://images.mcmworldwide.com/i/mcmworldwide/MXZGATA094B001_01 | https://images.mcmworldwide.com/i/mcmworldwide/MXZGATA094B001_04,,https://kr.mcmworldwide.com/ko_KR/%EC%97%AC%EC%84%B1/%ED%8C%A8%EC%85%98%EC%86%8C%ED%92%88/%EB%AA%A8%EB%91%90%EB%B3%B4%EA%B8%B0/aren-%EB%B9%84%EC%84%B8%ED%86%A0%EC%8A%A4-%EB%A0%88%EB%B9%97-%EC%B0%B8/MXZGATA094B001.html
MEFGAMM11CO001,모노그램 프린트 트라이엥글 실크 스카프,390000,Cognac,ACTIVE,실크 100%,,,,70 x 70 x 0,,,이탈리아,비세토스 모노그램 프린트 | MCM 로고 스트라이프 모티프,MEFGAMM11PZ001,https://images.mcmworldwide.com/i/mcmworldwide/MEFGAMM11CO001_01 | https://images.mcmworldwide.com/i/mcmworldwide/MEFGAMM11CO001_09 | https://images.mcmworldwide.com/i/mcmworldwide/MEFGAMM11CO001_02 | https://images.mcmworldwide.com/i/mcmworldwide/MEFGAMM11CO001_03 | https://images.mcmworldwide.com/i/mcmworldwide/MEFGAMM11CO001_10 | https://images.mcmworldwide.com/i/mcmworldwide/MEFGAMM11CO001_11,,https://kr.mcmworldwide.com/ko_KR/%EC%97%AC%EC%84%B1/%ED%8C%A8%EC%85%98%EC%86%8C%ED%92%88/%EB%AA%A8%EB%91%90%EB%B3%B4%EA%B8%B0/%EB%AA%A8%EB%85%B8%EA%B7%B8%EB%9E%A8-%ED%94%84%EB%A6%B0%ED%8A%B8-%ED%8A%B8%EB%9D%BC%EC%9D%B4%EC%97%A5%EA%B8%80-%EC%8B%A4%ED%81%AC-%EC%8A%A4%EC%B9%B4%ED%94%84/MEFGAMM11CO001.html
MEFGAMM11PZ001,모노그램 프린트 트라이엥글 실크 스카프,390000,Pink,ACTIVE,실크 100%,,,,70 x 70 x 0,,,이탈리아,비세토스 모노그램 프린트 | MCM 로고 스트라이프 모티프,MEFGAMM11CO001,https://images.mcmworldwide.com/i/mcmworldwide/MEFGAMM11PZ001_01 | https://images.mcmworldwide.com/i/mcmworldwide/MEFGAMM11PZ001_09 | https://images.mcmworldwide.com/i/mcmworldwide/MEFGAMM11PZ001_02 | https://images.mcmworldwide.com/i/mcmworldwide/MEFGAMM11PZ001_03 | https://images.mcmworldwide.com/i/mcmworldwide/MEFGAMM11PZ001_10,,https://kr.mcmworldwide.com/ko_KR/%EB%82%A8%EC%84%B1/%ED%8C%A8%EC%85%98%EC%86%8C%ED%92%88/%EC%8A%A4%EC%B9%B4%ED%94%84-%EB%A8%B8%ED%94%8C%EB%9F%AC/%EB%AA%A8%EB%85%B8%EA%B7%B8%EB%9E%A8-%ED%94%84%EB%A6%B0%ED%8A%B8-%ED%8A%B8%EB%9D%BC%EC%9D%B4%EC%97%A5%EA%B8%80-%EC%8B%A4%ED%81%AC-%EC%8A%A4%EC%B9%B4%ED%94%84/MEFGAMM11PZ001.html
MEFGAMM12CO001,페이즐리 코튼 실크 스카프,330000,Cognac,ACTIVE,코튼 실크 혼방,,,,57 x 57 x 0,,,이탈리아,페이즐리 프린트 | 비세토스 모노그램 모티프 | 대비되는 스트라이프 테두리,MEFGAMM12GR001 | MEFGAMM12QH001,https://images.mcmworldwide.com/i/mcmworldwide/MEFGAMM12CO001_01 | https://images.mcmworldwide.com/i/mcmworldwide/MEFGAMM12CO001_09 | https://images.mcmworldwide.com/i/mcmworldwide/MEFGAMM12CO001_02 | https://images.mcmworldwide.com/i/mcmworldwide/MEFGAMM12CO001_03 | https://images.mcmworldwide.com/i/mcmworldwide/MEFGAMM12CO001_10 | https://images.mcmworldwide.com/i/mcmworldwide/MEFGAMM12CO001_11,https://images.mcmworldwide.com/v/mcmworldwide/MEFGAMM12CO001_VID/webm_720p,https://kr.mcmworldwide.com/ko_KR/%EC%97%AC%EC%84%B1/%ED%8C%A8%EC%85%98%EC%86%8C%ED%92%88/%EB%AA%A8%EB%91%90%EB%B3%B4%EA%B8%B0/%ED%8E%98%EC%9D%B4%EC%A6%90%EB%A6%AC-%EC%BD%94%ED%8A%BC-%EC%8B%A4%ED%81%AC-%EC%8A%A4%EC%B9%B4%ED%94%84/MEFGAMM12CO001.html
MEFGAMM12GR001,페이즐리 코튼 실크 스카프,330000,Green,ACTIVE,코튼 실크 혼방,,,,57 x 57 x 0,,,이탈리아,페이즐리 프린트 | 비세토스 모노그램 모티프 | 대비되는 스트라이프 테두리,MEFGAMM12CO001 | MEFGAMM12QH001,https://images.mcmworldwide.com/i/mcmworldwide/MEFGAMM12GR001_01 | https://images.mcmworldwide.com/i/mcmworldwide/MEFGAMM12GR001_09 | https://images.mcmworldwide.com/i/mcmworldwide/MEFGAMM12GR001_02 | https://images.mcmworldwide.com/i/mcmworldwide/MEFGAMM12GR001_03 | https://images.mcmworldwide.com/i/mcmworldwide/MEFGAMM12GR001_10 | https://images.mcmworldwide.com/i/mcmworldwide/MEFGAMM12GR001_11,https://images.mcmworldwide.com/v/mcmworldwide/MEFGAMM12GR001_VID/webm_720p,https://kr.mcmworldwide.com/ko_KR/%EC%97%AC%EC%84%B1/%ED%8C%A8%EC%85%98%EC%86%8C%ED%92%88/%EC%81%98%EB%9D%A0-%EC%8A%A4%EC%B9%B4%ED%94%84-%EC%8A%A4%EC%B9%B4%ED%94%84/%ED%8E%98%EC%9D%B4%EC%A6%90%EB%A6%AC-%EC%BD%94%ED%8A%BC-%EC%8B%A4%ED%81%AC-%EC%8A%A4%EC%B9%B4%ED%94%84/MEFGAMM12GR001.html
MEFGAMM12QH001,페이즐리 코튼 실크 스카프,330000,Pink,ACTIVE,코튼 실크 혼방,,,,57 x 57 x 0,,,이탈리아,페이즐리 프린트 | 비세토스 모노그램 모티프 | 대비되는 스트라이프 테두리,MEFGAMM12CO001 | MEFGAMM12GR001,https://images.mcmworldwide.com/i/mcmworldwide/MEFGAMM12QH001_01 | https://images.mcmworldwide.com/i/mcmworldwide/MEFGAMM12QH001_09 | https://images.mcmworldwide.com/i/mcmworldwide/MEFGAMM12QH001_02 | https://images.mcmworldwide.com/i/mcmworldwide/MEFGAMM12QH001_03 | https://images.mcmworldwide.com/i/mcmworldwide/MEFGAMM12QH001_10 | https://images.mcmworldwide.com/i/mcmworldwide/MEFGAMM12QH001_11,https://images.mcmworldwide.com/v/mcmworldwide/MEFGAMM12QH001_VID/webm_720p,https://kr.mcmworldwide.com/ko_KR/%EC%97%AC%EC%84%B1/%ED%8C%A8%EC%85%98%EC%86%8C%ED%92%88/%EC%81%98%EB%9D%A0-%EC%8A%A4%EC%B9%B4%ED%94%84-%EC%8A%A4%EC%B9%B4%ED%94%84/%ED%8E%98%EC%9D%B4%EC%A6%90%EB%A6%AC-%EC%BD%94%ED%8A%BC-%EC%8B%A4%ED%81%AC-%EC%8A%A4%EC%B9%B4%ED%94%84/MEFGAMM12QH001.html
MPFGAMM02CO001,코지 캣 오 드 퍼퓸,210000,Cognac,ACTIVE,,,,골드톤 하드웨어,,,,이탈리아,"유니섹스 향수 | 로고가 새겨진 유리병과 귀여운 고양이 장식이 피규어 | 100 mL / 3.4 oz. | 우디 플로럴 계열 | 탑 노트: 바이올렛 잎, 와일드베리, 복숭아, 블랙 로즈 | 미들 노트: 스웨이드, 벤조인, 암브레트 | 베이스 노트: 샌달우드, 통카빈, 시더우드, 랍다넘, 머스크, 바닐라빈 | EAN #8800259845337",,https://images.mcmworldwide.com/i/mcmworldwide/MPFGAMM02CO001_01 | https://images.mcmworldwide.com/i/mcmworldwide/MPFGAMM02CO001_02 | https://images.mcmworldwide.com/i/mcmworldwide/MPFGAMM02CO001_03 | https://images.mcmworldwide.com/i/mcmworldwide/MPFGAMM02CO001_04 | https://images.mcmworldwide.com/i/mcmworldwide/MPFGAMM02CO001_05,,https://kr.mcmworldwide.com/ko_KR/%EC%97%AC%EC%84%B1/%ED%8C%A8%EC%85%98%EC%86%8C%ED%92%88/%EB%AA%A8%EB%91%90%EB%B3%B4%EA%B8%B0/%EC%BD%94%EC%A7%80-%EC%BA%A3-%EC%98%A4-%EB%93%9C-%ED%8D%BC%ED%93%B8/MPFGAMM02CO001.html
MPFGAMM06CO001,향수 컬렉션 기프트 세트,110000,Cognac,ACTIVE,,,,골드톤 하드웨어,,,,이탈리아,유니섹스 향수 | 동물 피규어가 더해진 10cml 미니 사이즈 4개 세트 | 코지 캣: 우디 플로럴 | 차밍 펍: 플로럴 우디 오리스 | 졸리 레빗: 시트러스 플로럴 그린 | 마이티 베어: 엠버 우디 플로럴 | EAN #8800259845375,,https://images.mcmworldwide.com/i/mcmworldwide/MPFGAMM06CO001_01 | https://images.mcmworldwide.com/i/mcmworldwide/MPFGAMM06CO001_02 | https://images.mcmworldwide.com/i/mcmworldwide/MPFGAMM06CO001_03 | https://images.mcmworldwide.com/i/mcmworldwide/MPFGAMM06CO001_04,,https://kr.mcmworldwide.com/ko_KR/%EC%97%AC%EC%84%B1/%ED%8C%A8%EC%85%98%EC%86%8C%ED%92%88/%EB%AA%A8%EB%91%90%EB%B3%B4%EA%B8%B0/%ED%96%A5%EC%88%98-%EC%BB%AC%EB%A0%89%EC%85%98-%EA%B8%B0%ED%94%84%ED%8A%B8-%EC%84%B8%ED%8A%B8/MPFGAMM06CO001.html
MEHGABC01PZ058,리버서블 버킷 헷,450000,Pink,ACTIVE,,,,,,,,이탈리아,리버서블 디자인 | 앞면: 비세토스 모노그램 프린트가 더해진 재생 나일론 | 뒷면: MCM 로고 모티브가 더해진 100% 코튼,,https://images.mcmworldwide.com/i/mcmworldwide/MEHGABC01PZ058_01 | https://images.mcmworldwide.com/i/mcmworldwide/MEHGABC01PZ058_09 | https://images.mcmworldwide.com/i/mcmworldwide/MEHGABC01PZ058_05 | https://images.mcmworldwide.com/i/mcmworldwide/MEHGABC01PZ058_06 | https://images.mcmworldwide.com/i/mcmworldwide/MEHGABC01PZ058_10 | https://images.mcmworldwide.com/i/mcmworldwide/MEHGABC01PZ058_11 | https://images.mcmworldwide.com/i/mcmworldwide/MEHGABC01PZ058_12 | https://images.mcmworldwide.com/i/mcmworldwide/MEHGABC01PZ058_13,,https://kr.mcmworldwide.com/ko_KR/%EC%97%AC%EC%84%B1/%ED%8C%A8%EC%85%98%EC%86%8C%ED%92%88/%EB%AA%A8%EB%91%90%EB%B3%B4%EA%B8%B0/%EB%A6%AC%EB%B2%84%EC%84%9C%EB%B8%94-%EB%B2%84%ED%82%B7-%ED%97%B7/MEHGABC01PZ058.html
MPFESMM03PK001,Crush 오 드 퍼퓸,118000,Pink,ACTIVE,,,,골드 톤 금속 장식 핑크 스타크 백팩 보틀,,,,이탈리아,"여성용 향수 | 향수 계열: 우디 피니시의 플로럴 프루티 | 탑 노트: 얼린 배, 핑크 페퍼, 블랙 커런트, 애프리콧 넥타 | 미들 노트: 매그놀리아, 로즈 드 메이 앱솔루트, 화이트 피오니 인퓨전 | 베이스 노트: 업사이클 시더우드 버지니아 Naturals Together™, 암브레트, 캐시미어 우드 | 그린 케미스트리 원칙에 따라 제조 | 조향사: Frank Voelkl, Firmenich | EAN #8809935562384",,https://images.mcmworldwide.com/i/mcmworldwide/MPFESMM03PK001_01 | https://images.mcmworldwide.com/i/mcmworldwide/MPFESMM03PK001_03 | https://images.mcmworldwide.com/i/mcmworldwide/MPFESMM03PK001_04,,https://kr.mcmworldwide.com/ko_KR/%EC%97%AC%EC%84%B1/%ED%8C%A8%EC%85%98%EC%86%8C%ED%92%88/%EB%AA%A8%EB%91%90%EB%B3%B4%EA%B8%B0/crush-%EC%98%A4-%EB%93%9C-%ED%8D%BC%ED%93%B8/MPFESMM03PK001.html
MXZGATA19PZ001,모노그램 프린트 레더 2D Stark 비세토스 백팩 참,290000,Pink,ACTIVE,나파 레더,,,로고 브라스 플레이트 | 16K 골드 도금 메탈 하드웨어,,,19cm,대한민국,가죽 스트랩 | 키 링 클라스프 | 비세토스 모노그램 프린트 | 엠보싱 처리된 MCM 로고 모티프가 돋보이는 뒷면,MXZGATA19BK001 | MXZGATA19CO001,https://images.mcmworldwide.com/i/mcmworldwide/MXZGATA19PZ001_01 | https://images.mcmworldwide.com/i/mcmworldwide/MXZGATA19PZ001_04,,https://kr.mcmworldwide.com/ko_KR/%EC%97%AC%EC%84%B1/%ED%8C%A8%EC%85%98%EC%86%8C%ED%92%88/%EB%AA%A8%EB%91%90%EB%B3%B4%EA%B8%B0/%EB%AA%A8%EB%85%B8%EA%B7%B8%EB%9E%A8-%ED%94%84%EB%A6%B0%ED%8A%B8-%EB%A0%88%EB%8D%94-2d-stark-%EB%B9%84%EC%84%B8%ED%86%A0%EC%8A%A4-%EB%B0%B1%ED%8C%A9-%EC%B0%B8-/MXZGATA19PZ001.html
MXZGATA19BK001,모노그램 프린트 레더 2D Stark 비세토스 백팩 참,290000,Black,ACTIVE,나파 레더,,,로고 브라스 플레이트 | 실버톤 코발트 메탈 하드웨어,,,19cm,대한민국,가죽 스트랩 | 키 링 클라스프 | 비세토스 모노그램 프린트 | 엠보싱 처리된 MCM 로고 모티프가 돋보이는 뒷면,MXZGATA19CO001 | MXZGATA19PZ001,https://images.mcmworldwide.com/i/mcmworldwide/MXZGATA19BK001_01 | https://images.mcmworldwide.com/i/mcmworldwide/MXZGATA19BK001_04,,https://kr.mcmworldwide.com/ko_KR/%EB%82%A8%EC%84%B1/%ED%8C%A8%EC%85%98%EC%86%8C%ED%92%88/%EB%AA%A8%EB%91%90%EB%B3%B4%EA%B8%B0/%EB%AA%A8%EB%85%B8%EA%B7%B8%EB%9E%A8-%ED%94%84%EB%A6%B0%ED%8A%B8-%EB%A0%88%EB%8D%94-2d-stark-%EB%B9%84%EC%84%B8%ED%86%A0%EC%8A%A4-%EB%B0%B1%ED%8C%A9-%EC%B0%B8-/MXZGATA19BK001.html
MXZGATA19CO001,모노그램 프린트 레더 2D Stark 비세토스 백팩 참,290000,Cognac,ACTIVE,나파 레더,,,로고 브라스 플레이트 | 24K 골드 도금 브라스 하드웨어,,,19cm,대한민국,가죽 스트랩 | 키 링 클라스프 | 비세토스 모노그램 프린트 | 엠보싱 처리된 MCM 로고 모티프가 돋보이는 뒷면,MXZGATA19BK001 | MXZGATA19PZ001,https://images.mcmworldwide.com/i/mcmworldwide/MXZGATA19CO001_01 | https://images.mcmworldwide.com/i/mcmworldwide/MXZGATA19CO001_04,,https://kr.mcmworldwide.com/ko_KR/%EB%82%A8%EC%84%B1/%ED%8C%A8%EC%85%98%EC%86%8C%ED%92%88/%EB%AA%A8%EB%91%90%EB%B3%B4%EA%B8%B0/%EB%AA%A8%EB%85%B8%EA%B7%B8%EB%9E%A8-%ED%94%84%EB%A6%B0%ED%8A%B8-%EB%A0%88%EB%8D%94-2d-stark-%EB%B9%84%EC%84%B8%ED%86%A0%EC%8A%A4-%EB%B0%B1%ED%8C%A9-%EC%B0%B8-/MXZGATA19CO001.html
MXBGSTA04BK001,Aren 갤럭틱 갈라 가죽 2&quot; 벨트,470000,Black,ACTIVE,100% 양가죽,,,,,,,대한민국,갤럭틱 갈라 메탈 스터드 | MCM 로고 모티프가 더해진 벨트 고리 | 실버톤 바바리안 다이아몬드 메탈 버클,,https://images.mcmworldwide.com/i/mcmworldwide/MXBGSTA04BK001_01 | https://images.mcmworldwide.com/i/mcmworldwide/MXBGSTA04BK001_09 | https://images.mcmworldwide.com/i/mcmworldwide/MXBGSTA04BK001_02 | https://images.mcmworldwide.com/i/mcmworldwide/MXBGSTA04BK001_03 | https://images.mcmworldwide.com/i/mcmworldwide/MXBGSTA04BK001_10,,https://kr.mcmworldwide.com/ko_KR/%EC%97%AC%EC%84%B1/%ED%8C%A8%EC%85%98%EC%86%8C%ED%92%88/%EB%AA%A8%EB%91%90%EB%B3%B4%EA%B8%B0/aren-%EA%B0%A4%EB%9F%AD%ED%8B%B1-%EA%B0%88%EB%9D%BC-%EA%B0%80%EC%A3%BD-2%22-%EB%B2%A8%ED%8A%B8/MXBGSTA04BK001.html
MXBGSTA05BK001,Aren 갤러틱 갈라 비세토스 1&quot; 벨트,390000,Black,ACTIVE,비세토스 모노그램 캔버스,천연가죽,,,,,,대한민국,갤럭틱 갈라 메탈 스터드 | MCM 로고 모티프가 더해진 벨트 고리 | 실버톤 바이에른 다이아몬드 메탈 버클,,https://images.mcmworldwide.com/i/mcmworldwide/MXBGSTA05BK001_01 | https://images.mcmworldwide.com/i/mcmworldwide/MXBGSTA05BK001_09 | https://images.mcmworldwide.com/i/mcmworldwide/MXBGSTA05BK001_02 | https://images.mcmworldwide.com/i/mcmworldwide/MXBGSTA05BK001_03 | https://images.mcmworldwide.com/i/mcmworldwide/MXBGSTA05BK001_10 | https://images.mcmworldwide.com/i/mcmworldwide/MXBGSTA05BK001_11,,https://kr.mcmworldwide.com/ko_KR/%EC%97%AC%EC%84%B1/%ED%8C%A8%EC%85%98%EC%86%8C%ED%92%88/%EB%AA%A8%EB%91%90%EB%B3%B4%EA%B8%B0/aren-%EA%B0%A4%EB%9F%AC%ED%8B%B1-%EA%B0%88%EB%9D%BC-%EB%B9%84%EC%84%B8%ED%86%A0%EC%8A%A4-1%22-%EB%B2%A8%ED%8A%B8/MXBGSTA05BK001.html
MXZGATA20BK001,모노그램 프린트 레더 2D Ella 비세토스 보스턴 참,290000,Black,ACTIVE,나파 레더,,,로고 브라스 플레이트 | 실버톤 코발트 메탈 하드웨어,,,19cm,대한민국,가죽 스트랩 | 키 링 클라스프 | 비세토스 모노그램 프린트 | 엠보싱 처리된 MCM 로고 모티프가 돋보이는 뒷면,MXZGATA20CO001 | MXZGATA20PZ001,https://images.mcmworldwide.com/i/mcmworldwide/MXZGATA20BK001_01 | https://images.mcmworldwide.com/i/mcmworldwide/MXZGATA20BK001_04,,https://kr.mcmworldwide.com/ko_KR/%EC%97%AC%EC%84%B1/%ED%8C%A8%EC%85%98%EC%86%8C%ED%92%88/%EB%AA%A8%EB%91%90%EB%B3%B4%EA%B8%B0/%EB%AA%A8%EB%85%B8%EA%B7%B8%EB%9E%A8-%ED%94%84%EB%A6%B0%ED%8A%B8-%EB%A0%88%EB%8D%94-2d-ella-%EB%B9%84%EC%84%B8%ED%86%A0%EC%8A%A4-%EB%B3%B4%EC%8A%A4%ED%84%B4-%EC%B0%B8/MXZGATA20BK001.html
MXZGATA20CO001,모노그램 프린트 레더 2D Ella 비세토스 보스턴 참,290000,Cognac,ACTIVE,나파 레더,,,로고 브라스 플레이트 | 24K 골드 도금 브라스 하드웨어,,,19cm,대한민국,가죽 스트랩 | 키 링 클라스프 | 비세토스 모노그램 프린트 | 엠보싱 처리된 MCM 로고 모티프가 돋보이는 뒷면,MXZGATA20BK001 | MXZGATA20PZ001,https://images.mcmworldwide.com/i/mcmworldwide/MXZGATA20CO001_01 | https://images.mcmworldwide.com/i/mcmworldwide/MXZGATA20CO001_04,,https://kr.mcmworldwide.com/ko_KR/%EB%82%A8%EC%84%B1/%ED%8C%A8%EC%85%98%EC%86%8C%ED%92%88/%EB%AA%A8%EB%91%90%EB%B3%B4%EA%B8%B0/%EB%AA%A8%EB%85%B8%EA%B7%B8%EB%9E%A8-%ED%94%84%EB%A6%B0%ED%8A%B8-%EB%A0%88%EB%8D%94-2d-ella-%EB%B9%84%EC%84%B8%ED%86%A0%EC%8A%A4-%EB%B3%B4%EC%8A%A4%ED%84%B4-%EC%B0%B8/MXZGATA20CO001.html
MXZGATA20PZ001,모노그램 프린트 레더 2D Ella 비세토스 보스턴 참,290000,Pink,ACTIVE,나파 레더,,,로고 브라스 플레이트 | 16K 골드 도금 메탈 하드웨어,,,19cm,대한민국,가죽 스트랩 | 키 링 클라스프 | 비세토스 모노그램 프린트 | 엠보싱 처리된 MCM 로고 모티프가 돋보이는 뒷면,MXZGATA20BK001 | MXZGATA20CO001,https://images.mcmworldwide.com/i/mcmworldwide/MXZGATA20PZ001_01 | https://images.mcmworldwide.com/i/mcmworldwide/MXZGATA20PZ001_04,,https://kr.mcmworldwide.com/ko_KR/%EB%82%A8%EC%84%B1/%ED%8C%A8%EC%85%98%EC%86%8C%ED%92%88/%EB%AA%A8%EB%91%90%EB%B3%B4%EA%B8%B0/%EB%AA%A8%EB%85%B8%EA%B7%B8%EB%9E%A8-%ED%94%84%EB%A6%B0%ED%8A%B8-%EB%A0%88%EB%8D%94-2d-ella-%EB%B9%84%EC%84%B8%ED%86%A0%EC%8A%A4-%EB%B3%B4%EC%8A%A4%ED%84%B4-%EC%B0%B8/MXZGATA20PZ001.html
MEFFAMM02OQ001,메가 헤링본 프린트 스카프,530000,Orange,ACTIVE,100% 오가닉 실크,,,,90 x 90 x 0,,,이탈리아,양면 디자인 | 대비되는 컬러의 메가 헤링본 모노그램 프린트 모티프,,https://images.mcmworldwide.com/i/mcmworldwide/MEFFAMM02OQ001_01 | https://images.mcmworldwide.com/i/mcmworldwide/MEFFAMM02OQ001_09 | https://images.mcmworldwide.com/i/mcmworldwide/MEFFAMM02OQ001_04 | https://images.mcmworldwide.com/i/mcmworldwide/MEFFAMM02OQ001_10,,https://kr.mcmworldwide.com/ko_KR/%EC%97%AC%EC%84%B1/%ED%8C%A8%EC%85%98%EC%86%8C%ED%92%88/%EB%AA%A8%EB%91%90%EB%B3%B4%EA%B8%B0/%EB%A9%94%EA%B0%80-%ED%97%A4%EB%A7%81%EB%B3%B8-%ED%94%84%EB%A6%B0%ED%8A%B8-%EC%8A%A4%EC%B9%B4%ED%94%84/MEFFAMM02OQ001.html
MXBEAUM01CO001,M-Art 비세토스 리버서블 벨트 1.5&rdquo;,470000,Cognac,ACTIVE,앞면: 비세토스 모노그램 캔버스,,,24K 도금 브라스 MCM 버클,0 x 130 x 40,,,대한민국,리버서블 디자인 | 벨트를 잘라 원하는 사이즈로 조절 가능한 길이 | 뒷면: 천연 나파 가죽,MXBEAUM02BK001,https://images.mcmworldwide.com/i/mcmworldwide/MXBEAUM01CO001_01 | https://images.mcmworldwide.com/i/mcmworldwide/MXBEAUM01CO001_02 | https://images.mcmworldwide.com/i/mcmworldwide/MXBEAUM01CO001_03,,https://kr.mcmworldwide.com/ko_KR/%EC%97%AC%EC%84%B1/%ED%8C%A8%EC%85%98%EC%86%8C%ED%92%88/%EB%AA%A8%EB%91%90%EB%B3%B4%EA%B8%B0/m-art-%EB%B9%84%EC%84%B8%ED%86%A0%EC%8A%A4-%EB%A6%AC%EB%B2%84%EC%84%9C%EB%B8%94-%EB%B2%A8%ED%8A%B8-1.5%E2%80%9D/MXBEAUM01CO001.html
MXBEAUM02BK001,M-Art 비세토스 리버서블 벨트 1.5&rdquo;,470000,Black,ACTIVE,앞면: 비세토스 모노그램 캔버스,,,,0 x 130 x 4,,,대한민국,리버서블 디자인 | 벨트를 잘라 원하는 사이즈로 조절 가능한 길이 | 뒷면: 천연 나파 가죽 | 실버톤 코발트 메탈 MCM 버클,MXBEAUM01CO001,https://images.mcmworldwide.com/i/mcmworldwide/MXBEAUM02BK001_01 | https://images.mcmworldwide.com/i/mcmworldwide/MXBEAUM02BK001_02 | https://images.mcmworldwide.com/i/mcmworldwide/MXBEAUM02BK001_03,,https://kr.mcmworldwide.com/ko_KR/sizable-belts-for-how-to-video/m-art-%EB%B9%84%EC%84%B8%ED%86%A0%EC%8A%A4-%EB%A6%AC%EB%B2%84%EC%84%9C%EB%B8%94-%EB%B2%A8%ED%8A%B8-1.5%E2%80%9D/MXBEAUM02BK001.html
MPFBSMM01CO001,MCM 오 드 퍼퓸,94000,Cognac,ACTIVE,,,,골드 톤 금속 장식 스타크 백팩 보틀,,,,프랑스,"유니섹스 향수 | 탑 노트: 라즈베리, 애프리콧 | 미들 노트: 손수 채취한 재스민, 화이트 피오니, 바이올렛 리프 | 베이스 노트: 화이트 모스, 바닐라, 샌달우드, 쉬어 앰브록스 | EAN #8809675936568",,https://images.mcmworldwide.com/i/mcmworldwide/MPFBSMM01CO001_01 | https://images.mcmworldwide.com/i/mcmworldwide/MPFBSMM01CO001_02 | https://images.mcmworldwide.com/i/mcmworldwide/MPFBSMM01CO001_03,,https://kr.mcmworldwide.com/ko_KR/%EC%97%AC%EC%84%B1/%ED%8C%A8%EC%85%98%EC%86%8C%ED%92%88/%EB%AA%A8%EB%91%90%EB%B3%B4%EA%B8%B0/mcm-%EC%98%A4-%EB%93%9C-%ED%8D%BC%ED%93%B8/MPFBSMM01CO001.html
MXZFSTA11CO001,MCM 비세토스 파크베어 참,390000,Cognac,ACTIVE,비세토스 모노그램 캔버스,천연 가죽,,24K 골드 도금 메탈 하드웨어,8 x 6 x 8,,,대한민국,키링 | 로고가 각인된 스프링 잠금장치,,https://images.mcmworldwide.com/i/mcmworldwide/MXZFSTA11CO001_01 | https://images.mcmworldwide.com/i/mcmworldwide/MXZFSTA11CO001_04,,https://kr.mcmworldwide.com/ko_KR/%EC%97%AC%EC%84%B1/%ED%8C%A8%EC%85%98%EC%86%8C%ED%92%88/%EB%AA%A8%EB%91%90%EB%B3%B4%EA%B8%B0/mcm-%EB%B9%84%EC%84%B8%ED%86%A0%EC%8A%A4-%ED%8C%8C%ED%81%AC%EB%B2%A0%EC%96%B4-%EC%B0%B8/MXZFSTA11CO001.html
MPFFSMM04CO001,마이티 베어 오 드 퍼퓸,210000,Cognac,ACTIVE,,,,골드톤 하드웨어,,,,이탈리아,"여성용 향수 | 로고가 새겨진 유리 병과 마이티 베어 장식 피규어 | 앰버 우디 플로럴 계열 향 | 탑 노트: 엘레미, 베르가못 | 미들 노트: 참깨, 파출리 플라워 | 베이스 노트: 통카 빈, 바닐라, 샌달우드 | EAN #8800259793218",,https://images.mcmworldwide.com/i/mcmworldwide/MPFFSMM04CO001_01 | https://images.mcmworldwide.com/i/mcmworldwide/MPFFSMM04CO001_02 | https://images.mcmworldwide.com/i/mcmworldwide/MPFFSMM04CO001_03 | https://images.mcmworldwide.com/i/mcmworldwide/MPFFSMM04CO001_04,,https://kr.mcmworldwide.com/ko_KR/%EC%97%AC%EC%84%B1/%ED%8C%A8%EC%85%98%EC%86%8C%ED%92%88/%EB%AA%A8%EB%91%90%EB%B3%B4%EA%B8%B0/%EB%A7%88%EC%9D%B4%ED%8B%B0-%EB%B2%A0%EC%96%B4-%EC%98%A4-%EB%93%9C-%ED%8D%BC%ED%93%B8/MPFFSMM04CO001.html
MEFGAMM01PZ001,투톤 모노그램 자카드 울 스톨,510000,Pink,ACTIVE,100% 울,,,,20 x 195 x 0,,,대한민국,양면 디자인 | 자카드 니트 | 대비되는 컬러의 비세토스 모노그램 모티프,,https://images.mcmworldwide.com/i/mcmworldwide/MEFGAMM01PZ001_01 | https://images.mcmworldwide.com/i/mcmworldwide/MEFGAMM01PZ001_09 | https://images.mcmworldwide.com/i/mcmworldwide/MEFGAMM01PZ001_02 | https://images.mcmworldwide.com/i/mcmworldwide/MEFGAMM01PZ001_03 | https://images.mcmworldwide.com/i/mcmworldwide/MEFGAMM01PZ001_10,,https://kr.mcmworldwide.com/ko_KR/%EC%97%AC%EC%84%B1/%ED%8C%A8%EC%85%98%EC%86%8C%ED%92%88/%EB%AA%A8%EB%91%90%EB%B3%B4%EA%B8%B0/%ED%88%AC%ED%86%A4-%EB%AA%A8%EB%85%B8%EA%B7%B8%EB%9E%A8-%EC%9E%90%EC%B9%B4%EB%93%9C-%EC%9A%B8-%EC%8A%A4%ED%86%A8/MEFGAMM01PZ001.html
MEGGSMM06PK001,오발 선글라스,260000,Pink,ACTIVE,,,,,,,,중국,렌즈-브릿지-템플 사이즈: 53-16-145 mm | MCM 로고 장식이 더해진 템플 | 바이에른 다이아몬드 메탈 스터드 장식이 더해진 템플 팁 | 렌즈 컬러: 브라운 핑크 그라데이션 | 프레임 컬러:밀키 라이트 핑크 | 로고가 새겨진 파우치 케이스 | 아세테이트 프레임,MEGGSMM06BK001,https://images.mcmworldwide.com/i/mcmworldwide/MEGGSMM06PK001_01 | https://images.mcmworldwide.com/i/mcmworldwide/MEGGSMM06PK001_09 | https://images.mcmworldwide.com/i/mcmworldwide/MEGGSMM06PK001_02 | https://images.mcmworldwide.com/i/mcmworldwide/MEGGSMM06PK001_03 | https://images.mcmworldwide.com/i/mcmworldwide/MEGGSMM06PK001_10,,https://kr.mcmworldwide.com/ko_KR/%EC%97%AC%EC%84%B1/%ED%8C%A8%EC%85%98%EC%86%8C%ED%92%88/%EB%AA%A8%EB%91%90%EB%B3%B4%EA%B8%B0/%EC%98%A4%EB%B0%9C-%EC%84%A0%EA%B8%80%EB%9D%BC%EC%8A%A4/MEGGSMM06PK001.html
MEGGSMM06BK001,오발 선글라스,260000,Black,ACTIVE,,,,,,,,중국,렌즈-브릿지-템플 사이즈: 53-16-145 mm | MCM 로고 장식이 더해진 템플 | 바이에른 다이아몬드 메탈 스터드 장식이 더해진 템플 팁 | 렌즈 컬러: 솔리드 스모크 | 프레임 컬러: 샤이니 블랙 | 로고가 새겨진 파우치 케이스 | 아세테이트 프레임,MEGGSMM06PK001,https://images.mcmworldwide.com/i/mcmworldwide/MEGGSMM06BK001_01 | https://images.mcmworldwide.com/i/mcmworldwide/MEGGSMM06BK001_09 | https://images.mcmworldwide.com/i/mcmworldwide/MEGGSMM06BK001_02 | https://images.mcmworldwide.com/i/mcmworldwide/MEGGSMM06BK001_03 | https://images.mcmworldwide.com/i/mcmworldwide/MEGGSMM06BK001_10,,https://kr.mcmworldwide.com/ko_KR/%EC%97%AC%EC%84%B1/%ED%8C%A8%EC%85%98%EC%86%8C%ED%92%88/%EC%84%A0%EA%B8%80%EB%9D%BC%EC%8A%A4/%EC%98%A4%EB%B0%9C-%EC%84%A0%EA%B8%80%EB%9D%BC%EC%8A%A4/MEGGSMM06BK001.html
MPFESMM04PK001,Crush 오 드 퍼퓸,94000,Pink,ACTIVE,,,,골드 톤 금속 장식 핑크 스타크 백팩 보틀,,,,이탈리아,"여성용 향수 | 향수 계열: 우디 피니시의 플로럴 프루티 | 탑 노트: 얼린 배, 핑크 페퍼, 블랙 커런트, 애프리콧 넥타 | 미들 노트: 매그놀리아, 로즈 드 메이 앱솔루트, 화이트 피오니 인퓨전 | 베이스 노트: 업사이클 시더우드 버지니아 Naturals Together™, 암브레트, 캐시미어 우드 | 그린 케미스트리 원칙에 따라 제조 | 조향사: Frank Voelkl, Firmenich | EAN #8809935562407",,https://images.mcmworldwide.com/i/mcmworldwide/MPFESMM04PK001_01 | https://images.mcmworldwide.com/i/mcmworldwide/MPFESMM04PK001_02 | https://images.mcmworldwide.com/i/mcmworldwide/MPFESMM04PK001_03 | https://images.mcmworldwide.com/i/mcmworldwide/MPFESMM04PK001_04,,https://kr.mcmworldwide.com/ko_KR/%EC%97%AC%EC%84%B1/%ED%8C%A8%EC%85%98%EC%86%8C%ED%92%88/%EB%AA%A8%EB%91%90%EB%B3%B4%EA%B8%B0/crush-%EC%98%A4-%EB%93%9C-%ED%8D%BC%ED%93%B8/MPFESMM04PK001.html
MYZGATA07CO001,Aren 비세토스 파우치가 더해진 숄더 스트랩,490000,Cognac,ACTIVE,비세토스 모노그램 캔버스,나파 가죽,,24K 골드 도금 브라스 하드웨어,,115.5 cm - 131 cm,,대한민국,파우치 포함 | 스프링 잠금장치,,https://images.mcmworldwide.com/i/mcmworldwide/MYZGATA07CO001_01 | https://images.mcmworldwide.com/i/mcmworldwide/MYZGATA07CO001_04 | https://images.mcmworldwide.com/i/mcmworldwide/MYZGATA07CO001_05,,https://kr.mcmworldwide.com/ko_KR/%EC%97%AC%EC%84%B1/%ED%8C%A8%EC%85%98%EC%86%8C%ED%92%88/%EB%AA%A8%EB%91%90%EB%B3%B4%EA%B8%B0/aren-%EB%B9%84%EC%84%B8%ED%86%A0%EC%8A%A4-%ED%8C%8C%EC%9A%B0%EC%B9%98%EA%B0%80-%EB%8D%94%ED%95%B4%EC%A7%84-%EC%88%84%EB%8D%94-%EC%8A%A4%ED%8A%B8%EB%9E%A9-/MYZGATA07CO001.html
MEFDAMM11CO001,모노그램 프린트 쁘띠 실크 스카프,175000,Cognac,ACTIVE,오가닉 실크 100%,,,,8 x 120 x 0,,,이탈리아,수작업 봉제 | 반대쪽 면: MCM 로고와 대조적인 스트라이프 프린트 | 메인 측면: 비세토스 모노그램 프린트,,https://images.mcmworldwide.com/i/mcmworldwide/MEFDAMM11CO001_01 | https://images.mcmworldwide.com/i/mcmworldwide/MEFDAMM11CO001_03 | https://images.mcmworldwide.com/i/mcmworldwide/MEFDAMM11CO001_04 | https://images.mcmworldwide.com/i/mcmworldwide/MEFDAMM11CO001_05,,https://kr.mcmworldwide.com/ko_KR/%EC%97%AC%EC%84%B1/%ED%8C%A8%EC%85%98%EC%86%8C%ED%92%88/%EB%AA%A8%EB%91%90%EB%B3%B4%EA%B8%B0/%EB%AA%A8%EB%85%B8%EA%B7%B8%EB%9E%A8-%ED%94%84%EB%A6%B0%ED%8A%B8-%EC%81%98%EB%9D%A0-%EC%8B%A4%ED%81%AC-%EC%8A%A4%EC%B9%B4%ED%94%84/MEFDAMM11CO001.html
MXBAAVI08BK001,클라우스 M 비세토스 리버서블 벨트 4.5cm,450000,Black,ACTIVE,나파 가죽 트림,,,,0 x 130 x 5,,,대한민국,리버서블 디자인 | 길이 조절 가능. | 웨이스트 사이즈: 122cm,MXBAAVI03BK001 | MXBAAVI03CO001 | MXBAAVI08CO001,https://images.mcmworldwide.com/i/mcmworldwide/MXBAAVI08BK001_01 | https://images.mcmworldwide.com/i/mcmworldwide/MXBAAVI08BK001_09 | https://images.mcmworldwide.com/i/mcmworldwide/MXBAAVI08BK001_02 | https://images.mcmworldwide.com/i/mcmworldwide/MXBAAVI08BK001_03,,https://kr.mcmworldwide.com/ko_KR/%EC%97%AC%EC%84%B1/%ED%8C%A8%EC%85%98%EC%86%8C%ED%92%88/%EB%AA%A8%EB%91%90%EB%B3%B4%EA%B8%B0/%ED%81%B4%EB%9D%BC%EC%9A%B0%EC%8A%A4-m-%EB%B9%84%EC%84%B8%ED%86%A0%EC%8A%A4-%EB%A6%AC%EB%B2%84%EC%84%9C%EB%B8%94-%EB%B2%A8%ED%8A%B8-4.5cm/MXBAAVI08BK001.html
MXBAAVI03BK001,클라우스 M 비세토스 리버서블 벨트 4.5cm,450000,Black,ACTIVE,나파 가죽 트림,,,24K 금 도금 하드웨어,,,,대한민국,길이 조절 가능. | 웨이스트 사이즈: 122cm,MXBAAVI03CO001 | MXBAAVI08BK001 | MXBAAVI08CO001,https://images.mcmworldwide.com/i/mcmworldwide/MXBAAVI03BK001_01 | https://images.mcmworldwide.com/i/mcmworldwide/MXBAAVI03BK001_09 | https://images.mcmworldwide.com/i/mcmworldwide/MXBAAVI03BK001_02 | https://images.mcmworldwide.com/i/mcmworldwide/MXBAAVI03BK001_03,,https://kr.mcmworldwide.com/ko_KR/sizable-belts-for-how-to-video/%ED%81%B4%EB%9D%BC%EC%9A%B0%EC%8A%A4-m-%EB%B9%84%EC%84%B8%ED%86%A0%EC%8A%A4-%EB%A6%AC%EB%B2%84%EC%84%9C%EB%B8%94-%EB%B2%A8%ED%8A%B8-4.5cm/MXBAAVI03BK001.html
MXBAAVI03CO001,클라우스 M 비세토스 리버서블 벨트 4.5cm,450000,Cognac,ACTIVE,나파 가죽 트림,,,24K 금 도금 하드웨어,0 x 130 x 5,,,대한민국,길이 조절 가능. | 웨이스트 사이즈: 122cm,MXBAAVI03BK001 | MXBAAVI08BK001 | MXBAAVI08CO001,https://images.mcmworldwide.com/i/mcmworldwide/MXBAAVI03CO001_01 | https://images.mcmworldwide.com/i/mcmworldwide/MXBAAVI03CO001_02 | https://images.mcmworldwide.com/i/mcmworldwide/MXBAAVI03CO001_03 | https://images.mcmworldwide.com/i/mcmworldwide/MXBAAVI03CO001_10,,https://kr.mcmworldwide.com/ko_KR/sizable-belts-for-how-to-video/%ED%81%B4%EB%9D%BC%EC%9A%B0%EC%8A%A4-m-%EB%B9%84%EC%84%B8%ED%86%A0%EC%8A%A4-%EB%A6%AC%EB%B2%84%EC%84%9C%EB%B8%94-%EB%B2%A8%ED%8A%B8-4.5cm/MXBAAVI03CO001.html
MXBAAVI08CO001,클라우스 M 비세토스 리버서블 벨트 4.5cm,450000,Black,ACTIVE,나파 가죽 트림,,,,0 x 130 x 5,,,대한민국,리버서블 디자인 | 길이 조절 가능. | 웨이스트 사이즈: 122cm,MXBAAVI03BK001 | MXBAAVI03CO001 | MXBAAVI08BK001,https://images.mcmworldwide.com/i/mcmworldwide/MXBAAVI08CO001_01 | https://images.mcmworldwide.com/i/mcmworldwide/MXBAAVI08CO001_09 | https://images.mcmworldwide.com/i/mcmworldwide/MXBAAVI08CO001_02 | https://images.mcmworldwide.com/i/mcmworldwide/MXBAAVI08CO001_03,,https://kr.mcmworldwide.com/ko_KR/sizable-belts-for-how-to-video/%ED%81%B4%EB%9D%BC%EC%9A%B0%EC%8A%A4-m-%EB%B9%84%EC%84%B8%ED%86%A0%EC%8A%A4-%EB%A6%AC%EB%B2%84%EC%84%9C%EB%B8%94-%EB%B2%A8%ED%8A%B8-4.5cm/MXBAAVI08CO001.html
MXZGATA07BK001,엠보스드 모노그램 레더 에어팟 프로 케이스,310000,Black,ACTIVE,풀 그레인 나파 레더,,,앤티크 실버 톤 메탈 하드웨어,2 x 7 x 6,,,대한민국,바바리안 다이아몬드에서 영감을 받은 스프링 클라스프 잠금장치 | 엠보스드 비세토스 모노그램,,https://images.mcmworldwide.com/i/mcmworldwide/MXZGATA07BK001_01 | https://images.mcmworldwide.com/i/mcmworldwide/MXZGATA07BK001_03 | https://images.mcmworldwide.com/i/mcmworldwide/MXZGATA07BK001_04,,https://kr.mcmworldwide.com/ko_KR/%EC%97%AC%EC%84%B1/%ED%8C%A8%EC%85%98%EC%86%8C%ED%92%88/%EB%AA%A8%EB%91%90%EB%B3%B4%EA%B8%B0/%EC%97%A0%EB%B3%B4%EC%8A%A4%EB%93%9C-%EB%AA%A8%EB%85%B8%EA%B7%B8%EB%9E%A8-%EB%A0%88%EB%8D%94-%EC%97%90%EC%96%B4%ED%8C%9F-%ED%94%84%EB%A1%9C-%EC%BC%80%EC%9D%B4%EC%8A%A4/MXZGATA07BK001.html
MEGGSMM05BK001,스퀘어 선글라스,330000,Black,ACTIVE,,,,,,,,중국,렌즈-브릿지-템플 사이즈: 57-16.5-145 mm | MCM 로고 장식이 더해진 템플 | 바이에른 다이아몬드 메탈 스터드 장식이 더해진 템플 팁 | 렌즈 컬러: 솔리드 스모크 | 프레임 컬러: 샤이니 블랙 | 로고가 새겨진 파우치 케이스 | 아세테이트 프레임,,https://images.mcmworldwide.com/i/mcmworldwide/MEGGSMM05BK001_01 | https://images.mcmworldwide.com/i/mcmworldwide/MEGGSMM05BK001_09 | https://images.mcmworldwide.com/i/mcmworldwide/MEGGSMM05BK001_02 | https://images.mcmworldwide.com/i/mcmworldwide/MEGGSMM05BK001_03 | https://images.mcmworldwide.com/i/mcmworldwide/MEGGSMM05BK001_10,,https://kr.mcmworldwide.com/ko_KR/%EC%97%AC%EC%84%B1/%ED%8C%A8%EC%85%98%EC%86%8C%ED%92%88/%EB%AA%A8%EB%91%90%EB%B3%B4%EA%B8%B0/%EC%8A%A4%ED%80%98%EC%96%B4-%EC%84%A0%EA%B8%80%EB%9D%BC%EC%8A%A4/MEGGSMM05BK001.html
MPFFSMM05CO001,졸리 레빗 오 드 퍼퓸,210000,Cognac,ACTIVE,,,,골드톤 하드웨어,,,,이탈리아,"여성용 향수 | 로고가 새겨진 유리 병과 졸리 레빗 장식 피규어 | 시트러스 플로럴 그린 계열 향 | 탑 노트: 오렌지, 레몬, 레드커런트 | 미들 노트: 생강, 네롤리, 재스민 꽃잎 | 베이스 노트: 암브록스, 과이아크우드, 베티버 | EAN #8800259793225",,https://images.mcmworldwide.com/i/mcmworldwide/MPFFSMM05CO001_01 | https://images.mcmworldwide.com/i/mcmworldwide/MPFFSMM05CO001_02 | https://images.mcmworldwide.com/i/mcmworldwide/MPFFSMM05CO001_03 | https://images.mcmworldwide.com/i/mcmworldwide/MPFFSMM05CO001_04,,https://kr.mcmworldwide.com/ko_KR/%EC%97%AC%EC%84%B1/%ED%8C%A8%EC%85%98%EC%86%8C%ED%92%88/%EB%AA%A8%EB%91%90%EB%B3%B4%EA%B8%B0/%EC%A1%B8%EB%A6%AC-%EB%A0%88%EB%B9%97-%EC%98%A4-%EB%93%9C-%ED%8D%BC%ED%93%B8/MPFFSMM05CO001.html
MPFFSMM07CO001,차밍 펍 오 드 퍼퓸,210000,Cognac,ACTIVE,,,,골드톤 하드웨어,,,,이탈리아,"여성용 향수 | 로고가 새겨진 유리 병과 차밍 펍 장식 피규어 | 플로럴 우디 오리스 계열 향 | 탑 노트: 베르가못, 레몬, 오렌지 | 미들 노트: 장미, 오리스, 캐롯 시드 | 베이스 노트: 시더우드, 통카 빈, 베티버 | EAN #8800259793270",,https://images.mcmworldwide.com/i/mcmworldwide/MPFFSMM07CO001_01 | https://images.mcmworldwide.com/i/mcmworldwide/MPFFSMM07CO001_02 | https://images.mcmworldwide.com/i/mcmworldwide/MPFFSMM07CO001_03 | https://images.mcmworldwide.com/i/mcmworldwide/MPFFSMM07CO001_04,,https://kr.mcmworldwide.com/ko_KR/%EC%97%AC%EC%84%B1/%ED%8C%A8%EC%85%98%EC%86%8C%ED%92%88/%EB%AA%A8%EB%91%90%EB%B3%B4%EA%B8%B0/%EC%B0%A8%EB%B0%8D-%ED%8E%8D-%EC%98%A4-%EB%93%9C-%ED%8D%BC%ED%93%B8/MPFFSMM07CO001.html
MPFFSMM06CO001,달링 독시 오 드 퍼퓸,210000,Cognac,ACTIVE,,,,골드톤 하드웨어,,,,이탈리아,"여성용 향수 | 로고가 새겨진 유리 병과 달링 독시 장식 피규어 | 우디 스파이시 플로럴 계열 향 | 탑 노트: 핑크 페퍼, 너트맥, 레몬 | 미들 노트: 캐모마일, 일랑일랑, 스타이락스 | 베이스 노트: 시더우드, 샌달우드, 베티버 | EAN #8800259793232",,https://images.mcmworldwide.com/i/mcmworldwide/MPFFSMM06CO001_01 | https://images.mcmworldwide.com/i/mcmworldwide/MPFFSMM06CO001_02 | https://images.mcmworldwide.com/i/mcmworldwide/MPFFSMM06CO001_03 | https://images.mcmworldwide.com/i/mcmworldwide/MPFFSMM06CO001_04,,https://kr.mcmworldwide.com/ko_KR/%EC%97%AC%EC%84%B1/%ED%8C%A8%EC%85%98%EC%86%8C%ED%92%88/%EB%AA%A8%EB%91%90%EB%B3%B4%EA%B8%B0/%EB%8B%AC%EB%A7%81-%EB%8F%85%EC%8B%9C-%EC%98%A4-%EB%93%9C-%ED%8D%BC%ED%93%B8/MPFFSMM06CO001.html
MPFBSMM02CO001,MCM 오 드 퍼퓸,118000,Cognac,ACTIVE,,,,,,,,프랑스,"지속 가능한 방식으로 공급된 원료 | 탑 노트: 라즈베리, 애프리콧 | 미들 노트: 손수 채취한 재스민, 화이트 피오니, 바이올렛 리프 | 베이스 노트: 화이트 모스, 바닐라, 샌달우드, 쉬어 앰브록스 | EAN #8809675936575",,https://images.mcmworldwide.com/i/mcmworldwide/MPFBSMM02CO001_01 | https://images.mcmworldwide.com/i/mcmworldwide/MPFBSMM02CO001_02 | https://images.mcmworldwide.com/i/mcmworldwide/MPFBSMM02CO001_03,,https://kr.mcmworldwide.com/ko_KR/%EC%97%AC%EC%84%B1/%ED%8C%A8%EC%85%98%EC%86%8C%ED%92%88/%EB%AA%A8%EB%91%90%EB%B3%B4%EA%B8%B0/mcm-%EC%98%A4-%EB%93%9C-%ED%8D%BC%ED%93%B8/MPFBSMM02CO001.html
MXZGATA14BK001,Pina 카프스킨 체인 스트랩이 더해진 에어팟 프로 케이스,830000,Black,ACTIVE,100% 카프스킨,나파 가죽,패브릭,로고 브라스 플레이트 | 24K 골드 도금 브라스 하드웨어,3 x 11 x 8,60cm,,대한민국,탈부착이 가능한 가죽 스트랩 | 탈부착 가능한 체인 핸들 스트랩 | 에어팟 프로에 맞는 사이즈 | 뒷면의 레더 루프 | 스냅 클로저,,https://images.mcmworldwide.com/i/mcmworldwide/MXZGATA14BK001_01 | https://images.mcmworldwide.com/i/mcmworldwide/MXZGATA14BK001_02 | https://images.mcmworldwide.com/i/mcmworldwide/MXZGATA14BK001_03 | https://images.mcmworldwide.com/i/mcmworldwide/MXZGATA14BK001_04,,https://kr.mcmworldwide.com/ko_KR/%EC%97%AC%EC%84%B1/%ED%8C%A8%EC%85%98%EC%86%8C%ED%92%88/%EB%AA%A8%EB%91%90%EB%B3%B4%EA%B8%B0/pina-%EC%B9%B4%ED%94%84%EC%8A%A4%ED%82%A8-%EC%B2%B4%EC%9D%B8-%EC%8A%A4%ED%8A%B8%EB%9E%A9%EC%9D%B4-%EB%8D%94%ED%95%B4%EC%A7%84-%EC%97%90%EC%96%B4%ED%8C%9F-%ED%94%84%EB%A1%9C-%EC%BC%80%EC%9D%B4%EC%8A%A4/MXZGATA14BK001.html
MPFEAMM05BK001,Diamond 오 드 퍼퓸,148000,Black,ACTIVE,,,,골드 톤 금속 장식 스타크 백팩 보틀,,,,이탈리아,"유니섹스 향수 | 탑 노트: 카푸치노, 이탈리아산 베르가못, 주니퍼 | 미들 노트: 라벤더 프로방스, 자두, 헬리오트로프 | 베이스 노트: 산토우드 퍼베스트, 브라질산 통카, 호주산 샌들우드 | 조향사: Frank Voelkl, Firmenich | EAN #8809935617329",,https://images.mcmworldwide.com/i/mcmworldwide/MPFEAMM05BK001_01 | https://images.mcmworldwide.com/i/mcmworldwide/MPFEAMM05BK001_02 | https://images.mcmworldwide.com/i/mcmworldwide/MPFEAMM05BK001_03,,https://kr.mcmworldwide.com/ko_KR/%EC%97%AC%EC%84%B1/%ED%8C%A8%EC%85%98%EC%86%8C%ED%92%88/%EB%AA%A8%EB%91%90%EB%B3%B4%EA%B8%B0/diamond-%EC%98%A4-%EB%93%9C-%ED%8D%BC%ED%93%B8/MPFEAMM05BK001.html
MECGSMM01BW001,M&uuml;nchen 폰테 캡,430000,Black,ACTIVE,,,,바바리안 다이아몬드 장식의 메탈 버클 하드웨어,,,,대한민국,"둘레 58cm | “München MCM” 자수 디테일과 핫피스 장식 | 메시 소재의 백 패널 | 뒷면 조절이 가능한 스트랩 | 폴리에스테르 51%, 코튼 43%, 스판덱스 6%",,https://images.mcmworldwide.com/i/mcmworldwide/MECGSMM01BW001_01 | https://images.mcmworldwide.com/i/mcmworldwide/MECGSMM01BW001_09 | https://images.mcmworldwide.com/i/mcmworldwide/MECGSMM01BW001_04 | https://images.mcmworldwide.com/i/mcmworldwide/MECGSMM01BW001_05 | https://images.mcmworldwide.com/i/mcmworldwide/MECGSMM01BW001_06 | https://images.mcmworldwide.com/i/mcmworldwide/MECGSMM01BW001_10 | https://images.mcmworldwide.com/i/mcmworldwide/MECGSMM01BW001_11 | https://images.mcmworldwide.com/i/mcmworldwide/MECGSMM01BW001_12,,https://kr.mcmworldwide.com/ko_KR/%EC%97%AC%EC%84%B1/%ED%8C%A8%EC%85%98%EC%86%8C%ED%92%88/%EB%AA%A8%EB%91%90%EB%B3%B4%EA%B8%B0/m%C3%BCnchen-%ED%8F%B0%ED%85%8C-%EC%BA%A1/MECGSMM01BW001.html
MEGGSMM01SV001,Mars Mask 선글라스,710000,Silver,ACTIVE,,,,,,,,중국,렌즈-템플 사이즈: 150-135 mm | 에나멜 MCM 로고 모티프가 더해진 메탈 템플 | 투명한 오팔 그레이 컬러의 템플 팁 | 렌즈를 장식하는 바이에른 다이아몬드 메탈 스터드와 메탈 스포일러 디테일 | 렌즈 컬러: 스모크 그라데이션의 실버 컬러 미러 코팅 | 로고 패턴이 더해진 메탈 스포일러 디테일 | 여행용 태그를 연상시키는 행택 제공 | 특별 케이스 제공 | 메탈 프레임,,https://images.mcmworldwide.com/i/mcmworldwide/MEGGSMM01SV001_01 | https://images.mcmworldwide.com/i/mcmworldwide/MEGGSMM01SV001_09 | https://images.mcmworldwide.com/i/mcmworldwide/MEGGSMM01SV001_02 | https://images.mcmworldwide.com/i/mcmworldwide/MEGGSMM01SV001_03 | https://images.mcmworldwide.com/i/mcmworldwide/MEGGSMM01SV001_04 | https://images.mcmworldwide.com/i/mcmworldwide/MEGGSMM01SV001_05 | https://images.mcmworldwide.com/i/mcmworldwide/MEGGSMM01SV001_10 | https://images.mcmworldwide.com/i/mcmworldwide/MEGGSMM01SV001_11,,https://kr.mcmworldwide.com/ko_KR/%EC%97%AC%EC%84%B1/%ED%8C%A8%EC%85%98%EC%86%8C%ED%92%88/%EB%AA%A8%EB%91%90%EB%B3%B4%EA%B8%B0/mars-mask-%EC%84%A0%EA%B8%80%EB%9D%BC%EC%8A%A4/MEGGSMM01SV001.html
MYZFSTA04BK001,Aren 모노그램 웨빙 숄더 스트랩,330000,Black,ACTIVE,폴리에스터 패브릭 웨빙,천연 나파 가죽,,앤티크 실버 톤 메탈 하드웨어,0 x 94 x 5,,,대한민국,비세토스 모노그램 모티브 | 스프링 잠금 걸쇠,,https://images.mcmworldwide.com/i/mcmworldwide/MYZFSTA04BK001_01 | https://images.mcmworldwide.com/i/mcmworldwide/MYZFSTA04BK001_04,,https://kr.mcmworldwide.com/ko_KR/%EC%97%AC%EC%84%B1/%ED%8C%A8%EC%85%98%EC%86%8C%ED%92%88/%EB%AA%A8%EB%91%90%EB%B3%B4%EA%B8%B0/aren-%EB%AA%A8%EB%85%B8%EA%B7%B8%EB%9E%A8-%EC%9B%A8%EB%B9%99-%EC%88%84%EB%8D%94-%EC%8A%A4%ED%8A%B8%EB%9E%A9/MYZFSTA04BK001.html
MXEGSTA01BK001,MCM X CASETiFY 로고 미러 iPhone 17 Pro 케이스,239000,Black,ACTIVE,,,,,8 x 16 x 2,,,중국,iPhone 17 Pro 에 맞는 사이즈 | 낙하보호: 1.5m | 미러 마감의 라우렐 로고 모티프 | CASETiFY의 Duo-Lock 설계로 내구성을 높임 | 보호 기능을 강화한 돌출형 베젤 및 카메라 링 | MagSafe 지원 | 내장형 카메라 제어 버튼 | 군사 등급 표준 보호 (MIL-STD-810G) | 미러 마감 처리,MXEGSTA03CO001,https://images.mcmworldwide.com/i/mcmworldwide/MXEGSTA01BK001_01 | https://images.mcmworldwide.com/i/mcmworldwide/MXEGSTA01BK001_02 | https://images.mcmworldwide.com/i/mcmworldwide/MXEGSTA01BK001_03 | https://images.mcmworldwide.com/i/mcmworldwide/MXEGSTA01BK001_04,,https://kr.mcmworldwide.com/ko_KR/%EC%97%AC%EC%84%B1/%ED%8C%A8%EC%85%98%EC%86%8C%ED%92%88/%EB%AA%A8%EB%91%90%EB%B3%B4%EA%B8%B0/mcm-x-casetify-%EB%A1%9C%EA%B3%A0-%EB%AF%B8%EB%9F%AC-iphone-17-pro-%EC%BC%80%EC%9D%B4%EC%8A%A4/MXEGSTA01BK001.html
MXEGSTA03CO001,MCM X CASETiFY 로고 iPhone 17 Pro 케이스,239000,Cognac,ACTIVE,,,,,8 x 16 x 2,,,중국,iPhone 17 Pro 에 맞는 사이즈 | 낙하보호: 2.5m | 라우렐 로고 모티프 | CASETiFY의 Duo-Lock 설계로 내구성을 높임 | 보호 기능을 강화한 돌출형 베젤 및 카메라 링 | MagSafe 지원 | 내장형 카메라 제어 버튼 | 군사 표준 규격(MIL-STD-810G)이 요구하는 수준보다 4배 더 강화된 내구성 | 고급 충격 흡수 기능의 EcoShock™ 소재,MXEGSTA01BK001,https://images.mcmworldwide.com/i/mcmworldwide/MXEGSTA03CO001_01 | https://images.mcmworldwide.com/i/mcmworldwide/MXEGSTA03CO001_02 | https://images.mcmworldwide.com/i/mcmworldwide/MXEGSTA03CO001_03 | https://images.mcmworldwide.com/i/mcmworldwide/MXEGSTA03CO001_04,,https://kr.mcmworldwide.com/ko_KR/%EB%9D%BC%EC%9D%B4%ED%94%84%EC%8A%A4%ED%83%80%EC%9D%BC/%ED%85%8C%ED%81%AC-%EC%95%A1%EC%84%B8%EC%84%9C%EB%A6%AC/mcm-x-casetify-%EB%A1%9C%EA%B3%A0-iphone-17-pro-%EC%BC%80%EC%9D%B4%EC%8A%A4/MXEGSTA03CO001.html
MYBGATA03BK080,Aren 스터드 가죽 벨트,830000,Black,ACTIVE,그레인 레더,나파 가죽,,24K 금 도금 브라스 메탈 버클,,,,대한민국,금속 로고 스터드 장식,,https://images.mcmworldwide.com/i/mcmworldwide/MYBGATA03BK080_01 | https://images.mcmworldwide.com/i/mcmworldwide/MYBGATA03BK080_09 | https://images.mcmworldwide.com/i/mcmworldwide/MYBGATA03BK080_02 | https://images.mcmworldwide.com/i/mcmworldwide/MYBGATA03BK080_03 | https://images.mcmworldwide.com/i/mcmworldwide/MYBGATA03BK080_10,,https://kr.mcmworldwide.com/ko_KR/%EC%97%AC%EC%84%B1/%ED%8C%A8%EC%85%98%EC%86%8C%ED%92%88/%EB%AA%A8%EB%91%90%EB%B3%B4%EA%B8%B0/aren-%EC%8A%A4%ED%84%B0%EB%93%9C-%EA%B0%80%EC%A3%BD-%EB%B2%A8%ED%8A%B8/MYBGATA03BK080.html
MXZGSTT03BK001,38-41mm 엠보스드 모노그램 레더 Apple Watch 밴드,310000,Black,ACTIVE,천연 풀 그레인 레더,,,앤틱크 실버톤 코발트 메탈 MCM 버클과 하드웨어,0 x 2 x 9,,,대한민국,"Apple Watch®는 별도 판매됩니다. | Apple Watch® SE, Series 10 및 9 호환 가능 | 스트랩 길이: 115 mm",,https://images.mcmworldwide.com/i/mcmworldwide/MXZGSTT03BK001_01 | https://images.mcmworldwide.com/i/mcmworldwide/MXZGSTT03BK001_02 | https://images.mcmworldwide.com/i/mcmworldwide/MXZGSTT03BK001_03,,https://kr.mcmworldwide.com/ko_KR/%EC%97%AC%EC%84%B1/%ED%8C%A8%EC%85%98%EC%86%8C%ED%92%88/%EB%AA%A8%EB%91%90%EB%B3%B4%EA%B8%B0/38-41mm--%EC%97%A0%EB%B3%B4%EC%8A%A4%EB%93%9C-%EB%AA%A8%EB%85%B8%EA%B7%B8%EB%9E%A8-%EB%A0%88%EB%8D%94-apple-watch-%EB%B0%B4%EB%93%9C/MXZGSTT03BK001.html
MXZGSTA13BW001,Aren 비세토스 태권도 레빗 참,410000,Black,ACTIVE,비세토스 모노그램 캔버스,천연 가죽,,24K 골드 도금 브라스 하드웨어,,,21cm,대한민국,가죽 스트랩 | 로고 각인 키링 | 미니 가죽 벨트가 더해진 태권도 유니폼 모티프 | 페이크 퍼 꼬리,,https://images.mcmworldwide.com/i/mcmworldwide/MXZGSTA13BW001_01 | https://images.mcmworldwide.com/i/mcmworldwide/MXZGSTA13BW001_09 | https://images.mcmworldwide.com/i/mcmworldwide/MXZGSTA13BW001_04,,https://kr.mcmworldwide.com/ko_KR/%EC%97%AC%EC%84%B1/%ED%8C%A8%EC%85%98%EC%86%8C%ED%92%88/%EB%AA%A8%EB%91%90%EB%B3%B4%EA%B8%B0/aren-%EB%B9%84%EC%84%B8%ED%86%A0%EC%8A%A4-%ED%83%9C%EA%B6%8C%EB%8F%84-%EB%A0%88%EB%B9%97-%EC%B0%B8/MXZGSTA13BW001.html
MEFDAMM11PZ001,모노그램 프린트 쁘띠 스카프,175000,Pink,ACTIVE,100% 오가닉 실크,,,,8 x 120 x 0,,,이탈리아,정교한 핸드 스티치로 완성 | 리버서블 디자인 | 뒷면:MCM로고와 스트라이프 프린트 | 앞면: 비세토스 모노그램 프린트가 더해진 재생 나일론,,https://images.mcmworldwide.com/i/mcmworldwide/MEFDAMM11PZ001_01 | https://images.mcmworldwide.com/i/mcmworldwide/MEFDAMM11PZ001_09 | https://images.mcmworldwide.com/i/mcmworldwide/MEFDAMM11PZ001_04 | https://images.mcmworldwide.com/i/mcmworldwide/MEFDAMM11PZ001_05 | https://images.mcmworldwide.com/i/mcmworldwide/MEFDAMM11PZ001_10,,https://kr.mcmworldwide.com/ko_KR/%EC%97%AC%EC%84%B1/%ED%8C%A8%EC%85%98%EC%86%8C%ED%92%88/%EB%AA%A8%EB%91%90%EB%B3%B4%EA%B8%B0/%EB%AA%A8%EB%85%B8%EA%B7%B8%EB%9E%A8-%ED%94%84%EB%A6%B0%ED%8A%B8-%EC%81%98%EB%9D%A0-%EC%8A%A4%EC%B9%B4%ED%94%84/MEFDAMM11PZ001.html
MXZGSTA15PK001,Aren 인조 퍼 비세토스 마스도그 참,410000,Pink,ACTIVE,페이크 퍼,비세토스 모노그램 캔버스,,24K 골드 도금 브라스 하드웨어,10 x 17 x 17,21cm,,대한민국,가죽 스트랩 | 로고 각인 키링,,https://images.mcmworldwide.com/i/mcmworldwide/MXZGSTA15PK001_01 | https://images.mcmworldwide.com/i/mcmworldwide/MXZGSTA15PK001_09 | https://images.mcmworldwide.com/i/mcmworldwide/MXZGSTA15PK001_04,,https://kr.mcmworldwide.com/ko_KR/%EC%97%AC%EC%84%B1/%ED%8C%A8%EC%85%98%EC%86%8C%ED%92%88/%EB%AA%A8%EB%91%90%EB%B3%B4%EA%B8%B0/aren-%EC%9D%B8%EC%A1%B0-%ED%8D%BC-%EB%B9%84%EC%84%B8%ED%86%A0%EC%8A%A4-%EB%A7%88%EC%8A%A4%EB%8F%84%EA%B7%B8-%EC%B0%B8/MXZGSTA15PK001.html
MXZGSTA17PZ001,Aren 비세토스 래빗 2D 참,270000,Pink,ACTIVE,비세토스 모노그램 캔버스,천연 가죽,,18K 골드 도금 메탈 하드웨어,,,,대한민국,MCM 래빗 모티프 | 로고 각인 메탈 스프링 클라스프,,https://images.mcmworldwide.com/i/mcmworldwide/MXZGSTA17PZ001_01 | https://images.mcmworldwide.com/i/mcmworldwide/MXZGSTA17PZ001_09 | https://images.mcmworldwide.com/i/mcmworldwide/MXZGSTA17PZ001_04,,https://kr.mcmworldwide.com/ko_KR/%EC%97%AC%EC%84%B1/%ED%8C%A8%EC%85%98%EC%86%8C%ED%92%88/%EB%AA%A8%EB%91%90%EB%B3%B4%EA%B8%B0/aren-%EB%B9%84%EC%84%B8%ED%86%A0%EC%8A%A4-%EB%9E%98%EB%B9%97-2d-%EC%B0%B8/MXZGSTA17PZ001.html
MEFGSMM02L8001,그라데이션 모노그램 스카프,430000,Blue,ACTIVE,,,,,90 x 90 x 0,,,이탈리아,그라데이션 비세토스 모노그램 모티프 | 100% Organic Silk,,https://images.mcmworldwide.com/i/mcmworldwide/MEFGSMM02L8001_01 | https://images.mcmworldwide.com/i/mcmworldwide/MEFGSMM02L8001_09 | https://images.mcmworldwide.com/i/mcmworldwide/MEFGSMM02L8001_03 | https://images.mcmworldwide.com/i/mcmworldwide/MEFGSMM02L8001_04 | https://images.mcmworldwide.com/i/mcmworldwide/MEFGSMM02L8001_10 | https://images.mcmworldwide.com/i/mcmworldwide/MEFGSMM02L8001_11 | https://images.mcmworldwide.com/i/mcmworldwide/MEFGSMM02L8001_12 | https://images.mcmworldwide.com/i/mcmworldwide/MEFGSMM02L8001_13,,https://kr.mcmworldwide.com/ko_KR/%EC%97%AC%EC%84%B1/%ED%8C%A8%EC%85%98%EC%86%8C%ED%92%88/%EB%AA%A8%EB%91%90%EB%B3%B4%EA%B8%B0/%EA%B7%B8%EB%9D%BC%EB%8D%B0%EC%9D%B4%EC%85%98-%EB%AA%A8%EB%85%B8%EA%B7%B8%EB%9E%A8-%EC%8A%A4%EC%B9%B4%ED%94%84/MEFGSMM02L8001.html
MEFGSMM03L8001,리버서블 모노그램 프린트 쁘띠 스카프,175000,Blue,ACTIVE,100% 오가닉 실크,,,,5 x 120 x 0,,,이탈리아,손 바느질 | 리버서블 디자인 | 앞면: 그라데이션 비세토스 모노그램 | 뒷면: 비세토스 모노그램,,https://images.mcmworldwide.com/i/mcmworldwide/MEFGSMM03L8001_01 | https://images.mcmworldwide.com/i/mcmworldwide/MEFGSMM03L8001_09 | https://images.mcmworldwide.com/i/mcmworldwide/MEFGSMM03L8001_04 | https://images.mcmworldwide.com/i/mcmworldwide/MEFGSMM03L8001_05 | https://images.mcmworldwide.com/i/mcmworldwide/MEFGSMM03L8001_10 | https://images.mcmworldwide.com/i/mcmworldwide/MEFGSMM03L8001_11 | https://images.mcmworldwide.com/i/mcmworldwide/MEFGSMM03L8001_12,,https://kr.mcmworldwide.com/ko_KR/%EC%97%AC%EC%84%B1/%ED%8C%A8%EC%85%98%EC%86%8C%ED%92%88/%EB%AA%A8%EB%91%90%EB%B3%B4%EA%B8%B0/%EB%A6%AC%EB%B2%84%EC%84%9C%EB%B8%94-%EB%AA%A8%EB%85%B8%EA%B7%B8%EB%9E%A8-%ED%94%84%EB%A6%B0%ED%8A%B8-%EC%81%98%EB%9D%A0-%EC%8A%A4%EC%B9%B4%ED%94%84/MEFGSMM03L8001.html
MXZFATA09MT001,Aren 모노그램 리사이클 나일론 유성 참,450000,Multi,ACTIVE,이탈리안 재활용 나일론,송아지 가죽,,24K 골드 도금 메탈 하드웨어,4 x 13 x 7,,21cm,대한민국,가죽 스트랩 | 스프링 잠금장치 | 비세토스 모노그램 프린트 | 다이아몬드 로고 장식 | 메탈 스터드 장식,,https://images.mcmworldwide.com/i/mcmworldwide/MXZFATA09MT001_01 | https://images.mcmworldwide.com/i/mcmworldwide/MXZFATA09MT001_09 | https://images.mcmworldwide.com/i/mcmworldwide/MXZFATA09MT001_04,,https://kr.mcmworldwide.com/ko_KR/%EC%97%AC%EC%84%B1/%ED%8C%A8%EC%85%98%EC%86%8C%ED%92%88/%EB%AA%A8%EB%91%90%EB%B3%B4%EA%B8%B0/aren-%EB%AA%A8%EB%85%B8%EA%B7%B8%EB%9E%A8-%EB%A6%AC%EC%82%AC%EC%9D%B4%ED%81%B4-%EB%82%98%EC%9D%BC%EB%A1%A0-%EC%9C%A0%EC%84%B1-%EC%B0%B8/MXZFATA09MT001.html
MEGGSMM02SV001,지오메트릭 쉴드 선글라스,390000,Silver,ACTIVE,,,,,,,,중국,렌즈-브릿지-템플 사이즈: 142-17.5-145 mm | MCM 로고 모티프가 더해진 메탈 템플 | 바이에른 다이아몬드 메탈 스터드 장식이 더해진 프레임과 템플 팁 | 렌즈 컬러: 실버 컬러 미러 코팅 비세토스 모노그램이 더해진 솔리드 스모크 | 로고가 새겨진 파우치 케이스 | 아세테이트 프레임,,https://images.mcmworldwide.com/i/mcmworldwide/MEGGSMM02SV001_01 | https://images.mcmworldwide.com/i/mcmworldwide/MEGGSMM02SV001_09 | https://images.mcmworldwide.com/i/mcmworldwide/MEGGSMM02SV001_02 | https://images.mcmworldwide.com/i/mcmworldwide/MEGGSMM02SV001_03 | https://images.mcmworldwide.com/i/mcmworldwide/MEGGSMM02SV001_10,,https://kr.mcmworldwide.com/ko_KR/%EC%97%AC%EC%84%B1/%ED%8C%A8%EC%85%98%EC%86%8C%ED%92%88/%EB%AA%A8%EB%91%90%EB%B3%B4%EA%B8%B0/%EC%A7%80%EC%98%A4%EB%A9%94%ED%8A%B8%EB%A6%AD-%EC%89%B4%EB%93%9C-%EC%84%A0%EA%B8%80%EB%9D%BC%EC%8A%A4/MEGGSMM02SV001.html
MYZGSTA06BK001,Aren 코튼 비세토스 숄더 스트랩,330000,Black,ACTIVE,비세토스 모노그램 캔버스,코튼과 천연가죽,,실버톤 코발트 브라스 하드웨어,,,,대한민국,스프링 잠금장치 | 체인 링크 장식,,https://images.mcmworldwide.com/i/mcmworldwide/MYZGSTA06BK001_01 | https://images.mcmworldwide.com/i/mcmworldwide/MYZGSTA06BK001_02,,https://kr.mcmworldwide.com/ko_KR/%EC%97%AC%EC%84%B1/%ED%8C%A8%EC%85%98%EC%86%8C%ED%92%88/%EB%AA%A8%EB%91%90%EB%B3%B4%EA%B8%B0/aren-%EC%BD%94%ED%8A%BC-%EB%B9%84%EC%84%B8%ED%86%A0%EC%8A%A4-%EC%88%84%EB%8D%94-%EC%8A%A4%ED%8A%B8%EB%9E%A9/MYZGSTA06BK001.html
MXZFATT09CO001,비세토스 Apple Watch 밴드,290000,Cognac,ACTIVE,비세토스 모노그램 캔버스,,,24K 골드 도금 브라스 메탈 버클 하드웨어,0 x 2 x 9,,,대한민국,"Apple Watch®는 별도 판매됩니다. | Apple Watch® 10, 9 시리즈에 사용 할 수 있습니다. | 스트랩 안쪽과 트림: 천연 나파 가죽 | 스트랩 길이: 125 mm",,https://images.mcmworldwide.com/i/mcmworldwide/MXZFATT09CO001_01 | https://images.mcmworldwide.com/i/mcmworldwide/MXZFATT09CO001_02 | https://images.mcmworldwide.com/i/mcmworldwide/MXZFATT09CO001_03,,https://kr.mcmworldwide.com/ko_KR/%EC%97%AC%EC%84%B1/%ED%8C%A8%EC%85%98%EC%86%8C%ED%92%88/%EB%AA%A8%EB%91%90%EB%B3%B4%EA%B8%B0/%EB%B9%84%EC%84%B8%ED%86%A0%EC%8A%A4-apple-watch-%EB%B0%B4%EB%93%9C-/MXZFATT09CO001.html
MXZGSTT07BK001,비세토스 Apple Watch 밴드,290000,Black,ACTIVE,비세토스 모노그램 캔버스,,,앤틱크 실버톤 코발트 메탈 MCM 버클과 하드웨어,0 x 2 x 9,,,대한민국,"Apple Watch®는 별도 판매됩니다. | Apple Watch® SE, 10, 9 시리즈에 사용 할 수 있습니다. | 스트랩 안쪽과 트림: 천연 나파 가죽 | 스트랩 길이: 115 mm",MXZFATT04K8001,https://images.mcmworldwide.com/i/mcmworldwide/MXZGSTT07BK001_01 | https://images.mcmworldwide.com/i/mcmworldwide/MXZGSTT07BK001_02 | https://images.mcmworldwide.com/i/mcmworldwide/MXZGSTT07BK001_03,,https://kr.mcmworldwide.com/ko_KR/%EC%97%AC%EC%84%B1/%ED%8C%A8%EC%85%98%EC%86%8C%ED%92%88/%EB%AA%A8%EB%91%90%EB%B3%B4%EA%B8%B0/%EB%B9%84%EC%84%B8%ED%86%A0%EC%8A%A4-apple-watch-%EB%B0%B4%EB%93%9C-/MXZGSTT07BK001.html
MXZFATT04K8001,38-41mm 비세토스 Apple Watch 밴드,290000,Green,ACTIVE,비세토스 모노그램 캔버스,,,앤틱크 실버톤 코발트 메탈 MCM 버클과 하드웨어,0 x 2 x 10,,,대한민국,"Apple Watch®는 별도 판매됩니다. | Apple Watch® SE, 10, 9 시리즈에 사용 할 수 있습니다. | 스트랩 안쪽과 트림: 천연 나파 가죽 | 스트랩 길이: 115 mm",MXZGSTT07BK001,https://images.mcmworldwide.com/i/mcmworldwide/MXZFATT04K8001_01 | https://images.mcmworldwide.com/i/mcmworldwide/MXZFATT04K8001_02 | https://images.mcmworldwide.com/i/mcmworldwide/MXZFATT04K8001_03,,https://kr.mcmworldwide.com/ko_KR/%EB%9D%BC%EC%9D%B4%ED%94%84%EC%8A%A4%ED%83%80%EC%9D%BC/%ED%85%8C%ED%81%AC-%EC%95%A1%EC%84%B8%EC%84%9C%EB%A6%AC/38-41mm-%EB%B9%84%EC%84%B8%ED%86%A0%EC%8A%A4-apple-watch-%EB%B0%B4%EB%93%9C/MXZFATT04K8001.html
MXEGSTA05BK001,MCM X CASETiFY 모노그램 iPhone 17 Pro 케이스,239000,Black,ACTIVE,,,,,8 x 16 x 2,,,중국,iPhone 17 Pro 에 맞는 사이즈 | 낙하보호: 2.5m | 비세토스 모노그램 모티프 | CASETiFY의 Duo-Lock 설계로 내구성을 높임 | 보호 기능을 강화한 돌출형 베젤 및 카메라 링 | MagSafe 지원 | 내장형 카메라 제어 버튼 | 군사 표준 규격(MIL-STD-810G)이 요구하는 수준보다 4배 더 강화된 내구성 | 고급 충격 흡수 기능의 EcoShock™ 소재,MXEGSTA07PK001 | MXEGSTA15CO001,https://images.mcmworldwide.com/i/mcmworldwide/MXEGSTA05BK001_01 | https://images.mcmworldwide.com/i/mcmworldwide/MXEGSTA05BK001_02 | https://images.mcmworldwide.com/i/mcmworldwide/MXEGSTA05BK001_03 | https://images.mcmworldwide.com/i/mcmworldwide/MXEGSTA05BK001_04,,https://kr.mcmworldwide.com/ko_KR/%EC%97%AC%EC%84%B1/%ED%8C%A8%EC%85%98%EC%86%8C%ED%92%88/%EB%AA%A8%EB%91%90%EB%B3%B4%EA%B8%B0/mcm-x-casetify-%EB%AA%A8%EB%85%B8%EA%B7%B8%EB%9E%A8-iphone-17-pro-%EC%BC%80%EC%9D%B4%EC%8A%A4/MXEGSTA05BK001.html
MXEGSTA07PK001,MCM X CASETiFY 모노그램 iPhone 17 Pro 케이스,239000,Pink,ACTIVE,,,,,8 x 16 x 2,,,중국,iPhone 17 Pro 에 맞는 사이즈 | 낙하보호: 2.5m | 비세토스 모노그램 모티프 | CASETiFY의 Duo-Lock 설계로 내구성을 높임 | 보호 기능을 강화한 돌출형 베젤 및 카메라 링 | MagSafe 지원 | 내장형 카메라 제어 버튼 | 군사 표준 규격(MIL-STD-810G)이 요구하는 수준보다 4배 더 강화된 내구성 | 고급 충격 흡수 기능의 EcoShock™ 소재,MXEGSTA05BK001 | MXEGSTA15CO001,https://images.mcmworldwide.com/i/mcmworldwide/MXEGSTA07PK001_01 | https://images.mcmworldwide.com/i/mcmworldwide/MXEGSTA07PK001_02 | https://images.mcmworldwide.com/i/mcmworldwide/MXEGSTA07PK001_03 | https://images.mcmworldwide.com/i/mcmworldwide/MXEGSTA07PK001_04,,https://kr.mcmworldwide.com/ko_KR/%EB%9D%BC%EC%9D%B4%ED%94%84%EC%8A%A4%ED%83%80%EC%9D%BC/%ED%85%8C%ED%81%AC-%EC%95%A1%EC%84%B8%EC%84%9C%EB%A6%AC/mcm-x-casetify-%EB%AA%A8%EB%85%B8%EA%B7%B8%EB%9E%A8-iphone-17-pro-%EC%BC%80%EC%9D%B4%EC%8A%A4/MXEGSTA07PK001.html
MXEGSTA15CO001,MCM X CASETiFY 모노그램 iPhone 17 Pro 케이스,239000,Cognac,ACTIVE,,,,,8 x 17 x 2,,,중국,iPhone 17 Pro 에 맞는 사이즈 | 낙하보호: 2.5m | 비세토스 모노그램 모티프 | CASETiFY의 Duo-Lock 설계로 내구성을 높임 | 보호 기능을 강화한 돌출형 베젤 및 카메라 링 | MagSafe 지원 | 내장형 카메라 제어 버튼 | 군사 표준 규격(MIL-STD-810G)이 요구하는 수준보다 4배 더 강화된 내구성 | 고급 충격 흡수 기능의 EcoShock™ 소재,MXEGSTA05BK001 | MXEGSTA07PK001,https://images.mcmworldwide.com/i/mcmworldwide/MXEGSTA15CO001_01 | https://images.mcmworldwide.com/i/mcmworldwide/MXEGSTA15CO001_02 | https://images.mcmworldwide.com/i/mcmworldwide/MXEGSTA15CO001_03 | https://images.mcmworldwide.com/i/mcmworldwide/MXEGSTA15CO001_04,,https://kr.mcmworldwide.com/ko_KR/%EB%9D%BC%EC%9D%B4%ED%94%84%EC%8A%A4%ED%83%80%EC%9D%BC/%ED%85%8C%ED%81%AC-%EC%95%A1%EC%84%B8%EC%84%9C%EB%A6%AC/mcm-x-casetify-%EB%AA%A8%EB%85%B8%EA%B7%B8%EB%9E%A8-iphone-17-pro-%EC%BC%80%EC%9D%B4%EC%8A%A4/MXEGSTA15CO001.html
MPFEAMM07BK001,Diamond 오 드 퍼퓸,101000,Black,ACTIVE,,,,골드 톤 금속 장식 스타크 백팩 보틀,,,,이탈리아,"유니섹스 향수 | 탑 노트: 카푸치노, 이탈리아산 베르가못, 주니퍼 | 미들 노트: 라벤더 프로방스, 자두, 헬리오트로프 | 베이스 노트: 산토우드 퍼베스트, 브라질산 통카, 호주산 샌들우드 | 조향사: Frank Voelkl, Firmenich | EAN #8809935617343",,https://images.mcmworldwide.com/i/mcmworldwide/MPFEAMM07BK001_01 | https://images.mcmworldwide.com/i/mcmworldwide/MPFEAMM07BK001_02 | https://images.mcmworldwide.com/i/mcmworldwide/MPFEAMM07BK001_03,,https://kr.mcmworldwide.com/ko_KR/%EC%97%AC%EC%84%B1/%ED%8C%A8%EC%85%98%EC%86%8C%ED%92%88/%EB%AA%A8%EB%91%90%EB%B3%B4%EA%B8%B0/diamond-%EC%98%A4-%EB%93%9C-%ED%8D%BC%ED%93%B8/MPFEAMM07BK001.html
MEHFSBC01Q6001,에센셜 울 비니,290000,Pink,ACTIVE,100% 울,,,,,,,대한민국,로고 엠보싱 처리된 다이아몬드 형태의 페이크 가죽 패치,MEHFSBC01BK001 | MEHFSBC01CO001,https://images.mcmworldwide.com/i/mcmworldwide/MEHFSBC01Q6001_01 | https://images.mcmworldwide.com/i/mcmworldwide/MEHFSBC01Q6001_09 | https://images.mcmworldwide.com/i/mcmworldwide/MEHFSBC01Q6001_04 | https://images.mcmworldwide.com/i/mcmworldwide/MEHFSBC01Q6001_05 | https://images.mcmworldwide.com/i/mcmworldwide/MEHFSBC01Q6001_10,,https://kr.mcmworldwide.com/ko_KR/%EC%97%AC%EC%84%B1/%ED%8C%A8%EC%85%98%EC%86%8C%ED%92%88/%EB%AA%A8%EB%91%90%EB%B3%B4%EA%B8%B0/%EC%97%90%EC%84%BC%EC%85%9C-%EC%9A%B8-%EB%B9%84%EB%8B%88/MEHFSBC01Q6001.html
MEHFSBC01BK001,에센셜 울 비니,290000,Black,ACTIVE,울 100%,,,,,,,대한민국,로고 엠보스드 다이아몬드 인조 가죽 패치,MEHFSBC01CO001 | MEHFSBC01Q6001,https://images.mcmworldwide.com/i/mcmworldwide/MEHFSBC01BK001_01 | https://images.mcmworldwide.com/i/mcmworldwide/MEHFSBC01BK001_09 | https://images.mcmworldwide.com/i/mcmworldwide/MEHFSBC01BK001_04 | https://images.mcmworldwide.com/i/mcmworldwide/MEHFSBC01BK001_10 | https://images.mcmworldwide.com/i/mcmworldwide/MEHFSBC01BK001_11 | https://images.mcmworldwide.com/i/mcmworldwide/MEHFSBC01BK001_12,,https://kr.mcmworldwide.com/ko_KR/%EC%97%AC%EC%84%B1/%ED%8C%A8%EC%85%98%EC%86%8C%ED%92%88/%EB%AA%A8%EC%9E%90-%ED%97%A4%EC%96%B4-%EC%95%A1%EC%84%B8%EC%84%9C%EB%A6%AC/%EC%97%90%EC%84%BC%EC%85%9C-%EC%9A%B8-%EB%B9%84%EB%8B%88/MEHFSBC01BK001.html
MEHFSBC01CO001,에센셜 울 비니,290000,Cognac,ACTIVE,울 100%,,,,,,,대한민국,로고 엠보스드 다이아몬드 인조 가죽 패치,MEHFSBC01BK001 | MEHFSBC01Q6001,https://images.mcmworldwide.com/i/mcmworldwide/MEHFSBC01CO001_01 | https://images.mcmworldwide.com/i/mcmworldwide/MEHFSBC01CO001_09 | https://images.mcmworldwide.com/i/mcmworldwide/MEHFSBC01CO001_04 | https://images.mcmworldwide.com/i/mcmworldwide/MEHFSBC01CO001_10 | https://images.mcmworldwide.com/i/mcmworldwide/MEHFSBC01CO001_11 | https://images.mcmworldwide.com/i/mcmworldwide/MEHFSBC01CO001_12,,https://kr.mcmworldwide.com/ko_KR/%EC%97%AC%EC%84%B1/%ED%8C%A8%EC%85%98%EC%86%8C%ED%92%88/%EB%AA%A8%EC%9E%90-%ED%97%A4%EC%96%B4-%EC%95%A1%EC%84%B8%EC%84%9C%EB%A6%AC/%EC%97%90%EC%84%BC%EC%85%9C-%EC%9A%B8-%EB%B9%84%EB%8B%88/MEHFSBC01CO001.html
MEFFSMM06Q6001,리버서블 로레토스 자카드 울 스톨,510000,Pink,ACTIVE,100% 울,,,,30 x 195 x 0,,,대한민국,대비되는 컬러 조합의 리버서블 디자인 | 로레토스 모노그램 모티브,,https://images.mcmworldwide.com/i/mcmworldwide/MEFFSMM06Q6001_01 | https://images.mcmworldwide.com/i/mcmworldwide/MEFFSMM06Q6001_09 | https://images.mcmworldwide.com/i/mcmworldwide/MEFFSMM06Q6001_03 | https://images.mcmworldwide.com/i/mcmworldwide/MEFFSMM06Q6001_04 | https://images.mcmworldwide.com/i/mcmworldwide/MEFFSMM06Q6001_10,,https://kr.mcmworldwide.com/ko_KR/%EC%97%AC%EC%84%B1/%ED%8C%A8%EC%85%98%EC%86%8C%ED%92%88/%EB%AA%A8%EB%91%90%EB%B3%B4%EA%B8%B0/%EB%A6%AC%EB%B2%84%EC%84%9C%EB%B8%94-%EB%A1%9C%EB%A0%88%ED%86%A0%EC%8A%A4-%EC%9E%90%EC%B9%B4%EB%93%9C-%EC%9A%B8-%EC%8A%A4%ED%86%A8/MEFFSMM06Q6001.html
MXEGSTA08PK001,MCM X CASETiFY 모노그램 iPhone 17 Pro Max 케이스,239000,Pink,ACTIVE,,,,,8 x 17 x 2,,,중국,iPhone 17 Pro Max 에 맞는 사이즈 | 낙하보호: 2.5m | 비세토스 모노그램 모티프 | CASETiFY의 Duo-Lock 설계로 내구성을 높임 | 보호 기능을 강화한 돌출형 베젤 및 카메라 링 | MagSafe 지원 | 내장형 카메라 제어 버튼 | 군사 표준 규격(MIL-STD-810G)이 요구하는 수준보다 4배 더 강화된 내구성 | 고급 충격 흡수 기능의 EcoShock™ 소재,MXEGSTA06BK001 | MXEGSTA16CO001,https://images.mcmworldwide.com/i/mcmworldwide/MXEGSTA08PK001_01 | https://images.mcmworldwide.com/i/mcmworldwide/MXEGSTA08PK001_02 | https://images.mcmworldwide.com/i/mcmworldwide/MXEGSTA08PK001_03 | https://images.mcmworldwide.com/i/mcmworldwide/MXEGSTA08PK001_04,,https://kr.mcmworldwide.com/ko_KR/%EC%97%AC%EC%84%B1/%ED%8C%A8%EC%85%98%EC%86%8C%ED%92%88/%EB%AA%A8%EB%91%90%EB%B3%B4%EA%B8%B0/mcm-x-casetify-%EB%AA%A8%EB%85%B8%EA%B7%B8%EB%9E%A8-iphone-17-pro-max-%EC%BC%80%EC%9D%B4%EC%8A%A4/MXEGSTA08PK001.html
MXEGSTA06BK001,MCM X CASETiFY 모노그램 iPhone 17 Pro Max 케이스,239000,Black,ACTIVE,,,,,8 x 17 x 2,,,중국,iPhone 17 Pro Max 에 맞는 사이즈 | 낙하보호: 2.5m | 비세토스 모노그램 모티프 | CASETiFY의 Duo-Lock 설계로 내구성을 높임 | 보호 기능을 강화한 돌출형 베젤 및 카메라 링 | MagSafe 지원 | 내장형 카메라 제어 버튼 | 군사 표준 규격(MIL-STD-810G)이 요구하는 수준보다 4배 더 강화된 내구성 | 고급 충격 흡수 기능의 EcoShock™ 소재,MXEGSTA08PK001 | MXEGSTA16CO001,https://images.mcmworldwide.com/i/mcmworldwide/MXEGSTA06BK001_01 | https://images.mcmworldwide.com/i/mcmworldwide/MXEGSTA06BK001_02 | https://images.mcmworldwide.com/i/mcmworldwide/MXEGSTA06BK001_03 | https://images.mcmworldwide.com/i/mcmworldwide/MXEGSTA06BK001_04,,https://kr.mcmworldwide.com/ko_KR/%EB%9D%BC%EC%9D%B4%ED%94%84%EC%8A%A4%ED%83%80%EC%9D%BC/%ED%85%8C%ED%81%AC-%EC%95%A1%EC%84%B8%EC%84%9C%EB%A6%AC/mcm-x-casetify-%EB%AA%A8%EB%85%B8%EA%B7%B8%EB%9E%A8-iphone-17-pro-max-%EC%BC%80%EC%9D%B4%EC%8A%A4/MXEGSTA06BK001.html
MXEGSTA16CO001,MCM X CASETiFY 모노그램 iPhone 17 Pro Max 케이스,239000,Cognac,ACTIVE,,,,,8 x 17 x 2,,,중국,iPhone 17 Pro Max 에 맞는 사이즈 | 낙하보호: 2.5m | 비세토스 모노그램 모티프 | CASETiFY의 Duo-Lock 설계로 내구성을 높임 | 보호 기능을 강화한 돌출형 베젤 및 카메라 링 | MagSafe 지원 | 내장형 카메라 제어 버튼 | 군사 표준 규격(MIL-STD-810G)이 요구하는 수준보다 4배 더 강화된 내구성 | 고급 충격 흡수 기능의 EcoShock™ 소재,MXEGSTA06BK001 | MXEGSTA08PK001,https://images.mcmworldwide.com/i/mcmworldwide/MXEGSTA16CO001_01 | https://images.mcmworldwide.com/i/mcmworldwide/MXEGSTA16CO001_02 | https://images.mcmworldwide.com/i/mcmworldwide/MXEGSTA16CO001_03 | https://images.mcmworldwide.com/i/mcmworldwide/MXEGSTA16CO001_04,,https://kr.mcmworldwide.com/ko_KR/%EB%9D%BC%EC%9D%B4%ED%94%84%EC%8A%A4%ED%83%80%EC%9D%BC/%ED%85%8C%ED%81%AC-%EC%95%A1%EC%84%B8%EC%84%9C%EB%A6%AC/mcm-x-casetify-%EB%AA%A8%EB%85%B8%EA%B7%B8%EB%9E%A8-iphone-17-pro-max-%EC%BC%80%EC%9D%B4%EC%8A%A4/MXEGSTA16CO001.html
MECFAMM01K8001,ECONYL&reg; 가죽 클래식 캡,390000,Green,ACTIVE,ECONYL® 재생 나일론,,,,,,,대한민국,둘레: 58cm | 앞면 로고가 엠보싱 처리된 가죽 패치 | 바바리안 다이아몬드 메탈 버클이 있는 길이 조절이 가능한 스트랩 | 챙 부분: 비세토스 모노그램 프린트와 가죽,MECFAMM01IG001,https://images.mcmworldwide.com/i/mcmworldwide/MECFAMM01K8001_01 | https://images.mcmworldwide.com/i/mcmworldwide/MECFAMM01K8001_09 | https://images.mcmworldwide.com/i/mcmworldwide/MECFAMM01K8001_04 | https://images.mcmworldwide.com/i/mcmworldwide/MECFAMM01K8001_10,,https://kr.mcmworldwide.com/ko_KR/%EC%97%AC%EC%84%B1/%ED%8C%A8%EC%85%98%EC%86%8C%ED%92%88/%EB%AA%A8%EB%91%90%EB%B3%B4%EA%B8%B0/econyl%C2%AE-%EA%B0%80%EC%A3%BD-%ED%81%B4%EB%9E%98%EC%8B%9D-%EC%BA%A1/MECFAMM01K8001.html
MECFAMM01IG001,ECONYL&reg;과 가죽 클래식 캡,390000,Beige,ACTIVE,ECONYL® 재생 나일론,,,,,,,대한민국,둘레: 58cm | 앞면 로고가 엠보싱 처리된 가죽 패치 | 바바리안 다이아몬드 메탈 버클이 있는 길이 조절이 가능한 스트랩 | 챙 부분: 비세토스 모노그램 프린트와 가죽,MECFAMM01K8001,https://images.mcmworldwide.com/i/mcmworldwide/MECFAMM01IG001_01 | https://images.mcmworldwide.com/i/mcmworldwide/MECFAMM01IG001_09 | https://images.mcmworldwide.com/i/mcmworldwide/MECFAMM01IG001_04 | https://images.mcmworldwide.com/i/mcmworldwide/MECFAMM01IG001_10 | https://images.mcmworldwide.com/i/mcmworldwide/MECFAMM01IG001_11,,https://kr.mcmworldwide.com/ko_KR/%EB%82%A8%EC%84%B1/%ED%8C%A8%EC%85%98%EC%86%8C%ED%92%88/%EB%AA%A8%EC%9E%90/econyl%C2%AE%EA%B3%BC-%EA%B0%80%EC%A3%BD-%ED%81%B4%EB%9E%98%EC%8B%9D-%EC%BA%A1/MECFAMM01IG001.html
MXBFAUM02K8001,M-Art 비세토스 리버서블 벨트 3.8cm,470000,Green,ACTIVE,비세토스 모노그램 캔버스,천연 나파 가죽,,,0 x 130 x 4,,,대한민국,"리버서블 디자인 | 길이 조절이 가능, 사이즈에 맞게 커팅 가능 | 실버톤 코발트 메탈 MCM 버클",,https://images.mcmworldwide.com/i/mcmworldwide/MXBFAUM02K8001_01 | https://images.mcmworldwide.com/i/mcmworldwide/MXBFAUM02K8001_02 | https://images.mcmworldwide.com/i/mcmworldwide/MXBFAUM02K8001_03,,https://kr.mcmworldwide.com/ko_KR/%EC%97%AC%EC%84%B1/%ED%8C%A8%EC%85%98%EC%86%8C%ED%92%88/%EB%AA%A8%EB%91%90%EB%B3%B4%EA%B8%B0/m-art-%EB%B9%84%EC%84%B8%ED%86%A0%EC%8A%A4-%EB%A6%AC%EB%B2%84%EC%84%9C%EB%B8%94-%EB%B2%A8%ED%8A%B8-3.8cm/MXBFAUM02K8001.html
MEFFAMM01XC001,리버서블 모노그램 프린트 쁘띠 스카프,175000,Red,ACTIVE,100% 오가닉 실크,,,,5 x 120 x 0,,,이탈리아,손 바느질 | 양면 디자인 | 뒷면: 비세토스 모노그램 프린트 | 앞면: 그라데이션 모노그램 프린트,,https://images.mcmworldwide.com/i/mcmworldwide/MEFFAMM01XC001_01 | https://images.mcmworldwide.com/i/mcmworldwide/MEFFAMM01XC001_09 | https://images.mcmworldwide.com/i/mcmworldwide/MEFFAMM01XC001_04 | https://images.mcmworldwide.com/i/mcmworldwide/MEFFAMM01XC001_10 | https://images.mcmworldwide.com/i/mcmworldwide/MEFFAMM01XC001_11,,https://kr.mcmworldwide.com/ko_KR/%EC%97%AC%EC%84%B1/%ED%8C%A8%EC%85%98%EC%86%8C%ED%92%88/%EB%AA%A8%EB%91%90%EB%B3%B4%EA%B8%B0/%EB%A6%AC%EB%B2%84%EC%84%9C%EB%B8%94-%EB%AA%A8%EB%85%B8%EA%B7%B8%EB%9E%A8-%ED%94%84%EB%A6%B0%ED%8A%B8-%EC%81%98%EB%9D%A0-%EC%8A%A4%EC%B9%B4%ED%94%84/MEFFAMM01XC001.html
MECFSBC02Q6001,코튼 트윌 에센셜 다이아몬드 캡,270000,Pink,ACTIVE,로고가 엠보싱된 다이아몬드 가죽 패치,,,바바리안 다이아몬드 장식의 메탈 버클 하드웨어,,,,대한민국,뒷면의 조절 가능한 스트랩 | 코튼 100%,,https://images.mcmworldwide.com/i/mcmworldwide/MECFSBC02Q6001_01 | https://images.mcmworldwide.com/i/mcmworldwide/MECFSBC02Q6001_09 | https://images.mcmworldwide.com/i/mcmworldwide/MECFSBC02Q6001_04 | https://images.mcmworldwide.com/i/mcmworldwide/MECFSBC02Q6001_05 | https://images.mcmworldwide.com/i/mcmworldwide/MECFSBC02Q6001_10,,https://kr.mcmworldwide.com/ko_KR/%EC%97%AC%EC%84%B1/%ED%8C%A8%EC%85%98%EC%86%8C%ED%92%88/%EB%AA%A8%EB%91%90%EB%B3%B4%EA%B8%B0/%EC%BD%94%ED%8A%BC-%ED%8A%B8%EC%9C%8C-%EC%97%90%EC%84%BC%EC%85%9C-%EB%8B%A4%EC%9D%B4%EC%95%84%EB%AA%AC%EB%93%9C-%EC%BA%A1/MECFSBC02Q6001.html
MECGAMM03BK001,MCM X ATEEZ with MINGI 로고 캡,270000,Black,ACTIVE,코튼 100%,,,,,,,대한민국,앞면의 ‘FIX ON’ 자수 디테일 | 측면의 MCM 라우렐 로고 자수 | 후면의 ATEEZ 로고 자수 | 길이 조절이 가능한 버클 스트랩,,https://images.mcmworldwide.com/i/mcmworldwide/MECGAMM03BK001_01 | https://images.mcmworldwide.com/i/mcmworldwide/MECGAMM03BK001_04 | https://images.mcmworldwide.com/i/mcmworldwide/MECGAMM03BK001_05,,https://kr.mcmworldwide.com/ko_KR/%EC%97%AC%EC%84%B1/%ED%8C%A8%EC%85%98%EC%86%8C%ED%92%88/%EB%AA%A8%EB%91%90%EB%B3%B4%EA%B8%B0/mcm-x-ateez-with-mingi-%EB%A1%9C%EA%B3%A0-%EC%BA%A1/MECGAMM03BK001.html
MECFAMM02HD001,모노그램 데님 자카드 클래식 캡,450000,Blue,ACTIVE,코튼 100%,,,,,,,대한민국,둘레: 58cm | 비세토스 모노그램 자카드 | 앞면 로고가 엠보싱 처리된 가죽 패치 | 바바리안 다이아몬드 메탈 버클이 있는 길이 조절이 가능한 스트랩 | 비스코스 라이닝,,https://images.mcmworldwide.com/i/mcmworldwide/MECFAMM02HD001_01 | https://images.mcmworldwide.com/i/mcmworldwide/MECFAMM02HD001_09 | https://images.mcmworldwide.com/i/mcmworldwide/MECFAMM02HD001_04 | https://images.mcmworldwide.com/i/mcmworldwide/MECFAMM02HD001_10 | https://images.mcmworldwide.com/i/mcmworldwide/MECFAMM02HD001_11,,https://kr.mcmworldwide.com/ko_KR/%EC%97%AC%EC%84%B1/%ED%8C%A8%EC%85%98%EC%86%8C%ED%92%88/%EB%AA%A8%EB%91%90%EB%B3%B4%EA%B8%B0/%EB%AA%A8%EB%85%B8%EA%B7%B8%EB%9E%A8-%EB%8D%B0%EB%8B%98-%EC%9E%90%EC%B9%B4%EB%93%9C-%ED%81%B4%EB%9E%98%EC%8B%9D-%EC%BA%A1/MECFAMM02HD001.html
MEGGSMM04BK001,오발 선글라스,290000,Black,ACTIVE,,,,바이에른 다이아몬드 메탈 스터드 하드웨어,,,,중국,렌즈-브릿지-템플 사이즈: 55-17-145 mm | 라우렐 로고 모티프와 에나멜 다이아몬드 패턴이 더해진 템플 | 렌즈 컬러: 솔리드 스모크 | 프레임 컬러: 샤이니 블랙 | 로고가 새겨진 파우치 케이스 | 아세테이트 프레임,,https://images.mcmworldwide.com/i/mcmworldwide/MEGGSMM04BK001_01 | https://images.mcmworldwide.com/i/mcmworldwide/MEGGSMM04BK001_09 | https://images.mcmworldwide.com/i/mcmworldwide/MEGGSMM04BK001_02 | https://images.mcmworldwide.com/i/mcmworldwide/MEGGSMM04BK001_03 | https://images.mcmworldwide.com/i/mcmworldwide/MEGGSMM04BK001_10,,https://kr.mcmworldwide.com/ko_KR/%EC%97%AC%EC%84%B1/%ED%8C%A8%EC%85%98%EC%86%8C%ED%92%88/%EB%AA%A8%EB%91%90%EB%B3%B4%EA%B8%B0/%EC%98%A4%EB%B0%9C-%EC%84%A0%EA%B8%80%EB%9D%BC%EC%8A%A4/MEGGSMM04BK001.html
MXZGSTT10SV001,MCM X CASETiFY 마그네틱 카드홀더 스탠드,175000,Silver,ACTIVE,,,,,6 x 9 x 1,,,중국,음각된 라우렐 로고 | 카드 슬롯 | 스탠드 기능 | MagSafe 지원 | 미러 마감 처리,,https://images.mcmworldwide.com/i/mcmworldwide/MXZGSTT10SV001_01 | https://images.mcmworldwide.com/i/mcmworldwide/MXZGSTT10SV001_02 | https://images.mcmworldwide.com/i/mcmworldwide/MXZGSTT10SV001_03 | https://images.mcmworldwide.com/i/mcmworldwide/MXZGSTT10SV001_04 | https://images.mcmworldwide.com/i/mcmworldwide/MXZGSTT10SV001_05,,https://kr.mcmworldwide.com/ko_KR/%EC%97%AC%EC%84%B1/%ED%8C%A8%EC%85%98%EC%86%8C%ED%92%88/%EB%AA%A8%EB%91%90%EB%B3%B4%EA%B8%B0/mcm-x-casetify-%EB%A7%88%EA%B7%B8%EB%84%A4%ED%8B%B1-%EC%B9%B4%EB%93%9C%ED%99%80%EB%8D%94-%EC%8A%A4%ED%83%A0%EB%93%9C/MXZGSTT10SV001.html
MXEGSTA09MT001,MCM X CASETiFY 라봇 모노그램 바운스 iPhone 17 Pro 케이스,269000,Multi,ACTIVE,,,,,9 x 16 x 2,,,중국,iPhone 17 Pro 에 맞는 사이즈 | 낙하보호: 6.5m | TesseLock™ 구조 설계로 강화된 낙하 보호 | 비세토스 모노그램 모티프의 라봇 아트워크 | 돌출형 베젤 및 카메라 링 | MagSafe 지원 | 내장형 카메라 제어 버튼 | 군사 표준 규격(MIL-STD-810G)이 요구하는 수준보다 7배 더 강화된 내구성 | 리사이클 및 플랜트 베이스 소재로 제작,,https://images.mcmworldwide.com/i/mcmworldwide/MXEGSTA09MT001_01 | https://images.mcmworldwide.com/i/mcmworldwide/MXEGSTA09MT001_02 | https://images.mcmworldwide.com/i/mcmworldwide/MXEGSTA09MT001_03 | https://images.mcmworldwide.com/i/mcmworldwide/MXEGSTA09MT001_04,,https://kr.mcmworldwide.com/ko_KR/%EC%97%AC%EC%84%B1/%ED%8C%A8%EC%85%98%EC%86%8C%ED%92%88/%EB%AA%A8%EB%91%90%EB%B3%B4%EA%B8%B0/mcm-x-casetify-%EB%9D%BC%EB%B4%87-%EB%AA%A8%EB%85%B8%EA%B7%B8%EB%9E%A8-%EB%B0%94%EC%9A%B4%EC%8A%A4-iphone-17-pro-%EC%BC%80%EC%9D%B4%EC%8A%A4/MXEGSTA09MT001.html
MXEGSTA10MT001,MCM X CASETiFY 라봇 모노그램 바운스 iPhone 17 Pro Max 케이스,269000,Multi,ACTIVE,,,,,9 x 17 x 2,,,중국,iPhone 17 Pro Max 에 맞는 사이즈 | 낙하보호: 6.5m | TesseLock™ 구조 설계로 강화된 낙하 보호 | 비세토스 모노그램 모티프의 라봇 아트워크 | 돌출형 베젤 및 카메라 링 | MagSafe 지원 | 내장형 카메라 제어 버튼 | 군사 표준 규격(MIL-STD-810G)이 요구하는 수준보다 7배 더 강화된 내구성 | 리사이클 및 플랜트 베이스 소재로 제작,,https://images.mcmworldwide.com/i/mcmworldwide/MXEGSTA10MT001_01 | https://images.mcmworldwide.com/i/mcmworldwide/MXEGSTA10MT001_02 | https://images.mcmworldwide.com/i/mcmworldwide/MXEGSTA10MT001_03 | https://images.mcmworldwide.com/i/mcmworldwide/MXEGSTA10MT001_04,,https://kr.mcmworldwide.com/ko_KR/%EC%97%AC%EC%84%B1/%ED%8C%A8%EC%85%98%EC%86%8C%ED%92%88/%EB%AA%A8%EB%91%90%EB%B3%B4%EA%B8%B0/mcm-x-casetify-%EB%9D%BC%EB%B4%87-%EB%AA%A8%EB%85%B8%EA%B7%B8%EB%9E%A8-%EB%B0%94%EC%9A%B4%EC%8A%A4-iphone-17-pro-max-%EC%BC%80%EC%9D%B4%EC%8A%A4/MXEGSTA10MT001.html
MXZFATA07CO001,Aren 비세토스 로켓 파우치 참,410000,Cognac,ACTIVE,비세토스 모노그램 캔버스,천연 가죽,패브릭,24K 골드 도금 메탈 하드웨어,9 x 9 x 16,21cm,,대한민국,가죽 스트랩 | 로고가 각인된 스프링 잠금장치 | 지퍼 수납 공간,,https://images.mcmworldwide.com/i/mcmworldwide/MXZFATA07CO001_01 | https://images.mcmworldwide.com/i/mcmworldwide/MXZFATA07CO001_09 | https://images.mcmworldwide.com/i/mcmworldwide/MXZFATA07CO001_04,,https://kr.mcmworldwide.com/ko_KR/%EC%97%AC%EC%84%B1/%ED%8C%A8%EC%85%98%EC%86%8C%ED%92%88/%EB%AA%A8%EB%91%90%EB%B3%B4%EA%B8%B0/aren-%EB%B9%84%EC%84%B8%ED%86%A0%EC%8A%A4-%EB%A1%9C%EC%BC%93-%ED%8C%8C%EC%9A%B0%EC%B9%98-%EC%B0%B8/MXZFATA07CO001.html
MXZGSTA18ED001,Aren 비세토스 불독 2D 참,270000,dark,ACTIVE,비세토스 모노그램 캔버스,천연 가죽,,실버톤 코발트 메탈 하드웨어,,,,대한민국,프렌치 불독 모티프 | 로고 각인 메탈 스프링 클라스프,,https://images.mcmworldwide.com/i/mcmworldwide/MXZGSTA18ED001_01 | https://images.mcmworldwide.com/i/mcmworldwide/MXZGSTA18ED001_09 | https://images.mcmworldwide.com/i/mcmworldwide/MXZGSTA18ED001_04,,https://kr.mcmworldwide.com/ko_KR/%EC%97%AC%EC%84%B1/%ED%8C%A8%EC%85%98%EC%86%8C%ED%92%88/%EB%AA%A8%EB%91%90%EB%B3%B4%EA%B8%B0/aren-%EB%B9%84%EC%84%B8%ED%86%A0%EC%8A%A4-%EB%B6%88%EB%8F%85-2d-%EC%B0%B8/MXZGSTA18ED001.html
MEZCAMM17F00ML,모노그램 니트 삭스,85000,Black,ACTIVE,,,,,,,,대한민국,"비세토스 모노그램 모티프 | 발가락과 뒤꿈치 부분의 쿠션 처리 | 62% 코튼, 33% 폴리아마이드, 3% 엘라스틴, 2% 엘라스토디엔",MEZCAMM17PZ0ML,https://images.mcmworldwide.com/i/mcmworldwide/MEZCAMM17F00ML_01 | https://images.mcmworldwide.com/i/mcmworldwide/MEZCAMM17F00ML_02,,https://kr.mcmworldwide.com/ko_KR/%EC%97%AC%EC%84%B1/%ED%8C%A8%EC%85%98%EC%86%8C%ED%92%88/%EB%AA%A8%EB%91%90%EB%B3%B4%EA%B8%B0/%EB%AA%A8%EB%85%B8%EA%B7%B8%EB%9E%A8-%EB%8B%88%ED%8A%B8-%EC%82%AD%EC%8A%A4/MEZCAMM17F00ML.html
MEZCAMM17PZ0ML,모노그램 니트 양말,85000,Pink,ACTIVE,,,,,,,,대한민국,"비세토스 모노그램 모티프 | 토우와 힐의 쿠션 | 코튼 62%, 폴리아미드 33%, 엘라스테인 3%, 엘라스토디엔 2%",MEZCAMM17F00ML,https://images.mcmworldwide.com/i/mcmworldwide/MEZCAMM17PZ0ML_01 | https://images.mcmworldwide.com/i/mcmworldwide/MEZCAMM17PZ0ML_02,,https://kr.mcmworldwide.com/ko_KR/pink-promotion-2026/%EB%AA%A8%EB%85%B8%EA%B7%B8%EB%9E%A8-%EB%8B%88%ED%8A%B8-%EC%96%91%EB%A7%90/MEZCAMM17PZ0ML.html
MEGFAMM02NR001,모노그램 캣 아이 선글라스,350000,Brown,ACTIVE,,,,,,,,중국,유니섹스 | 렌즈-브릿지-템플 사이즈: 55-18-135 mm | 비세토스 모노그램 모티프 | 프레임 앞면의 바바리안 다이아몬드 메탈 스터드 장식 | 렌즈 컬러: 솔리드 스모크 | 프레임 컬러: 그라데이션 브라운 | 템플 컬러: 브라운 | 로고가 새겨진 파우치 케이스 | 아세테이트 프레임 | 템플의 MCM 로고 장식,,https://images.mcmworldwide.com/i/mcmworldwide/MEGFAMM02NR001_01 | https://images.mcmworldwide.com/i/mcmworldwide/MEGFAMM02NR001_09 | https://images.mcmworldwide.com/i/mcmworldwide/MEGFAMM02NR001_02 | https://images.mcmworldwide.com/i/mcmworldwide/MEGFAMM02NR001_03 | https://images.mcmworldwide.com/i/mcmworldwide/MEGFAMM02NR001_10,,https://kr.mcmworldwide.com/ko_KR/%EC%97%AC%EC%84%B1/%ED%8C%A8%EC%85%98%EC%86%8C%ED%92%88/%EB%AA%A8%EB%91%90%EB%B3%B4%EA%B8%B0/%EB%AA%A8%EB%85%B8%EA%B7%B8%EB%9E%A8-%EC%BA%A3-%EC%95%84%EC%9D%B4-%EC%84%A0%EA%B8%80%EB%9D%BC%EC%8A%A4/MEGFAMM02NR001.html
MXBAAVI04CO001,비세토스 클라우스 M 비세토스 리버서블 벨트 1.5&quot;,450000,Cognac,ACTIVE,나파 가죽 트림,,,24K 금 도금 하드웨어,,,,대한민국,길이 조절 가능. | 웨이스트 사이즈: 120,,https://images.mcmworldwide.com/i/mcmworldwide/MXBAAVI04CO001_01 | https://images.mcmworldwide.com/i/mcmworldwide/MXBAAVI04CO001_09 | https://images.mcmworldwide.com/i/mcmworldwide/MXBAAVI04CO001_02 | https://images.mcmworldwide.com/i/mcmworldwide/MXBAAVI04CO001_03,,https://kr.mcmworldwide.com/ko_KR/%EC%97%AC%EC%84%B1/%ED%8C%A8%EC%85%98%EC%86%8C%ED%92%88/%EB%AA%A8%EB%91%90%EB%B3%B4%EA%B8%B0/%EB%B9%84%EC%84%B8%ED%86%A0%EC%8A%A4-%ED%81%B4%EB%9D%BC%EC%9A%B0%EC%8A%A4-m-%EB%B9%84%EC%84%B8%ED%86%A0%EC%8A%A4-%EB%A6%AC%EB%B2%84%EC%84%9C%EB%B8%94-%EB%B2%A8%ED%8A%B8-1.5%22/MXBAAVI04CO001.html
MEEFAMM01B7001,ECONYL&reg; 리버서블 모노그램 스크런치,145000,Black,ACTIVE,ECONYL® 재생 나일론,,,,,,,대한민국,리버서블 디자인 | 바바리안 다이아몬드 로고 패치 | 앞면:비세토스 모노그램 모티프 | 반대 면에는 메가 라우렐 모티프 적용,,https://images.mcmworldwide.com/i/mcmworldwide/MEEFAMM01B7001_01 | https://images.mcmworldwide.com/i/mcmworldwide/MEEFAMM01B7001_09 | https://images.mcmworldwide.com/i/mcmworldwide/MEEFAMM01B7001_04,,https://kr.mcmworldwide.com/ko_KR/%EC%97%AC%EC%84%B1/%ED%8C%A8%EC%85%98%EC%86%8C%ED%92%88/%EB%AA%A8%EB%91%90%EB%B3%B4%EA%B8%B0/econyl%C2%AE-%EB%A6%AC%EB%B2%84%EC%84%9C%EB%B8%94-%EB%AA%A8%EB%85%B8%EA%B7%B8%EB%9E%A8-%EC%8A%A4%ED%81%AC%EB%9F%B0%EC%B9%98/MEEFAMM01B7001.html
MEFFAMM01Y0001,리버서블 모노그램 프린트 쁘띠 스카프,175000,Gold,ACTIVE,100% 오가닉 실크,,,,5 x 120 x 0,,,이탈리아,손 바느질 | 양면 디자인 | 뒷면: 비세토스 모노그램 프린트 | 앞면: 그라데이션 모노그램 프린트,,https://images.mcmworldwide.com/i/mcmworldwide/MEFFAMM01Y0001_01 | https://images.mcmworldwide.com/i/mcmworldwide/MEFFAMM01Y0001_09 | https://images.mcmworldwide.com/i/mcmworldwide/MEFFAMM01Y0001_04 | https://images.mcmworldwide.com/i/mcmworldwide/MEFFAMM01Y0001_10 | https://images.mcmworldwide.com/i/mcmworldwide/MEFFAMM01Y0001_11,,https://kr.mcmworldwide.com/ko_KR/%EC%97%AC%EC%84%B1/%ED%8C%A8%EC%85%98%EC%86%8C%ED%92%88/%EB%AA%A8%EB%91%90%EB%B3%B4%EA%B8%B0/%EB%A6%AC%EB%B2%84%EC%84%9C%EB%B8%94-%EB%AA%A8%EB%85%B8%EA%B7%B8%EB%9E%A8-%ED%94%84%EB%A6%B0%ED%8A%B8-%EC%81%98%EB%9D%A0-%EC%8A%A4%EC%B9%B4%ED%94%84/MEFFAMM01Y0001.html
MEFEAMM05E4001,라우렐 쁘띠 스카프,145000,Blue,ACTIVE,오가닉 실크 100%,,,,87 x 5 x 0,,,이탈리아,수작업 봉제 | 라우렐 로고 모티프,MEFEAMM05CO001 | MEFEAMM05XC001,https://images.mcmworldwide.com/i/mcmworldwide/MEFEAMM05E4001_01 | https://images.mcmworldwide.com/i/mcmworldwide/MEFEAMM05E4001_04,,https://kr.mcmworldwide.com/ko_KR/%EC%97%AC%EC%84%B1/%ED%8C%A8%EC%85%98%EC%86%8C%ED%92%88/%EB%AA%A8%EB%91%90%EB%B3%B4%EA%B8%B0/%EB%9D%BC%EC%9A%B0%EB%A0%90-%EC%81%98%EB%9D%A0-%EC%8A%A4%EC%B9%B4%ED%94%84/MEFEAMM05E4001.html
MEFEAMM05CO001,라우렐 쁘띠 스카프,145000,Cognac,ACTIVE,오가닉 실크 100%,,,,87 x 5 x 0,,,이탈리아,수작업 봉제 | 라우렐 로고 모티프,MEFEAMM05E4001 | MEFEAMM05XC001,https://images.mcmworldwide.com/i/mcmworldwide/MEFEAMM05CO001_01 | https://images.mcmworldwide.com/i/mcmworldwide/MEFEAMM05CO001_04,,https://kr.mcmworldwide.com/ko_KR/%EC%97%AC%EC%84%B1/%ED%8C%A8%EC%85%98%EC%86%8C%ED%92%88/%EC%81%98%EB%9D%A0-%EC%8A%A4%EC%B9%B4%ED%94%84-%EC%8A%A4%EC%B9%B4%ED%94%84/%EB%9D%BC%EC%9A%B0%EB%A0%90-%EC%81%98%EB%9D%A0-%EC%8A%A4%EC%B9%B4%ED%94%84/MEFEAMM05CO001.html
MEFEAMM05XC001,라우렐 쁘띠 스카프,145000,Red,ACTIVE,오가닉 실크 100%,,,,87 x 5 x 0,,,이탈리아,수작업 봉제 | 라우렐 로고 모티프,MEFEAMM05CO001 | MEFEAMM05E4001,https://images.mcmworldwide.com/i/mcmworldwide/MEFEAMM05XC001_01 | https://images.mcmworldwide.com/i/mcmworldwide/MEFEAMM05XC001_04,,https://kr.mcmworldwide.com/ko_KR/%EC%97%AC%EC%84%B1/%ED%8C%A8%EC%85%98%EC%86%8C%ED%92%88/%EC%81%98%EB%9D%A0-%EC%8A%A4%EC%B9%B4%ED%94%84-%EC%8A%A4%EC%B9%B4%ED%94%84/%EB%9D%BC%EC%9A%B0%EB%A0%90-%EC%81%98%EB%9D%A0-%EC%8A%A4%EC%B9%B4%ED%94%84/MEFEAMM05XC001.html
MXZFATA08MT001,Aren 모노그램 리사이클 나일론 행성 참,450000,Multi,ACTIVE,이탈리안 재활용 나일론,송아지 가죽,,24K 골드 도금 메탈 하드웨어,4 x 11 x 6,,21cm,대한민국,가죽 스트랩 | 스프링 잠금장치 | 메탈 스터드 장식 | 비세토스 모노그램 프린트 | 다이아몬드 로고 장식,,https://images.mcmworldwide.com/i/mcmworldwide/MXZFATA08MT001_01 | https://images.mcmworldwide.com/i/mcmworldwide/MXZFATA08MT001_09 | https://images.mcmworldwide.com/i/mcmworldwide/MXZFATA08MT001_04,,https://kr.mcmworldwide.com/ko_KR/%EC%97%AC%EC%84%B1/%ED%8C%A8%EC%85%98%EC%86%8C%ED%92%88/%EB%AA%A8%EB%91%90%EB%B3%B4%EA%B8%B0/aren-%EB%AA%A8%EB%85%B8%EA%B7%B8%EB%9E%A8-%EB%A6%AC%EC%82%AC%EC%9D%B4%ED%81%B4-%EB%82%98%EC%9D%BC%EB%A1%A0-%ED%96%89%EC%84%B1-%EC%B0%B8/MXZFATA08MT001.html
MXZGSTA19CO001,Aren 비세토스 닥스훈트 2D 참,270000,Cognac,ACTIVE,비세토스 모노그램 캔버스,천연 가죽,,24K 금 도금 로고 각인 메탈 스프링 클라스프,,,,대한민국,닥스 훈트 모티프,,https://images.mcmworldwide.com/i/mcmworldwide/MXZGSTA19CO001_01 | https://images.mcmworldwide.com/i/mcmworldwide/MXZGSTA19CO001_09 | https://images.mcmworldwide.com/i/mcmworldwide/MXZGSTA19CO001_04 | https://images.mcmworldwide.com/i/mcmworldwide/MXZGSTA19CO001_10,,https://kr.mcmworldwide.com/ko_KR/%EC%97%AC%EC%84%B1/%ED%8C%A8%EC%85%98%EC%86%8C%ED%92%88/%EB%AA%A8%EB%91%90%EB%B3%B4%EA%B8%B0/aren-%EB%B9%84%EC%84%B8%ED%86%A0%EC%8A%A4-%EB%8B%A5%EC%8A%A4%ED%9B%88%ED%8A%B8-2d-%EC%B0%B8/MXZGSTA19CO001.html
MEGFAMM03BK001,모노그램 쉴드 선글라스,350000,Black,ACTIVE,,,,,,,,중국,유니섹스 | 렌즈-템플 사이즈: 137-140 mm | 렌즈에 비세토스 모노그램 모티프 | 프레임 앞면의 바바리안 다이아몬드 메탈 스터드 장식 | 렌즈 컬러: 스모크 + 실버 플래시 | 프레임 컬러: 매트 블랙 | 템플 컬러: 다크 루테늄 | 로고가 새겨진 파우치 케이스 | 메탈 프레임 | 메탈 템플의 MCM로고 모티프와 양각 라우렐 패턴,,https://images.mcmworldwide.com/i/mcmworldwide/MEGFAMM03BK001_01 | https://images.mcmworldwide.com/i/mcmworldwide/MEGFAMM03BK001_09 | https://images.mcmworldwide.com/i/mcmworldwide/MEGFAMM03BK001_02 | https://images.mcmworldwide.com/i/mcmworldwide/MEGFAMM03BK001_10,,https://kr.mcmworldwide.com/ko_KR/%EC%97%AC%EC%84%B1/%ED%8C%A8%EC%85%98%EC%86%8C%ED%92%88/%EB%AA%A8%EB%91%90%EB%B3%B4%EA%B8%B0/%EB%AA%A8%EB%85%B8%EA%B7%B8%EB%9E%A8-%EC%89%B4%EB%93%9C-%EC%84%A0%EA%B8%80%EB%9D%BC%EC%8A%A4/MEGFAMM03BK001.html
MEGFSMM11CM001,지오메트릭 선글라스,350000,Black,ACTIVE,,,,,,,,중국,유니섹스 | 엠보싱 로고 디테일의 인조가죽 파우치 케이스 제공 | 렌즈 컬러: 그라데이션 로즈 + 코퍼 플래시 | 프레임 컬러: 샤이니 밀키 로즈 | 렌즈-브리지-템플 크기: 54-18-140 mm | 메탈 프레임 | MCM 로고 모티프가 장식된 템플과 바이에른 다이아몬드 메탈 스터드가 장식된 템플 팁,MEGFSMM11PR001,https://images.mcmworldwide.com/i/mcmworldwide/MEGFSMM11CM001_01 | https://images.mcmworldwide.com/i/mcmworldwide/MEGFSMM11CM001_09 | https://images.mcmworldwide.com/i/mcmworldwide/MEGFSMM11CM001_02 | https://images.mcmworldwide.com/i/mcmworldwide/MEGFSMM11CM001_03 | https://images.mcmworldwide.com/i/mcmworldwide/MEGFSMM11CM001_10,,https://kr.mcmworldwide.com/ko_KR/%EC%97%AC%EC%84%B1/%ED%8C%A8%EC%85%98%EC%86%8C%ED%92%88/%EB%AA%A8%EB%91%90%EB%B3%B4%EA%B8%B0/%EC%A7%80%EC%98%A4%EB%A9%94%ED%8A%B8%EB%A6%AD-%EC%84%A0%EA%B8%80%EB%9D%BC%EC%8A%A4/MEGFSMM11CM001.html
MEFGSMM01D5001,울 실크 자카드 모노그램 숄,590000,Gold,ACTIVE,"울 49%, 비스코스 26%, 실크 19%, 폴리아미드 6%",,,,140 x 140 x 0,,,이탈리아,자카드 짜임 | 비세토스 모노그램 모티프,,https://images.mcmworldwide.com/i/mcmworldwide/MEFGSMM01D5001_01 | https://images.mcmworldwide.com/i/mcmworldwide/MEFGSMM01D5001_09 | https://images.mcmworldwide.com/i/mcmworldwide/MEFGSMM01D5001_03 | https://images.mcmworldwide.com/i/mcmworldwide/MEFGSMM01D5001_04 | https://images.mcmworldwide.com/i/mcmworldwide/MEFGSMM01D5001_10,,https://kr.mcmworldwide.com/ko_KR/%EC%97%AC%EC%84%B1/%ED%8C%A8%EC%85%98%EC%86%8C%ED%92%88/%EB%AA%A8%EB%91%90%EB%B3%B4%EA%B8%B0/%EC%9A%B8-%EC%8B%A4%ED%81%AC-%EC%9E%90%EC%B9%B4%EB%93%9C-%EB%AA%A8%EB%85%B8%EA%B7%B8%EB%9E%A8-%EC%88%84/MEFGSMM01D5001.html
MXEGSTA04CO001,MCM X CASETiFY 로고 iPhone 17 Pro Max 케이스,239000,Cognac,ACTIVE,,,,,8 x 17 x 2,,,중국,iPhone 17 Pro Max 에 맞는 사이즈 | 낙하보호: 2.5m | 라우렐 로고 모티프 | CASETiFY의 Duo-Lock 설계로 내구성을 높임 | 보호 기능을 강화한 돌출형 베젤 및 카메라 링 | MagSafe 지원 | 내장형 카메라 제어 버튼 | 군사 표준 규격(MIL-STD-810G)이 요구하는 수준보다 4배 더 강화된 내구성 | 고급 충격 흡수 기능의 EcoShock™ 소재,MXEGSTA02BK001,https://images.mcmworldwide.com/i/mcmworldwide/MXEGSTA04CO001_01 | https://images.mcmworldwide.com/i/mcmworldwide/MXEGSTA04CO001_02 | https://images.mcmworldwide.com/i/mcmworldwide/MXEGSTA04CO001_03 | https://images.mcmworldwide.com/i/mcmworldwide/MXEGSTA04CO001_04,,https://kr.mcmworldwide.com/ko_KR/%EC%97%AC%EC%84%B1/%ED%8C%A8%EC%85%98%EC%86%8C%ED%92%88/%EB%AA%A8%EB%91%90%EB%B3%B4%EA%B8%B0/mcm-x-casetify-%EB%A1%9C%EA%B3%A0-iphone-17-pro-max-%EC%BC%80%EC%9D%B4%EC%8A%A4/MXEGSTA04CO001.html
MXEGSTA02BK001,MCM X CASETiFY 로고 미러 iPhone 17 Pro Max 케이스,239000,Black,ACTIVE,,,,,8 x 17 x 2,,,중국,iPhone 17 Pro Max 에 맞는 사이즈 | 낙하보호: 1.5m | 미러 마감의 라우렐 로고 모티프 | CASETiFY의 Duo-Lock 설계로 내구성을 높임 | 보호 기능을 강화한 돌출형 베젤 및 카메라 링 | MagSafe 지원 | 내장형 카메라 제어 버튼 | 군사 등급 표준 보호 (MIL-STD-810G) | 미러 마감 처리,MXEGSTA04CO001,https://images.mcmworldwide.com/i/mcmworldwide/MXEGSTA02BK001_01 | https://images.mcmworldwide.com/i/mcmworldwide/MXEGSTA02BK001_02 | https://images.mcmworldwide.com/i/mcmworldwide/MXEGSTA02BK001_03 | https://images.mcmworldwide.com/i/mcmworldwide/MXEGSTA02BK001_04,,https://kr.mcmworldwide.com/ko_KR/%EB%9D%BC%EC%9D%B4%ED%94%84%EC%8A%A4%ED%83%80%EC%9D%BC/%ED%85%8C%ED%81%AC-%EC%95%A1%EC%84%B8%EC%84%9C%EB%A6%AC/mcm-x-casetify-%EB%A1%9C%EA%B3%A0-%EB%AF%B8%EB%9F%AC-iphone-17-pro-max-%EC%BC%80%EC%9D%B4%EC%8A%A4/MXEGSTA02BK001.html
MEHFAMM01BK001,모노그램 프린트 ECONYL&reg; 포켓이 있는 울 비니,390000,Black,ACTIVE,100% 울,,,,,,,대한민국,포켓: 비세토스 모노그램 프린트 ECONYL® 재생 나일론,,https://images.mcmworldwide.com/i/mcmworldwide/MEHFAMM01BK001_01 | https://images.mcmworldwide.com/i/mcmworldwide/MEHFAMM01BK001_09 | https://images.mcmworldwide.com/i/mcmworldwide/MEHFAMM01BK001_04 | https://images.mcmworldwide.com/i/mcmworldwide/MEHFAMM01BK001_10 | https://images.mcmworldwide.com/i/mcmworldwide/MEHFAMM01BK001_11,,https://kr.mcmworldwide.com/ko_KR/%EC%97%AC%EC%84%B1/%ED%8C%A8%EC%85%98%EC%86%8C%ED%92%88/%EB%AA%A8%EB%91%90%EB%B3%B4%EA%B8%B0/%EB%AA%A8%EB%85%B8%EA%B7%B8%EB%9E%A8-%ED%94%84%EB%A6%B0%ED%8A%B8-econyl%C2%AE-%ED%8F%AC%EC%BC%93%EC%9D%B4-%EC%9E%88%EB%8A%94-%EC%9A%B8-%EB%B9%84%EB%8B%88/MEHFAMM01BK001.html
MEFAAMM08CO001,모노그램 프린트 반다나 스카프,350000,Cognac,ACTIVE,"코튼 80%, 실크 20%",,,,0 x 90 x 90,,,이탈리아,,,https://images.mcmworldwide.com/i/mcmworldwide/MEFAAMM08CO001_01 | https://images.mcmworldwide.com/i/mcmworldwide/MEFAAMM08CO001_09 | https://images.mcmworldwide.com/i/mcmworldwide/MEFAAMM08CO001_02 | https://images.mcmworldwide.com/i/mcmworldwide/MEFAAMM08CO001_10,,https://kr.mcmworldwide.com/ko_KR/%EC%97%AC%EC%84%B1/%ED%8C%A8%EC%85%98%EC%86%8C%ED%92%88/%EB%AA%A8%EB%91%90%EB%B3%B4%EA%B8%B0/%EB%AA%A8%EB%85%B8%EA%B7%B8%EB%9E%A8-%ED%94%84%EB%A6%B0%ED%8A%B8-%EB%B0%98%EB%8B%A4%EB%82%98-%EC%8A%A4%EC%B9%B4%ED%94%84/MEFAAMM08CO001.html
MYZGSTA06CO001,Aren 코튼 비세토스 숄더 스트랩,330000,Cognac,ACTIVE,비세토스 모노그램 캔버스,코튼과 천연가죽,,24K 골드 도금 브라스 하드웨어,,,,대한민국,스프링 잠금장치 | 체인 링크 장식,,https://images.mcmworldwide.com/i/mcmworldwide/MYZGSTA06CO001_01 | https://images.mcmworldwide.com/i/mcmworldwide/MYZGSTA06CO001_02,,https://kr.mcmworldwide.com/ko_KR/%EC%97%AC%EC%84%B1/%ED%8C%A8%EC%85%98%EC%86%8C%ED%92%88/%EB%AA%A8%EB%91%90%EB%B3%B4%EA%B8%B0/aren-%EC%BD%94%ED%8A%BC-%EB%B9%84%EC%84%B8%ED%86%A0%EC%8A%A4-%EC%88%84%EB%8D%94-%EC%8A%A4%ED%8A%B8%EB%9E%A9/MYZGSTA06CO001.html
MEGEAMM12BK001,라우렐 지오메트릭 선글라스,290000,Black,ACTIVE,,,,바이에른 다이아몬드 스터드 금속 장식,,,,중국,로레토스 모노그램 파우치 케이스 포함 | 렌즈 컬러: 솔리드 스모크 | 프레임 컬러: 샤이니 블랙 | 렌즈-브리지-템플 크기: 53-18-145mm | 템플의 3D 라우렐과 ‘MCM’ 로고 모티프 | 아세테이트 구조,MEGEAMM12CP001,https://images.mcmworldwide.com/i/mcmworldwide/MEGEAMM12BK001_01 | https://images.mcmworldwide.com/i/mcmworldwide/MEGEAMM12BK001_09 | https://images.mcmworldwide.com/i/mcmworldwide/MEGEAMM12BK001_02 | https://images.mcmworldwide.com/i/mcmworldwide/MEGEAMM12BK001_03 | https://images.mcmworldwide.com/i/mcmworldwide/MEGEAMM12BK001_10,,https://kr.mcmworldwide.com/ko_KR/%EC%97%AC%EC%84%B1/%ED%8C%A8%EC%85%98%EC%86%8C%ED%92%88/%EB%AA%A8%EB%91%90%EB%B3%B4%EA%B8%B0/%EB%9D%BC%EC%9A%B0%EB%A0%90-%EC%A7%80%EC%98%A4%EB%A9%94%ED%8A%B8%EB%A6%AD-%EC%84%A0%EA%B8%80%EB%9D%BC%EC%8A%A4/MEGEAMM12BK001.html
MEGEAMM12CP001,라우렐 지오메트릭 선글라스,290000,Brown,ACTIVE,,,,바이에른 다이아몬드 스터드 금속 장식,,,,중국,로레토스 모노그램 파우치 케이스 포함 | 렌즈 컬러: 솔리드 브라운 | 프레임 컬러: 다크 도티드 하바나 | 렌즈-브리지-템플 크기: 53-18-145mm | 템플의 3D 라우렐과 ‘MCM’ 로고 모티프 | 아세테이트 구조,MEGEAMM12BK001,https://images.mcmworldwide.com/i/mcmworldwide/MEGEAMM12CP001_01 | https://images.mcmworldwide.com/i/mcmworldwide/MEGEAMM12CP001_09 | https://images.mcmworldwide.com/i/mcmworldwide/MEGEAMM12CP001_02 | https://images.mcmworldwide.com/i/mcmworldwide/MEGEAMM12CP001_03 | https://images.mcmworldwide.com/i/mcmworldwide/MEGEAMM12CP001_10,,https://kr.mcmworldwide.com/ko_KR/%EB%82%A8%EC%84%B1/%ED%8C%A8%EC%85%98%EC%86%8C%ED%92%88/%EC%84%A0%EA%B8%80%EB%9D%BC%EC%8A%A4/%EB%9D%BC%EC%9A%B0%EB%A0%90-%EC%A7%80%EC%98%A4%EB%A9%94%ED%8A%B8%EB%A6%AD-%EC%84%A0%EA%B8%80%EB%9D%BC%EC%8A%A4/MEGEAMM12CP001.html
MEFEAMM06Y9001,로레토스 자카드 쁘띠 스카프,195000,Gold,ACTIVE,실크 100%,,,,160 x 15 x 0,,,이탈리아,수작업 봉제 | 양면 디자인 | 로레토스 모노그램 자카드,MEFEAMM06E4001,https://images.mcmworldwide.com/i/mcmworldwide/MEFEAMM06Y9001_01 | https://images.mcmworldwide.com/i/mcmworldwide/MEFEAMM06Y9001_09 | https://images.mcmworldwide.com/i/mcmworldwide/MEFEAMM06Y9001_04,,https://kr.mcmworldwide.com/ko_KR/%EC%97%AC%EC%84%B1/%ED%8C%A8%EC%85%98%EC%86%8C%ED%92%88/%EB%AA%A8%EB%91%90%EB%B3%B4%EA%B8%B0/%EB%A1%9C%EB%A0%88%ED%86%A0%EC%8A%A4-%EC%9E%90%EC%B9%B4%EB%93%9C-%EC%81%98%EB%9D%A0-%EC%8A%A4%EC%B9%B4%ED%94%84/MEFEAMM06Y9001.html
MEFEAMM06E4001,로레토스 자카드 쁘띠 스카프,195000,Blue,ACTIVE,실크 100%,,,,160 x 15 x 0,,,이탈리아,수작업 봉제 | 양면 디자인 | 로레토스 모노그램 자카드,MEFEAMM06Y9001,https://images.mcmworldwide.com/i/mcmworldwide/MEFEAMM06E4001_01 | https://images.mcmworldwide.com/i/mcmworldwide/MEFEAMM06E4001_09 | https://images.mcmworldwide.com/i/mcmworldwide/MEFEAMM06E4001_04,,https://kr.mcmworldwide.com/ko_KR/%EC%97%AC%EC%84%B1/%ED%8C%A8%EC%85%98%EC%86%8C%ED%92%88/%EC%81%98%EB%9D%A0-%EC%8A%A4%EC%B9%B4%ED%94%84-%EC%8A%A4%EC%B9%B4%ED%94%84/%EB%A1%9C%EB%A0%88%ED%86%A0%EC%8A%A4-%EC%9E%90%EC%B9%B4%EB%93%9C-%EC%81%98%EB%9D%A0-%EC%8A%A4%EC%B9%B4%ED%94%84/MEFEAMM06E4001.html
MXZFAAK03Y0001,Diamant 3D 카프 레더 참,530000,Gold,ACTIVE,스페인산 송아지 가죽,,코튼 트윌,24K 골드 도금 메탈 하드웨어,7 x 13 x 9,,,대한민국,탈부착 가능한 체인 스트랩 | 양방향 지퍼 클로저,,https://images.mcmworldwide.com/i/mcmworldwide/MXZFAAK03Y0001_01 | https://images.mcmworldwide.com/i/mcmworldwide/MXZFAAK03Y0001_09 | https://images.mcmworldwide.com/i/mcmworldwide/MXZFAAK03Y0001_02 | https://images.mcmworldwide.com/i/mcmworldwide/MXZFAAK03Y0001_03 | https://images.mcmworldwide.com/i/mcmworldwide/MXZFAAK03Y0001_04 | https://images.mcmworldwide.com/i/mcmworldwide/MXZFAAK03Y0001_10,https://images.mcmworldwide.com/v/mcmworldwide/MXZFAAK03Y0001_VID/webm_720p,https://kr.mcmworldwide.com/ko_KR/%EC%97%AC%EC%84%B1/%ED%8C%A8%EC%85%98%EC%86%8C%ED%92%88/%EB%AA%A8%EB%91%90%EB%B3%B4%EA%B8%B0/diamant-3d-%EC%B9%B4%ED%94%84-%EB%A0%88%EB%8D%94-%EC%B0%B8/MXZFAAK03Y0001.html
MEFEAMM07CO001,로레토스 모노그램 반다나 스카프,270000,Cognac,ACTIVE,"코튼 70%, 실크 30%",,,,70 x 70 x 0,,,대한민국,수작업 봉제 | 로레토스 모노그램 모티프 | 반다나 또는 스카프로 착용 가능,MEFEAMM07VC001,https://images.mcmworldwide.com/i/mcmworldwide/MEFEAMM07CO001_01 | https://images.mcmworldwide.com/i/mcmworldwide/MEFEAMM07CO001_09 | https://images.mcmworldwide.com/i/mcmworldwide/MEFEAMM07CO001_02,,https://kr.mcmworldwide.com/ko_KR/%EC%97%AC%EC%84%B1/%ED%8C%A8%EC%85%98%EC%86%8C%ED%92%88/%EB%AA%A8%EB%91%90%EB%B3%B4%EA%B8%B0/%EB%A1%9C%EB%A0%88%ED%86%A0%EC%8A%A4-%EB%AA%A8%EB%85%B8%EA%B7%B8%EB%9E%A8-%EB%B0%98%EB%8B%A4%EB%82%98-%EC%8A%A4%EC%B9%B4%ED%94%84/MEFEAMM07CO001.html
MEFEAMM07VC001,로레토스 모노그램 반다나 스카프,270000,Blue,ACTIVE,"코튼 70%, 실크 30%",,,,70 x 70 x 0,,,대한민국,수작업 봉제 | 로레토스 모노그램 모티프 | 반다나 또는 스카프로 착용 가능,MEFEAMM07CO001,https://images.mcmworldwide.com/i/mcmworldwide/MEFEAMM07VC001_01 | https://images.mcmworldwide.com/i/mcmworldwide/MEFEAMM07VC001_02,,https://kr.mcmworldwide.com/ko_KR/%EB%82%A8%EC%84%B1/%ED%8C%A8%EC%85%98%EC%86%8C%ED%92%88/%EC%8A%A4%EC%B9%B4%ED%94%84-%EB%A8%B8%ED%94%8C%EB%9F%AC/%EB%A1%9C%EB%A0%88%ED%86%A0%EC%8A%A4-%EB%AA%A8%EB%85%B8%EA%B7%B8%EB%9E%A8-%EB%B0%98%EB%8B%A4%EB%82%98-%EC%8A%A4%EC%B9%B4%ED%94%84/MEFEAMM07VC001.html
MXEGSTA11PK001,MCM X CASETiFY 로켓 iPhone 17 Pro 케이스,239000,Pink,ACTIVE,,,,,8 x 16 x 2,,,중국,iPhone 17 Pro 에 맞는 사이즈 | 낙하보호: 2.5m | MCM 로고 모티프가 더해진 로켓 그래픽 | CASETiFY의 Duo-Lock 설계로 내구성을 높임 | 보호 기능을 강화한 돌출형 베젤 및 카메라 링 | MagSafe 지원 | 내장형 카메라 제어 버튼 | 군사 표준 규격(MIL-STD-810G)이 요구하는 수준보다 4배 더 강화된 내구성 | 고급 충격 흡수 기능의 EcoShock™ 소재,,https://images.mcmworldwide.com/i/mcmworldwide/MXEGSTA11PK001_01 | https://images.mcmworldwide.com/i/mcmworldwide/MXEGSTA11PK001_02 | https://images.mcmworldwide.com/i/mcmworldwide/MXEGSTA11PK001_03 | https://images.mcmworldwide.com/i/mcmworldwide/MXEGSTA11PK001_04,,https://kr.mcmworldwide.com/ko_KR/%EC%97%AC%EC%84%B1/%ED%8C%A8%EC%85%98%EC%86%8C%ED%92%88/%EB%AA%A8%EB%91%90%EB%B3%B4%EA%B8%B0/mcm-x-casetify-%EB%A1%9C%EC%BC%93-iphone-17-pro-%EC%BC%80%EC%9D%B4%EC%8A%A4/MXEGSTA11PK001.html
MXEGSTA12PK001,MCM X CASETiFY 로켓 iPhone 17 Pro Max 케이스,239000,Pink,ACTIVE,,,,,8 x 17 x 2,,,중국,iPhone 17 Pro Max 에 맞는 사이즈 | 낙하보호: 2.5m | MCM 로고 모티프가 더해진 로켓 그래픽 | CASETiFY의 Duo-Lock 설계로 내구성을 높임 | 보호 기능을 강화한 돌출형 베젤 및 카메라 링 | MagSafe 지원 | 내장형 카메라 제어 버튼 | 군사 표준 규격(MIL-STD-810G)이 요구하는 수준보다 4배 더 강화된 내구성 | 고급 충격 흡수 기능의 EcoShock™ 소재,,https://images.mcmworldwide.com/i/mcmworldwide/MXEGSTA12PK001_01 | https://images.mcmworldwide.com/i/mcmworldwide/MXEGSTA12PK001_02 | https://images.mcmworldwide.com/i/mcmworldwide/MXEGSTA12PK001_03 | https://images.mcmworldwide.com/i/mcmworldwide/MXEGSTA12PK001_04,,https://kr.mcmworldwide.com/ko_KR/%EC%97%AC%EC%84%B1/%ED%8C%A8%EC%85%98%EC%86%8C%ED%92%88/%EB%AA%A8%EB%91%90%EB%B3%B4%EA%B8%B0/mcm-x-casetify-%EB%A1%9C%EC%BC%93-iphone-17-pro-max-%EC%BC%80%EC%9D%B4%EC%8A%A4/MXEGSTA12PK001.html
MEGFAMM04LU001,에비에이터 선글라스,350000,Blue,ACTIVE,,,,,,,,중국,유니섹스 | 렌즈-브릿지-템플 사이즈: 63-12-145 mm | 더블 브릿지 디자인 | 프레임 앞면의 바바리안 다이아몬드 메탈 스터드 장식 | 렌즈 컬러: 그라데이션 블루 | 프레임 컬러: 라이트 루테늄 | 템플 컬러: 라이트 루테늄 | 템플 끝부분의 MCM 로고 모티프 | 로고가 새겨진 파우치 케이스 | 메탈 프레임 | 메탈 템플의 양각 라우렐 패턴,,https://images.mcmworldwide.com/i/mcmworldwide/MEGFAMM04LU001_01 | https://images.mcmworldwide.com/i/mcmworldwide/MEGFAMM04LU001_09 | https://images.mcmworldwide.com/i/mcmworldwide/MEGFAMM04LU001_02 | https://images.mcmworldwide.com/i/mcmworldwide/MEGFAMM04LU001_03 | https://images.mcmworldwide.com/i/mcmworldwide/MEGFAMM04LU001_10,,https://kr.mcmworldwide.com/ko_KR/%EC%97%AC%EC%84%B1/%ED%8C%A8%EC%85%98%EC%86%8C%ED%92%88/%EB%AA%A8%EB%91%90%EB%B3%B4%EA%B8%B0/%EC%97%90%EB%B9%84%EC%97%90%EC%9D%B4%ED%84%B0-%EC%84%A0%EA%B8%80%EB%9D%BC%EC%8A%A4/MEGFAMM04LU001.html
MXZFATA04PZ001,Aren 비세토스 우주 토끼 참,510000,Pink,ACTIVE,비세토스 모노그램 캔버스,천연가죽,,24K 골드 도금 메탈 하드웨어,9 x 6 x 15,,21cm,대한민국,가죽 스트랩 | 로고가 각인된 스프링 잠금장치,,https://images.mcmworldwide.com/i/mcmworldwide/MXZFATA04PZ001_01 | https://images.mcmworldwide.com/i/mcmworldwide/MXZFATA04PZ001_04,,https://kr.mcmworldwide.com/ko_KR/%EC%97%AC%EC%84%B1/%ED%8C%A8%EC%85%98%EC%86%8C%ED%92%88/%EB%AA%A8%EB%91%90%EB%B3%B4%EA%B8%B0/aren-%EB%B9%84%EC%84%B8%ED%86%A0%EC%8A%A4-%EC%9A%B0%EC%A3%BC-%ED%86%A0%EB%81%BC-%EC%B0%B8/MXZFATA04PZ001.html
MEGFSMM11PR001,지오메트릭 선글라스,350000,Pink,ACTIVE,,,,,,,,중국,유니섹스 | 엠보싱 로고 디테일의 인조가죽 파우치 케이스 제공 | 렌즈 컬러: 그라데이션 로즈 + 코퍼 플래시 | 프레임 컬러: 샤이니 밀키 로즈 | 렌즈-브리지-템플 크기: 54-18-140 mm. | 메탈 프레임 | MCM 로고 모티프가 장식된 템플과 바이에른 다이아몬드 메탈 스터드가 장식된 템플 팁,MEGFSMM11CM001,https://images.mcmworldwide.com/i/mcmworldwide/MEGFSMM11PR001_01 | https://images.mcmworldwide.com/i/mcmworldwide/MEGFSMM11PR001_09 | https://images.mcmworldwide.com/i/mcmworldwide/MEGFSMM11PR001_02 | https://images.mcmworldwide.com/i/mcmworldwide/MEGFSMM11PR001_03 | https://images.mcmworldwide.com/i/mcmworldwide/MEGFSMM11PR001_10,,https://kr.mcmworldwide.com/ko_KR/%EC%97%AC%EC%84%B1/%ED%8C%A8%EC%85%98%EC%86%8C%ED%92%88/%EB%AA%A8%EB%91%90%EB%B3%B4%EA%B8%B0/%EC%A7%80%EC%98%A4%EB%A9%94%ED%8A%B8%EB%A6%AD-%EC%84%A0%EA%B8%80%EB%9D%BC%EC%8A%A4/MEGFSMM11PR001.html
MEFESMM07P7001,다이아몬드 모노그램 스카프,390000,Orange,ACTIVE,오가닉 실크 100%,,,,90 x 90 x 0,,,이탈리아,수작업 봉제 | 다이아몬드 라우렐 로고 프린트와 MCM 모노그램,MEFESMM07OQ001,https://images.mcmworldwide.com/i/mcmworldwide/MEFESMM07P7001_01 | https://images.mcmworldwide.com/i/mcmworldwide/MEFESMM07P7001_03,,https://kr.mcmworldwide.com/ko_KR/%EC%97%AC%EC%84%B1/%ED%8C%A8%EC%85%98%EC%86%8C%ED%92%88/%EB%AA%A8%EB%91%90%EB%B3%B4%EA%B8%B0/%EB%8B%A4%EC%9D%B4%EC%95%84%EB%AA%AC%EB%93%9C-%EB%AA%A8%EB%85%B8%EA%B7%B8%EB%9E%A8-%EC%8A%A4%EC%B9%B4%ED%94%84/MEFESMM07P7001.html
MEGFSMM011D001,직사각형 선글라스,440000,Blue,ACTIVE,,,,,,,,이탈리아,유니섹스 | 엠보싱 로고 디테일의 인조가죽 파우치 케이스 제공 | 렌즈 컬러: 솔리드 블루 | 프레임 컬러: 샤이니 모듈러 하바나 | 렌즈-브리지-템플 사이즈: 54-16-135mm. | 힌지 부분 바이에른 다이아몬드 메탈 스터드 디테일 | 아세테이트 프레임 | 라우렐 로고가 장식된 템플과 MCM 로고가 장식된 템플 팁,,https://images.mcmworldwide.com/i/mcmworldwide/MEGFSMM011D001_01 | https://images.mcmworldwide.com/i/mcmworldwide/MEGFSMM011D001_09 | https://images.mcmworldwide.com/i/mcmworldwide/MEGFSMM011D001_02 | https://images.mcmworldwide.com/i/mcmworldwide/MEGFSMM011D001_03 | https://images.mcmworldwide.com/i/mcmworldwide/MEGFSMM011D001_10 | https://images.mcmworldwide.com/i/mcmworldwide/MEGFSMM011D001_11 | https://images.mcmworldwide.com/i/mcmworldwide/MEGFSMM011D001_12,,https://kr.mcmworldwide.com/ko_KR/%EC%97%AC%EC%84%B1/%ED%8C%A8%EC%85%98%EC%86%8C%ED%92%88/%EB%AA%A8%EB%91%90%EB%B3%B4%EA%B8%B0/%EC%A7%81%EC%82%AC%EA%B0%81%ED%98%95-%EC%84%A0%EA%B8%80%EB%9D%BC%EC%8A%A4/MEGFSMM011D001.html
MEFDAMM05CB001,콘트라스트 모노그램 자카드 Resilk 스톨,490000,Black,ACTIVE,Resilk® 재생 실크 100%,,,,3 x 12 x 9,,,이탈리아,자카드 우븐 | 양면 디자인 | 대조적인 비세토스 모노그램,,https://images.mcmworldwide.com/i/mcmworldwide/MEFDAMM05CB001_01 | https://images.mcmworldwide.com/i/mcmworldwide/MEFDAMM05CB001_09 | https://images.mcmworldwide.com/i/mcmworldwide/MEFDAMM05CB001_03 | https://images.mcmworldwide.com/i/mcmworldwide/MEFDAMM05CB001_10,,https://kr.mcmworldwide.com/ko_KR/%EC%97%AC%EC%84%B1/%ED%8C%A8%EC%85%98%EC%86%8C%ED%92%88/%EB%AA%A8%EB%91%90%EB%B3%B4%EA%B8%B0/%EC%BD%98%ED%8A%B8%EB%9D%BC%EC%8A%A4%ED%8A%B8-%EB%AA%A8%EB%85%B8%EA%B7%B8%EB%9E%A8-%EC%9E%90%EC%B9%B4%EB%93%9C-resilk-%EC%8A%A4%ED%86%A8/MEFDAMM05CB001.html
MEGEAMM08D2001,라우렐 직사각형 선글라스,300000,Black,ACTIVE,,,,바이에른 다이아몬드 메탈 스터드와 MCM 로고 금속 장식,,,,중국,로레토스 모노그램 파우치 케이스 포함 | 렌즈 컬러: 솔리드 코냑 | 프레임 컬러: 유광 라이트 골드 | 렌즈-브리지-템플 크기: 55-14-145mm | 아세테이트 템플의 3D 라우렐 모티프 | 메탈 프레임,,https://images.mcmworldwide.com/i/mcmworldwide/MEGEAMM08D2001_01 | https://images.mcmworldwide.com/i/mcmworldwide/MEGEAMM08D2001_09 | https://images.mcmworldwide.com/i/mcmworldwide/MEGEAMM08D2001_02 | https://images.mcmworldwide.com/i/mcmworldwide/MEGEAMM08D2001_03 | https://images.mcmworldwide.com/i/mcmworldwide/MEGEAMM08D2001_10,,https://kr.mcmworldwide.com/ko_KR/%EC%97%AC%EC%84%B1/%ED%8C%A8%EC%85%98%EC%86%8C%ED%92%88/%EB%AA%A8%EB%91%90%EB%B3%B4%EA%B8%B0/%EB%9D%BC%EC%9A%B0%EB%A0%90-%EC%A7%81%EC%82%AC%EA%B0%81%ED%98%95-%EC%84%A0%EA%B8%80%EB%9D%BC%EC%8A%A4/MEGEAMM08D2001.html
MEGEAMM06BK001,네비게이터 선글라스,360000,Black,ACTIVE,,,,템플의 바이에른 다이아몬드 스터드와 로고 금속 장식,,,,중국,로레토스 모노그램 파우치 케이스 포함 | 렌즈 컬러: 솔리드 스모크 | 프레임 컬러: 매트 블랙 | 렌즈-브리지-템플 크기: 58-16-145mm | 메탈 프레임 | 아세테이트 템플,,https://images.mcmworldwide.com/i/mcmworldwide/MEGEAMM06BK001_01 | https://images.mcmworldwide.com/i/mcmworldwide/MEGEAMM06BK001_09 | https://images.mcmworldwide.com/i/mcmworldwide/MEGEAMM06BK001_02 | https://images.mcmworldwide.com/i/mcmworldwide/MEGEAMM06BK001_03 | https://images.mcmworldwide.com/i/mcmworldwide/MEGEAMM06BK001_10,,https://kr.mcmworldwide.com/ko_KR/%EC%97%AC%EC%84%B1/%ED%8C%A8%EC%85%98%EC%86%8C%ED%92%88/%EB%AA%A8%EB%91%90%EB%B3%B4%EA%B8%B0/%EB%84%A4%EB%B9%84%EA%B2%8C%EC%9D%B4%ED%84%B0-%EC%84%A0%EA%B8%80%EB%9D%BC%EC%8A%A4/MEGEAMM06BK001.html
MXZFSTA14XC001,몬스터 볼 참,410000,Red,ACTIVE,캔디 레드 페이크 퍼,비세토스 모노그램 캔버스,,,,21cm,,대한민국,비세토스 핸들 스트랩,,https://images.mcmworldwide.com/i/mcmworldwide/MXZFSTA14XC001_01 | https://images.mcmworldwide.com/i/mcmworldwide/MXZFSTA14XC001_04,,https://kr.mcmworldwide.com/ko_KR/%EC%97%AC%EC%84%B1/%ED%8C%A8%EC%85%98%EC%86%8C%ED%92%88/%EB%AA%A8%EB%91%90%EB%B3%B4%EA%B8%B0/%EB%AA%AC%EC%8A%A4%ED%84%B0-%EB%B3%BC-%EC%B0%B8/MXZFSTA14XC001.html
MXEGSTA13CO001,MCM X CASETiFY 브라스 플레이트 BioVeg iPhone 16 Pro 케이스,269000,Cognac,ACTIVE,PETA 인증 바이오 기반 비건 가죽,,,골드 톤 로고 브라스 플레이트 하드웨어,8 x 16 x 2,,,중국,iPhone 16 Pro 에 맞는 사이즈 | 낙하보호: 2m | 비세토스 모노그램 전면 프린트 | 낙하로부터 보호를 강화한 돌출형 베젤 및 카메라 링 | MagSafe 지원 | 충격 흡수 기능을 더하기 위한 확장된 모서리 디자인 | 군사 표준 규격(MIL-STD-810G)이 요구하는 수준보다 3배 더 강화된 내구성 | 리사이클 마이크로 화이버 라이닝,,https://images.mcmworldwide.com/i/mcmworldwide/MXEGSTA13CO001_01 | https://images.mcmworldwide.com/i/mcmworldwide/MXEGSTA13CO001_02 | https://images.mcmworldwide.com/i/mcmworldwide/MXEGSTA13CO001_03 | https://images.mcmworldwide.com/i/mcmworldwide/MXEGSTA13CO001_04,,https://kr.mcmworldwide.com/ko_KR/%EC%97%AC%EC%84%B1/%ED%8C%A8%EC%85%98%EC%86%8C%ED%92%88/%EB%AA%A8%EB%91%90%EB%B3%B4%EA%B8%B0/mcm-x-casetify-%EB%B8%8C%EB%9D%BC%EC%8A%A4-%ED%94%8C%EB%A0%88%EC%9D%B4%ED%8A%B8-bioveg-iphone-16-pro-%EC%BC%80%EC%9D%B4%EC%8A%A4/MXEGSTA13CO001.html
MXEGSTA14CO001,MCM X CASETiFY 브라스 플레이트 BioVeg iPhone 16 Pro Max 케이스,269000,Cognac,ACTIVE,PETA 인증 바이오 기반 비건 가죽,,,골드 톤 로고 브라스 플레이트 하드웨어,8 x 17 x 2,,,중국,iPhone 16 Pro Max 에 맞는 사이즈 | 낙하보호: 2m | 비세토스 모노그램 전면 프린트 | 낙하로부터 보호를 강화한 돌출형 베젤 및 카메라 링 | MagSafe 지원 | 충격 흡수 기능을 더하기 위한 확장된 모서리 디자인 | 군사 표준 규격(MIL-STD-810G)이 요구하는 수준보다 3배 더 강화된 내구성 | 리사이클 마이크로 화이버 라이닝,,https://images.mcmworldwide.com/i/mcmworldwide/MXEGSTA14CO001_01 | https://images.mcmworldwide.com/i/mcmworldwide/MXEGSTA14CO001_02 | https://images.mcmworldwide.com/i/mcmworldwide/MXEGSTA14CO001_03 | https://images.mcmworldwide.com/i/mcmworldwide/MXEGSTA14CO001_04,,https://kr.mcmworldwide.com/ko_KR/%EC%97%AC%EC%84%B1/%ED%8C%A8%EC%85%98%EC%86%8C%ED%92%88/%EB%AA%A8%EB%91%90%EB%B3%B4%EA%B8%B0/mcm-x-casetify-%EB%B8%8C%EB%9D%BC%EC%8A%A4-%ED%94%8C%EB%A0%88%EC%9D%B4%ED%8A%B8-bioveg-iphone-16-pro-max-%EC%BC%80%EC%9D%B4%EC%8A%A4/MXEGSTA14CO001.html
MEHFAMM02CO058,모노그램 프린트 ECONYL&reg; 패디드 버킷 헷,530000,Cognac,ACTIVE,100% ECONYL® 재생 나일론,,비스코스,,,,,대한민국,앞면에 로고 엠보싱된 가죽 다이아몬드 패치 | 비세토스 모노그램 전면 프린트,,https://images.mcmworldwide.com/i/mcmworldwide/MEHFAMM02CO058_01 | https://images.mcmworldwide.com/i/mcmworldwide/MEHFAMM02CO058_09 | https://images.mcmworldwide.com/i/mcmworldwide/MEHFAMM02CO058_04 | https://images.mcmworldwide.com/i/mcmworldwide/MEHFAMM02CO058_10 | https://images.mcmworldwide.com/i/mcmworldwide/MEHFAMM02CO058_11,,https://kr.mcmworldwide.com/ko_KR/%EC%97%AC%EC%84%B1/%ED%8C%A8%EC%85%98%EC%86%8C%ED%92%88/%EB%AA%A8%EB%91%90%EB%B3%B4%EA%B8%B0/%EB%AA%A8%EB%85%B8%EA%B7%B8%EB%9E%A8-%ED%94%84%EB%A6%B0%ED%8A%B8-econyl%C2%AE-%ED%8C%A8%EB%94%94%EB%93%9C-%EB%B2%84%ED%82%B7-%ED%97%B7/MEHFAMM02CO058.html
MEFESMM07OQ001,다이아몬드 모노그램 스카프,390000,Orange,ACTIVE,오가닉 실크 100%,,,,90 x 90 x 0,,,이탈리아,수작업 봉제 | 다이아몬드 라우렐 로고 프린트와 MCM 모노그램,MEFESMM07P7001,https://images.mcmworldwide.com/i/mcmworldwide/MEFESMM07OQ001_01 | https://images.mcmworldwide.com/i/mcmworldwide/MEFESMM07OQ001_03,,https://kr.mcmworldwide.com/ko_KR/%EC%97%AC%EC%84%B1/%ED%8C%A8%EC%85%98%EC%86%8C%ED%92%88/%EB%AA%A8%EB%91%90%EB%B3%B4%EA%B8%B0/%EB%8B%A4%EC%9D%B4%EC%95%84%EB%AA%AC%EB%93%9C-%EB%AA%A8%EB%85%B8%EA%B7%B8%EB%9E%A8-%EC%8A%A4%EC%B9%B4%ED%94%84/MEFESMM07OQ001.html
MXZGSTA23BK001,MCM X CASETiFY AirPods 파우치 참,99000,Black,ACTIVE,리사이클 폴리에스터,,,하드웨어:아연 합금,9 x 7 x 4,,,중국,카라비너 클라스프 잠금장치 | 앞면 라우렐 모티프 | 상단의 CASETiFY 엠블럼 | 스트랩에 부착할 수 있는 뒷면 루프,,https://images.mcmworldwide.com/i/mcmworldwide/MXZGSTA23BK001_01 | https://images.mcmworldwide.com/i/mcmworldwide/MXZGSTA23BK001_02 | https://images.mcmworldwide.com/i/mcmworldwide/MXZGSTA23BK001_03 | https://images.mcmworldwide.com/i/mcmworldwide/MXZGSTA23BK001_04 | https://images.mcmworldwide.com/i/mcmworldwide/MXZGSTA23BK001_05,,https://kr.mcmworldwide.com/ko_KR/%EC%97%AC%EC%84%B1/%ED%8C%A8%EC%85%98%EC%86%8C%ED%92%88/%EB%AA%A8%EB%91%90%EB%B3%B4%EA%B8%B0/mcm-x-casetify-airpods-%ED%8C%8C%EC%9A%B0%EC%B9%98-%EC%B0%B8/MXZGSTA23BK001.html
MXZGSTT06BK001,엠보스드 모노그램 레더 Apple Watch 밴드,310000,Black,ACTIVE,천연 풀 그레인 레더,,,앤틱크 실버톤 코발트 메탈 MCM 버클과 하드웨어,0 x 2 x 9,,,대한민국,"Apple Watch®는 별도 판매됩니다. | Apple Watch® 10, 9 시리즈에 사용 할 수 있습니다. | 스트랩 길이: 115 mm",,https://images.mcmworldwide.com/i/mcmworldwide/MXZGSTT06BK001_01 | https://images.mcmworldwide.com/i/mcmworldwide/MXZGSTT06BK001_02 | https://images.mcmworldwide.com/i/mcmworldwide/MXZGSTT06BK001_03,,https://kr.mcmworldwide.com/ko_KR/%EC%97%AC%EC%84%B1/%ED%8C%A8%EC%85%98%EC%86%8C%ED%92%88/%EB%AA%A8%EB%91%90%EB%B3%B4%EA%B8%B0/%EC%97%A0%EB%B3%B4%EC%8A%A4%EB%93%9C-%EB%AA%A8%EB%85%B8%EA%B7%B8%EB%9E%A8-%EB%A0%88%EB%8D%94-apple-watch-%EB%B0%B4%EB%93%9C-/MXZGSTT06BK001.html
MEGFSMM05BK001,오버사이즈 스퀘어 선글라스,350000,Black,ACTIVE,,,,,,,,중국,유니섹스 | 엠보싱 로고 디테일의 인조가죽 파우치 케이스 제공 | 렌즈 컬러: 솔리드 스모크 | 프레임 컬러: 샤이니 블랙 | MCM 로고 모티프가 장식된 템플 | 렌즈-브리지-템플 크기: 54-17-145mm. | 아세테이트 프레임 | 바이에른 다이아몬드 메탈 스터드가 장식된 프레임,MEGFSMM05CM001,https://images.mcmworldwide.com/i/mcmworldwide/MEGFSMM05BK001_01 | https://images.mcmworldwide.com/i/mcmworldwide/MEGFSMM05BK001_09 | https://images.mcmworldwide.com/i/mcmworldwide/MEGFSMM05BK001_02 | https://images.mcmworldwide.com/i/mcmworldwide/MEGFSMM05BK001_03 | https://images.mcmworldwide.com/i/mcmworldwide/MEGFSMM05BK001_10,,https://kr.mcmworldwide.com/ko_KR/%EC%97%AC%EC%84%B1/%ED%8C%A8%EC%85%98%EC%86%8C%ED%92%88/%EB%AA%A8%EB%91%90%EB%B3%B4%EA%B8%B0/%EC%98%A4%EB%B2%84%EC%82%AC%EC%9D%B4%EC%A6%88-%EC%8A%A4%ED%80%98%EC%96%B4-%EC%84%A0%EA%B8%80%EB%9D%BC%EC%8A%A4/MEGFSMM05BK001.html
MXZFSTA12CO001,Aren French Bulldog Charm in Visetos,390000,Cognac,ACTIVE,Visetos monogram canvas,,,,,,,대한민국,Logo-engraved spring clasp and key ring | 24k gold-plated metal hardware,,https://images.mcmworldwide.com/i/mcmworldwide/MXZFSTA12CO001_01 | https://images.mcmworldwide.com/i/mcmworldwide/MXZFSTA12CO001_09 | https://images.mcmworldwide.com/i/mcmworldwide/MXZFSTA12CO001_02 | https://images.mcmworldwide.com/i/mcmworldwide/MXZFSTA12CO001_03 | https://images.mcmworldwide.com/i/mcmworldwide/MXZFSTA12CO001_10,,https://kr.mcmworldwide.com/ko_KR/%EC%97%AC%EC%84%B1/%ED%8C%A8%EC%85%98%EC%86%8C%ED%92%88/%EB%AA%A8%EB%91%90%EB%B3%B4%EA%B8%B0/aren-french-bulldog-charm-in-visetos/MXZFSTA12CO001.html
MEGEAMM10EG001,스퀘어 선글라스,350000,Grey,ACTIVE,,,,프레임의 바이에른 다이아몬드 스터드 금속 장식,,,,중국,로레토스 모노그램 파우치 케이스 포함 | 렌즈 컬러: 솔리드 라이트 블루 | 프레임 컬러: 스트라이프 그레이와 이리데슨트 모노그램 | 렌즈-브리지-템플 크기: 55-16-145mm | 템플의 MCM 로고 모티프 | 아세테이트 구조,,https://images.mcmworldwide.com/i/mcmworldwide/MEGEAMM10EG001_01 | https://images.mcmworldwide.com/i/mcmworldwide/MEGEAMM10EG001_09 | https://images.mcmworldwide.com/i/mcmworldwide/MEGEAMM10EG001_02 | https://images.mcmworldwide.com/i/mcmworldwide/MEGEAMM10EG001_03 | https://images.mcmworldwide.com/i/mcmworldwide/MEGEAMM10EG001_10,,https://kr.mcmworldwide.com/ko_KR/%EC%97%AC%EC%84%B1/%ED%8C%A8%EC%85%98%EC%86%8C%ED%92%88/%EB%AA%A8%EB%91%90%EB%B3%B4%EA%B8%B0/%EC%8A%A4%ED%80%98%EC%96%B4-%EC%84%A0%EA%B8%80%EB%9D%BC%EC%8A%A4/MEGEAMM10EG001.html
MXBESTA03BK001,Aren 엠보스드 모노그램 레더 리버서블 벨트 1.3&rdquo;,450000,Black,ACTIVE,메인 측면: 엠보스드 모노그램 가죽,,,24K 도금 브라스 텅 버클,0 x 130 x 3,,,대한민국,리버서블 디자인 | 길이 조절 가능(커팅하여 사이즈 조절) | 뒷면: 비세토스 모노그램 캔버스,,https://images.mcmworldwide.com/i/mcmworldwide/MXBESTA03BK001_01 | https://images.mcmworldwide.com/i/mcmworldwide/MXBESTA03BK001_02 | https://images.mcmworldwide.com/i/mcmworldwide/MXBESTA03BK001_03,,https://kr.mcmworldwide.com/ko_KR/%EC%97%AC%EC%84%B1/%ED%8C%A8%EC%85%98%EC%86%8C%ED%92%88/%EB%AA%A8%EB%91%90%EB%B3%B4%EA%B8%B0/aren-%EC%97%A0%EB%B3%B4%EC%8A%A4%EB%93%9C-%EB%AA%A8%EB%85%B8%EA%B7%B8%EB%9E%A8-%EB%A0%88%EB%8D%94-%EB%A6%AC%EB%B2%84%EC%84%9C%EB%B8%94-%EB%B2%A8%ED%8A%B8-1.3%E2%80%9D/MXBESTA03BK001.html
MEGFSMM05CM001,오버사이즈 스퀘어 선글라스,350000,Black,ACTIVE,,,,,,,,중국,유니섹스 | 엠보싱 로고 디테일의 인조가죽 파우치 케이스 제공 | 렌즈 컬러: 그라데이션 브라운 | 프레임 컬러: 샤이니 다크 하바나 | MCM 로고 모티프가 장식된 템플 | 렌즈-브리지-템플 크기: 54-17-145mm. | 아세테이트 프레임 | 바이에른 다이아몬드 메탈 스터드가 장식된 프레임,MEGFSMM05BK001,https://images.mcmworldwide.com/i/mcmworldwide/MEGFSMM05CM001_01 | https://images.mcmworldwide.com/i/mcmworldwide/MEGFSMM05CM001_09 | https://images.mcmworldwide.com/i/mcmworldwide/MEGFSMM05CM001_02 | https://images.mcmworldwide.com/i/mcmworldwide/MEGFSMM05CM001_03 | https://images.mcmworldwide.com/i/mcmworldwide/MEGFSMM05CM001_10,,https://kr.mcmworldwide.com/ko_KR/%EC%97%AC%EC%84%B1/%ED%8C%A8%EC%85%98%EC%86%8C%ED%92%88/%EB%AA%A8%EB%91%90%EB%B3%B4%EA%B8%B0/%EC%98%A4%EB%B2%84%EC%82%AC%EC%9D%B4%EC%A6%88-%EC%8A%A4%ED%80%98%EC%96%B4-%EC%84%A0%EA%B8%80%EB%9D%BC%EC%8A%A4/MEGFSMM05CM001.html
MYBFSUM01CO100,M-Art 비세토스 벨트 1인치,470000,Cognac,ACTIVE,비세토스 모노그램 캔버스,천연 나파 가죽,,24K 도금 MCM 브라스 버클,0 x 0 x 3,,,대한민국,조절 가능한 길이,MYBGAUM014B100 | MYBGAUM01PZ100,https://images.mcmworldwide.com/i/mcmworldwide/MYBFSUM01CO100_01 | https://images.mcmworldwide.com/i/mcmworldwide/MYBFSUM01CO100_02 | https://images.mcmworldwide.com/i/mcmworldwide/MYBFSUM01CO100_03,,https://kr.mcmworldwide.com/ko_KR/%EC%97%AC%EC%84%B1/%ED%8C%A8%EC%85%98%EC%86%8C%ED%92%88/%EB%AA%A8%EB%91%90%EB%B3%B4%EA%B8%B0/m-art-%EB%B9%84%EC%84%B8%ED%86%A0%EC%8A%A4-%EB%B2%A8%ED%8A%B8-1%EC%9D%B8%EC%B9%98/MYBFSUM01CO100.html
MYBGAUM014B100,M-Art 비세토스 1인치 벨트,450000,Brown,ACTIVE,비세토스 모노그램 캔버스,나파 가죽,,24K 골드 도금 브라스 버클,,,,대한민국,사이즈별로 길이 상이,MYBFSUM01CO100 | MYBGAUM01PZ100,https://images.mcmworldwide.com/i/mcmworldwide/MYBGAUM014B100_01 | https://images.mcmworldwide.com/i/mcmworldwide/MYBGAUM014B100_09 | https://images.mcmworldwide.com/i/mcmworldwide/MYBGAUM014B100_02 | https://images.mcmworldwide.com/i/mcmworldwide/MYBGAUM014B100_03 | https://images.mcmworldwide.com/i/mcmworldwide/MYBGAUM014B100_10,,https://kr.mcmworldwide.com/ko_KR/m-art-%EB%B9%84%EC%84%B8%ED%86%A0%EC%8A%A4-1%EC%9D%B8%EC%B9%98-%EB%B2%A8%ED%8A%B8/MYBGAUM014B100.html
MYBGAUM01PZ100,M-Art 비세토스 1인치 벨트,450000,Pink,ACTIVE,비세토스 모노그램 캔버스,나파 가죽,,24K 골드 도금 브라스 버클,,,,대한민국,사이즈별로 길이 상이,MYBFSUM01CO100 | MYBGAUM014B100,https://images.mcmworldwide.com/i/mcmworldwide/MYBGAUM01PZ100_01 | https://images.mcmworldwide.com/i/mcmworldwide/MYBGAUM01PZ100_09 | https://images.mcmworldwide.com/i/mcmworldwide/MYBGAUM01PZ100_02 | https://images.mcmworldwide.com/i/mcmworldwide/MYBGAUM01PZ100_03 | https://images.mcmworldwide.com/i/mcmworldwide/MYBGAUM01PZ100_10,,https://kr.mcmworldwide.com/ko_KR/m-art-%EB%B9%84%EC%84%B8%ED%86%A0%EC%8A%A4-1%EC%9D%B8%EC%B9%98-%EB%B2%A8%ED%8A%B8/MYBGAUM01PZ100.html
MYBGAUM01PZ090,M-Art 비세토스 1인치 벨트,450000,Pink,ACTIVE,비세토스 모노그램 캔버스,나파 가죽,,24K 골드 도금 브라스 버클,,,,대한민국,사이즈별로 길이 상이,MYBGAUM014B090,https://images.mcmworldwide.com/i/mcmworldwide/MYBGAUM01PZ090_01 | https://images.mcmworldwide.com/i/mcmworldwide/MYBGAUM01PZ090_09 | https://images.mcmworldwide.com/i/mcmworldwide/MYBGAUM01PZ090_02 | https://images.mcmworldwide.com/i/mcmworldwide/MYBGAUM01PZ090_03 | https://images.mcmworldwide.com/i/mcmworldwide/MYBGAUM01PZ090_10,,https://kr.mcmworldwide.com/ko_KR/%EC%97%AC%EC%84%B1/%ED%8C%A8%EC%85%98%EC%86%8C%ED%92%88/%EB%AA%A8%EB%91%90%EB%B3%B4%EA%B8%B0/m-art-%EB%B9%84%EC%84%B8%ED%86%A0%EC%8A%A4-1%EC%9D%B8%EC%B9%98-%EB%B2%A8%ED%8A%B8/MYBGAUM01PZ090.html
MYBGAUM014B090,M-Art 비세토스 1인치 벨트,450000,Brown,ACTIVE,비세토스 모노그램 캔버스,나파 가죽,,24K 골드 도금 브라스 버클,,,,대한민국,사이즈별로 길이 상이,MYBGAUM01PZ090,https://images.mcmworldwide.com/i/mcmworldwide/MYBGAUM014B090_01 | https://images.mcmworldwide.com/i/mcmworldwide/MYBGAUM014B090_09 | https://images.mcmworldwide.com/i/mcmworldwide/MYBGAUM014B090_02 | https://images.mcmworldwide.com/i/mcmworldwide/MYBGAUM014B090_03 | https://images.mcmworldwide.com/i/mcmworldwide/MYBGAUM014B090_10,,https://kr.mcmworldwide.com/ko_KR/m-art-%EB%B9%84%EC%84%B8%ED%86%A0%EC%8A%A4-1%EC%9D%B8%EC%B9%98-%EB%B2%A8%ED%8A%B8/MYBGAUM014B090.html
MXZFATT05K8001,42-49mm 비세토스 Apple Watch 밴드,290000,Green,ACTIVE,비세토스 모노그램 캔버스,,,앤틱크 실버톤 코발트 메탈 MCM 버클과 하드웨어,0 x 2 x 10,,,대한민국,"Apple Watch®는 별도 판매됩니다. | Apple Watch® 10, 9 시리즈에 사용 할 수 있습니다. | 스트랩 안쪽과 트림: 천연 나파 가죽 | 스트랩 길이: 115 mm",MXZEATT04CO001,https://images.mcmworldwide.com/i/mcmworldwide/MXZFATT05K8001_01 | https://images.mcmworldwide.com/i/mcmworldwide/MXZFATT05K8001_02 | https://images.mcmworldwide.com/i/mcmworldwide/MXZFATT05K8001_03,,https://kr.mcmworldwide.com/ko_KR/%EC%97%AC%EC%84%B1/%ED%8C%A8%EC%85%98%EC%86%8C%ED%92%88/%EB%AA%A8%EB%91%90%EB%B3%B4%EA%B8%B0/42-49mm-%EB%B9%84%EC%84%B8%ED%86%A0%EC%8A%A4-apple-watch-%EB%B0%B4%EB%93%9C/MXZFATT05K8001.html
MXZEATT04CO001,42-49mm 비세토스 Apple Watch 스트랩,290000,Cognac,ACTIVE,비세토스 모노그램 캔버스,,,24K 도금 브라스 버클,0 x 2 x 8,,,대한민국,Apple Watch® 별도 판매 | 42-49mm / 44mm / 45mm 애플워치 호환 스트랩 | 밑면 및 트림: 천연 나파 가죽 | 스트랩 길이: 115 mm,MXZFATT05K8001,https://images.mcmworldwide.com/i/mcmworldwide/MXZEATT04CO001_01 | https://images.mcmworldwide.com/i/mcmworldwide/MXZEATT04CO001_02 | https://images.mcmworldwide.com/i/mcmworldwide/MXZEATT04CO001_03,,https://kr.mcmworldwide.com/ko_KR/%EB%9D%BC%EC%9D%B4%ED%94%84%EC%8A%A4%ED%83%80%EC%9D%BC/%ED%85%8C%ED%81%AC-%EC%95%A1%EC%84%B8%EC%84%9C%EB%A6%AC/42-49mm-%EB%B9%84%EC%84%B8%ED%86%A0%EC%8A%A4-apple-watch-%EC%8A%A4%ED%8A%B8%EB%9E%A9/MXZEATT04CO001.html
MYZGATA09BK001,Pina 스터드 장식이 더해진 카프킨 숄더 스트랩,610000,Black,ACTIVE,100% 카프스킨,,,24K 골드 도금 브라스 하드웨어,0 x 4 x 97,,,대한민국,스프링 잠금장치 | 금속 로고 스터드 장식 | 밑면: 나파 가죽,,https://images.mcmworldwide.com/i/mcmworldwide/MYZGATA09BK001_01 | https://images.mcmworldwide.com/i/mcmworldwide/MYZGATA09BK001_04 | https://images.mcmworldwide.com/i/mcmworldwide/MYZGATA09BK001_05,,https://kr.mcmworldwide.com/ko_KR/%EC%97%AC%EC%84%B1/%ED%8C%A8%EC%85%98%EC%86%8C%ED%92%88/%EB%AA%A8%EB%91%90%EB%B3%B4%EA%B8%B0/pina-%EC%8A%A4%ED%84%B0%EB%93%9C-%EC%9E%A5%EC%8B%9D%EC%9D%B4-%EB%8D%94%ED%95%B4%EC%A7%84-%EC%B9%B4%ED%94%84%ED%82%A8-%EC%88%84%EB%8D%94-%EC%8A%A4%ED%8A%B8%EB%9E%A9/MYZGATA09BK001.html
MXZGATA23CO001,MCM X We The Best 비세토스 참,250000,Cognac,ACTIVE,비세토스 모노그램 캔버스,,,24K 앤티크 골드 도금 메탈 하드웨어,0 x 100 x 70,,,대한민국,버클이 더해진 가죽 스트랩,,https://images.mcmworldwide.com/i/mcmworldwide/MXZGATA23CO001_01 | https://images.mcmworldwide.com/i/mcmworldwide/MXZGATA23CO001_09 | https://images.mcmworldwide.com/i/mcmworldwide/MXZGATA23CO001_04 | https://images.mcmworldwide.com/i/mcmworldwide/MXZGATA23CO001_10 | https://images.mcmworldwide.com/i/mcmworldwide/MXZGATA23CO001_11,,https://kr.mcmworldwide.com/ko_KR/%EC%97%AC%EC%84%B1/%ED%8C%A8%EC%85%98%EC%86%8C%ED%92%88/%EB%AA%A8%EB%91%90%EB%B3%B4%EA%B8%B0/mcm-x-we-the-best-%EB%B9%84%EC%84%B8%ED%86%A0%EC%8A%A4-%EC%B0%B8/MXZGATA23CO001.html
MXZGATA181I001,비세토스 레더 믹스 디스코 턴테이블 참,290000,Blue,ACTIVE,나파 레더,비세토스 모노그램 캔버스,,실버톤 코발트 메탈 하드웨어,0 x 11 x 10,,19cm,대한민국,가죽 스트랩 | 키 링 클라스프 | MCM Disco 모티프,MXZGATA18Y0001,https://images.mcmworldwide.com/i/mcmworldwide/MXZGATA181I001_01 | https://images.mcmworldwide.com/i/mcmworldwide/MXZGATA181I001_04,,https://kr.mcmworldwide.com/ko_KR/%EC%97%AC%EC%84%B1/%ED%8C%A8%EC%85%98%EC%86%8C%ED%92%88/%EB%AA%A8%EB%91%90%EB%B3%B4%EA%B8%B0/%EB%B9%84%EC%84%B8%ED%86%A0%EC%8A%A4-%EB%A0%88%EB%8D%94-%EB%AF%B9%EC%8A%A4-%EB%94%94%EC%8A%A4%EC%BD%94-%ED%84%B4%ED%85%8C%EC%9D%B4%EB%B8%94-%EC%B0%B8/MXZGATA181I001.html
MXZGATA18Y0001,비세토스 레더 믹스 디스코 턴테이블 참,290000,Gold,ACTIVE,나파 레더,비세토스 모노그램 캔버스,,24K 금 도금 브라스 하드웨어,0 x 11 x 10,,19cm,대한민국,가죽 스트랩 | 키 링 클라스프 | MCM Disco 모티프,MXZGATA181I001,https://images.mcmworldwide.com/i/mcmworldwide/MXZGATA18Y0001_01 | https://images.mcmworldwide.com/i/mcmworldwide/MXZGATA18Y0001_04,,https://kr.mcmworldwide.com/ko_KR/%EB%82%A8%EC%84%B1/%ED%8C%A8%EC%85%98%EC%86%8C%ED%92%88/%EB%AA%A8%EB%91%90%EB%B3%B4%EA%B8%B0/%EB%B9%84%EC%84%B8%ED%86%A0%EC%8A%A4-%EB%A0%88%EB%8D%94-%EB%AF%B9%EC%8A%A4-%EB%94%94%EC%8A%A4%EC%BD%94-%ED%84%B4%ED%85%8C%EC%9D%B4%EB%B8%94-%EC%B0%B8/MXZGATA18Y0001.html
MFHGAMM02L8040,모노그램 플록 포켓 웨스턴 셔츠,690000,Blue,ACTIVE,"레이온 35%, 폴리에스테르 65%",,,,,,,대한민국,"웨스턴 스타일 어깨 패널 | 버튼 클로저와 버튼 커프스 | 비세토스 모노그램 플록 프린트가 더해진 가슴 포켓 | 레귤러 핏 | 여성 모델의 키는 175cm/5'8"" 이며 사이즈 40을 착용하고 있습니다.",,https://images.mcmworldwide.com/i/mcmworldwide/MFHGAMM02L8040_01 | https://images.mcmworldwide.com/i/mcmworldwide/MFHGAMM02L8040_09 | https://images.mcmworldwide.com/i/mcmworldwide/MFHGAMM02L8040_04 | https://images.mcmworldwide.com/i/mcmworldwide/MFHGAMM02L8040_10 | https://images.mcmworldwide.com/i/mcmworldwide/MFHGAMM02L8040_11 | https://images.mcmworldwide.com/i/mcmworldwide/MFHGAMM02L8040_12,,https://kr.mcmworldwide.com/ko_KR/%EC%97%AC%EC%84%B1/%EC%9D%98%EB%A5%98/%EB%AA%A8%EB%91%90%EB%B3%B4%EA%B8%B0/%EB%AA%A8%EB%85%B8%EA%B7%B8%EB%9E%A8-%ED%94%8C%EB%A1%9D-%ED%8F%AC%EC%BC%93-%EC%9B%A8%EC%8A%A4%ED%84%B4-%EC%85%94%EC%B8%A0/MFHGAMM02L8040.html
MFPGAMM04LI038,루렉스 데님 플레어 팬츠,830000,Blue,ACTIVE,"66.2% 코튼, 22.8% 폴리에스테르, 11% 금속 코팅 섬유",,,로고가 각인된 버튼과 스터드 하드웨어,,,,대한민국,"실리콘 로고 플레이트 패치가 있는 5포켓 스타일 | 뒷면의 비세토스 모노그램 패치 | 포켓 라이닝: 코튼 100% | 슬림 핏 | 여성 모델의 키는 175cm/5'8"" 이며 사이즈 40을 착용하고 있습니다.",,https://images.mcmworldwide.com/i/mcmworldwide/MFPGAMM04LI038_01 | https://images.mcmworldwide.com/i/mcmworldwide/MFPGAMM04LI038_09 | https://images.mcmworldwide.com/i/mcmworldwide/MFPGAMM04LI038_04 | https://images.mcmworldwide.com/i/mcmworldwide/MFPGAMM04LI038_10 | https://images.mcmworldwide.com/i/mcmworldwide/MFPGAMM04LI038_11,,https://kr.mcmworldwide.com/ko_KR/%EC%97%AC%EC%84%B1/%EC%9D%98%EB%A5%98/%EB%AA%A8%EB%91%90%EB%B3%B4%EA%B8%B0/%EB%A3%A8%EB%A0%89%EC%8A%A4-%EB%8D%B0%EB%8B%98-%ED%94%8C%EB%A0%88%EC%96%B4-%ED%8C%AC%EC%B8%A0/MFPGAMM04LI038.html
MFTGAMM01WT00L,디스코 시퀸 티셔츠,450000,White,ACTIVE,100% 오가닉 면,,,,,,,대한민국,"스팽글 장식이 있는 “MCM Disco” 로고 | 리브 니트 트림 | 레귤러 핏 | 여성 모델의 키는 175cm/5'8"" 이며 사이즈 S를 착용하고 있습니다.",,https://images.mcmworldwide.com/i/mcmworldwide/MFTGAMM01WT00L_01 | https://images.mcmworldwide.com/i/mcmworldwide/MFTGAMM01WT00L_09 | https://images.mcmworldwide.com/i/mcmworldwide/MFTGAMM01WT00L_04 | https://images.mcmworldwide.com/i/mcmworldwide/MFTGAMM01WT00L_10 | https://images.mcmworldwide.com/i/mcmworldwide/MFTGAMM01WT00L_11 | https://images.mcmworldwide.com/i/mcmworldwide/MFTGAMM01WT00L_12,,https://kr.mcmworldwide.com/ko_KR/%EC%97%AC%EC%84%B1/%EC%9D%98%EB%A5%98/%EB%AA%A8%EB%91%90%EB%B3%B4%EA%B8%B0/%EB%94%94%EC%8A%A4%EC%BD%94-%EC%8B%9C%ED%80%B8-%ED%8B%B0%EC%85%94%EC%B8%A0-/MFTGAMM01WT00L.html
MFKGAMM01LI00M,루렉스 데님 오버올 스커트,890000,Blue,ACTIVE,"66.2% 코튼, 22.8% 폴리에스테르, 11% 금속 코팅 섬유",,,로고가 각인된 버튼과 스터드 하드웨어,,,,대한민국,"실리콘 MCM 로고 플레이트가 있는 가슴 포켓 | 앞면 및 후면 포켓 | 뒷면의 비세토스 모노그램 패치 | 포켓 라이닝: 코튼 100% | 여성 모델의 키는 175cm/5'8"" 이며 사이즈 S를 착용하고 있습니다.",,https://images.mcmworldwide.com/i/mcmworldwide/MFKGAMM01LI00M_01 | https://images.mcmworldwide.com/i/mcmworldwide/MFKGAMM01LI00M_09 | https://images.mcmworldwide.com/i/mcmworldwide/MFKGAMM01LI00M_04 | https://images.mcmworldwide.com/i/mcmworldwide/MFKGAMM01LI00M_10 | https://images.mcmworldwide.com/i/mcmworldwide/MFKGAMM01LI00M_11 | https://images.mcmworldwide.com/i/mcmworldwide/MFKGAMM01LI00M_12,,https://kr.mcmworldwide.com/ko_KR/%EC%97%AC%EC%84%B1/%EC%9D%98%EB%A5%98/%EB%AA%A8%EB%91%90%EB%B3%B4%EA%B8%B0/%EB%A3%A8%EB%A0%89%EC%8A%A4-%EB%8D%B0%EB%8B%98-%EC%98%A4%EB%B2%84%EC%98%AC-%EC%8A%A4%EC%BB%A4%ED%8A%B8/MFKGAMM01LI00M.html
MHHGAMM01LI046,루렉스 데님 모노그램 포켓 셔츠,830000,Blue,ACTIVE,"66.2% 코튼, 22.8% 폴리에스테르, 11% 금속 코팅 섬유",,,,,,,대한민국,"가슴 포켓에 비세토스 모노그램 자수 | 메탈 로고 버튼 잠금 장치 | 버튼 커프스 | 스터드 장식 칼라 | 오버사이즈 핏 | 여성 모델의 키는 175cm/5'8"" 이며 사이즈 44를 착용하고 있습니다. | 남성 모델의 키는 186cm/6'1"" 이며 사이즈 48을 착용하고 있습니다.",,https://images.mcmworldwide.com/i/mcmworldwide/MHHGAMM01LI046_01 | https://images.mcmworldwide.com/i/mcmworldwide/MHHGAMM01LI046_04,,https://kr.mcmworldwide.com/ko_KR/%EC%97%AC%EC%84%B1/%EC%9D%98%EB%A5%98/%EB%AA%A8%EB%91%90%EB%B3%B4%EA%B8%B0/%EB%A3%A8%EB%A0%89%EC%8A%A4-%EB%8D%B0%EB%8B%98-%EB%AA%A8%EB%85%B8%EA%B7%B8%EB%9E%A8-%ED%8F%AC%EC%BC%93-%EC%85%94%EC%B8%A0/MHHGAMM01LI046.html
MHTGAMM04BK00L,디스코 패치 티셔츠,450000,Black,ACTIVE,100% 오가닉 면,,,,,,,대한민국,"앞면에 “MCM Disco” 패치 | 리브 니트 트림 | 오버사이즈 핏 | 여성 모델의 키는 175cm/5'8"" 이며 사이즈 S를 착용하고 있습니다. | 남성 모델의 키는 186cm/6'1"" 이며 사이즈 M을 착용하고 있습니다.",,https://images.mcmworldwide.com/i/mcmworldwide/MHTGAMM04BK00L_01 | https://images.mcmworldwide.com/i/mcmworldwide/MHTGAMM04BK00L_04,,https://kr.mcmworldwide.com/ko_KR/%EC%97%AC%EC%84%B1/%EC%9D%98%EB%A5%98/%EB%AA%A8%EB%91%90%EB%B3%B4%EA%B8%B0/%EB%94%94%EC%8A%A4%EC%BD%94-%ED%8C%A8%EC%B9%98-%ED%8B%B0%EC%85%94%EC%B8%A0-/MHTGAMM04BK00L.html
MHTGAMM12BK00L,MCM X ATEEZ with MINGI 코튼 로고 티셔츠,270000,Black,ACTIVE,코튼 100%,,,,,,,대한민국,앞면의 MCM 라우렐 로고 프린트 | 뒷면의 ‘FIX ON’ 비세토스 모노그램 프린트 | 리브 니트 트림 | 편안한 핏,,https://images.mcmworldwide.com/i/mcmworldwide/MHTGAMM12BK00L_01 | https://images.mcmworldwide.com/i/mcmworldwide/MHTGAMM12BK00L_04,,https://kr.mcmworldwide.com/ko_KR/%EC%97%AC%EC%84%B1/%EC%9D%98%EB%A5%98/%EB%AA%A8%EB%91%90%EB%B3%B4%EA%B8%B0/mcm-x-ateez-with-mingi-%EC%BD%94%ED%8A%BC-%EB%A1%9C%EA%B3%A0-%ED%8B%B0%EC%85%94%EC%B8%A0/MHTGAMM12BK00L.html
MFTGSMM02BK00L,모노그램 프린트 티셔츠,450000,Black,ACTIVE,100% 오가닉 코튼,,,,35.4 x 35.4 x 0.0,,,대한민국,"앞면의 디지털 프린트된 비세토스 모노그램 | 리브 니트 트림 | 레귤러 핏 | Female model is 176cm / 5'8"" tall and wears size S.",MFTGSMM02CO00L,https://images.mcmworldwide.com/i/mcmworldwide/MFTGSMM02BK00L_01 | https://images.mcmworldwide.com/i/mcmworldwide/MFTGSMM02BK00L_09 | https://images.mcmworldwide.com/i/mcmworldwide/MFTGSMM02BK00L_04 | https://images.mcmworldwide.com/i/mcmworldwide/MFTGSMM02BK00L_10 | https://images.mcmworldwide.com/i/mcmworldwide/MFTGSMM02BK00L_11 | https://images.mcmworldwide.com/i/mcmworldwide/MFTGSMM02BK00L_12,,https://kr.mcmworldwide.com/ko_KR/%EC%97%AC%EC%84%B1/%EC%9D%98%EB%A5%98/%EB%AA%A8%EB%91%90%EB%B3%B4%EA%B8%B0/%EB%AA%A8%EB%85%B8%EA%B7%B8%EB%9E%A8-%ED%94%84%EB%A6%B0%ED%8A%B8-%ED%8B%B0%EC%85%94%EC%B8%A0-/MFTGSMM02BK00L.html
MFTGSMM02CO00L,모노그램 프린트 티셔츠,450000,Cognac,ACTIVE,100% 오가닉 코튼,,,,35.4 x 35.4 x 0.0,,,대한민국,"앞면의 디지털 프린트된 비세토스 모노그램 | 리브 니트 트림 | 레귤러 핏 | Female model is 173cm / 5'7"" tall and wears size S.",MFTGSMM02BK00L,https://images.mcmworldwide.com/i/mcmworldwide/MFTGSMM02CO00L_01 | https://images.mcmworldwide.com/i/mcmworldwide/MFTGSMM02CO00L_09 | https://images.mcmworldwide.com/i/mcmworldwide/MFTGSMM02CO00L_04 | https://images.mcmworldwide.com/i/mcmworldwide/MFTGSMM02CO00L_10 | https://images.mcmworldwide.com/i/mcmworldwide/MFTGSMM02CO00L_11 | https://images.mcmworldwide.com/i/mcmworldwide/MFTGSMM02CO00L_12 | https://images.mcmworldwide.com/i/mcmworldwide/MFTGSMM02CO00L_13,,https://kr.mcmworldwide.com/ko_KR/%EB%AA%A8%EB%85%B8%EA%B7%B8%EB%9E%A8-%ED%94%84%EB%A6%B0%ED%8A%B8-%ED%8B%B0%EC%85%94%EC%B8%A0-/MFTGSMM02CO00L.html
MHPGAMM01BK00L,모노그램 카고 팬츠 ECONYL&reg;,990000,Black,ACTIVE,100% ECONYL® 재생 나일론,,폴리에스테르 100%,,,,,대한민국,"비세토스 모노그램 프린트 | 카고 포켓 | 오버사이즈 핏 | Female model is 170cm / 5'6"" tall and wears size M. | Male model is 181cm / 5'9"" tall and wears size M.",,https://images.mcmworldwide.com/i/mcmworldwide/MHPGAMM01BK00L_01 | https://images.mcmworldwide.com/i/mcmworldwide/MHPGAMM01BK00L_09 | https://images.mcmworldwide.com/i/mcmworldwide/MHPGAMM01BK00L_04 | https://images.mcmworldwide.com/i/mcmworldwide/MHPGAMM01BK00L_10 | https://images.mcmworldwide.com/i/mcmworldwide/MHPGAMM01BK00L_11 | https://images.mcmworldwide.com/i/mcmworldwide/MHPGAMM01BK00L_12 | https://images.mcmworldwide.com/i/mcmworldwide/MHPGAMM01BK00L_13,,https://kr.mcmworldwide.com/ko_KR/%EC%97%AC%EC%84%B1/%EC%9D%98%EB%A5%98/%EB%AA%A8%EB%91%90%EB%B3%B4%EA%B8%B0/%EB%AA%A8%EB%85%B8%EA%B7%B8%EB%9E%A8-%EC%B9%B4%EA%B3%A0-%ED%8C%AC%EC%B8%A0-econyl%C2%AE-/MHPGAMM01BK00L.html
MHTGAMM024B00L,50주년 기념 티셔츠,390000,Brown,ACTIVE,100% 오가닉 면,,,,,,,대한민국,"가슴 부분에 50주년 기념 패치 자수 | 리브 니트 트림 | 레귤러 핏 | 여성 모델의 키는 175cm/5'8"" 이며 사이즈 S를 착용하고 있습니다. | 남성 모델의 키는 186cm/6'1"" 이며 사이즈 M을 착용하고 있습니다.",MHTGAMM02VC00L,https://images.mcmworldwide.com/i/mcmworldwide/MHTGAMM024B00L_01 | https://images.mcmworldwide.com/i/mcmworldwide/MHTGAMM024B00L_09 | https://images.mcmworldwide.com/i/mcmworldwide/MHTGAMM024B00L_04 | https://images.mcmworldwide.com/i/mcmworldwide/MHTGAMM024B00L_10 | https://images.mcmworldwide.com/i/mcmworldwide/MHTGAMM024B00L_11 | https://images.mcmworldwide.com/i/mcmworldwide/MHTGAMM024B00L_12,,https://kr.mcmworldwide.com/ko_KR/%EC%97%AC%EC%84%B1/%EC%9D%98%EB%A5%98/%EB%AA%A8%EB%91%90%EB%B3%B4%EA%B8%B0/50%EC%A3%BC%EB%85%84-%EA%B8%B0%EB%85%90-%ED%8B%B0%EC%85%94%EC%B8%A0-/MHTGAMM024B00L.html
MHTGAMM02VC00L,50주년 기념 티셔츠,390000,Blue,ACTIVE,100% 오가닉 면,,,,,,,대한민국,"가슴 부분에 50주년 기념 패치 자수 | 리브 니트 트림 | 레귤러 핏 | 여성 모델의 키는 175cm/5'8"" 이며 사이즈 S를 착용하고 있습니다. | 남성 모델의 키는 186cm/6'1"" 이며 사이즈 M을 착용하고 있습니다.",MHTGAMM024B00L,https://images.mcmworldwide.com/i/mcmworldwide/MHTGAMM02VC00L_01 | https://images.mcmworldwide.com/i/mcmworldwide/MHTGAMM02VC00L_04,,https://kr.mcmworldwide.com/ko_KR/50%EC%A3%BC%EB%85%84-%EA%B8%B0%EB%85%90-%ED%8B%B0%EC%85%94%EC%B8%A0-/MHTGAMM02VC00L.html
MFHGAMM01OQ040,실크 파자마 셔츠,1050000,Orange,ACTIVE,"실크 94%, 폴리우레탄 6%",100% 폴리에스터,,,,,,대한민국,"버튼 클로저 | 가슴 포켓 | 레귤러 핏 | 여성 모델의 키는 175cm/5'8"" 이며 사이즈 40을 착용하고 있습니다.",MFHGAMM01PZ040,https://images.mcmworldwide.com/i/mcmworldwide/MFHGAMM01OQ040_01 | https://images.mcmworldwide.com/i/mcmworldwide/MFHGAMM01OQ040_09 | https://images.mcmworldwide.com/i/mcmworldwide/MFHGAMM01OQ040_04 | https://images.mcmworldwide.com/i/mcmworldwide/MFHGAMM01OQ040_10 | https://images.mcmworldwide.com/i/mcmworldwide/MFHGAMM01OQ040_11 | https://images.mcmworldwide.com/i/mcmworldwide/MFHGAMM01OQ040_12,,https://kr.mcmworldwide.com/ko_KR/%EC%97%AC%EC%84%B1/%EC%9D%98%EB%A5%98/%EB%AA%A8%EB%91%90%EB%B3%B4%EA%B8%B0/%EC%8B%A4%ED%81%AC-%ED%8C%8C%EC%9E%90%EB%A7%88-%EC%85%94%EC%B8%A0/MFHGAMM01OQ040.html
MFHGAMM01PZ040,실크 파자마 셔츠,1050000,Pink,ACTIVE,"실크 94%, 폴리우레탄 6%",100% 폴리에스터,,,,,,대한민국,"버튼 클로저 | 비세토스 모노그램 전면 프린트 | 가슴 포켓 | 레귤러 핏 | Female model is 170cm / 5'6"" tall and wears size 40.",MFHGAMM01OQ040,https://images.mcmworldwide.com/i/mcmworldwide/MFHGAMM01PZ040_01 | https://images.mcmworldwide.com/i/mcmworldwide/MFHGAMM01PZ040_09 | https://images.mcmworldwide.com/i/mcmworldwide/MFHGAMM01PZ040_04 | https://images.mcmworldwide.com/i/mcmworldwide/MFHGAMM01PZ040_10 | https://images.mcmworldwide.com/i/mcmworldwide/MFHGAMM01PZ040_11 | https://images.mcmworldwide.com/i/mcmworldwide/MFHGAMM01PZ040_12 | https://images.mcmworldwide.com/i/mcmworldwide/MFHGAMM01PZ040_13,https://images.mcmworldwide.com/v/mcmworldwide/MFHGAMM01PZ040_VID/webm_720p,https://kr.mcmworldwide.com/ko_KR/%EC%8B%A4%ED%81%AC-%ED%8C%8C%EC%9E%90%EB%A7%88-%EC%85%94%EC%B8%A0/MFHGAMM01PZ040.html
MFPGAMM05OQ040,실크 파자마 팬츠,990000,Orange,ACTIVE,"실크 94%, 폴리우레탄 6%",100% 폴리에스터,,,,,,대한민국,"드로우스트링 처리된 허리 | 시즈널 모노그램 프린트 | 레귤러 핏 | 여성 모델의 키는 175cm/5'8"" 이며 사이즈 40을 착용하고 있습니다.",,https://images.mcmworldwide.com/i/mcmworldwide/MFPGAMM05OQ040_01 | https://images.mcmworldwide.com/i/mcmworldwide/MFPGAMM05OQ040_09 | https://images.mcmworldwide.com/i/mcmworldwide/MFPGAMM05OQ040_04 | https://images.mcmworldwide.com/i/mcmworldwide/MFPGAMM05OQ040_10 | https://images.mcmworldwide.com/i/mcmworldwide/MFPGAMM05OQ040_11 | https://images.mcmworldwide.com/i/mcmworldwide/MFPGAMM05OQ040_12,,https://kr.mcmworldwide.com/ko_KR/%EC%97%AC%EC%84%B1/%EC%9D%98%EB%A5%98/%EB%AA%A8%EB%91%90%EB%B3%B4%EA%B8%B0/%EC%8B%A4%ED%81%AC-%ED%8C%8C%EC%9E%90%EB%A7%88-%ED%8C%AC%EC%B8%A0/MFPGAMM05OQ040.html
MFPGAMM05PZ042,실크 파자마 팬츠,990000,Pink,ACTIVE,"실크 94%, 폴리우레탄 6%",100% 폴리에스터,,,,,,대한민국,"드로우스트링 처리된 허리 | 비세토스 모노그램 전면 프린트 | 레귤러 핏 | Female model is 170cm / 5'6"" tall and wears size 40.",MFPGAMM05OQ042,https://images.mcmworldwide.com/i/mcmworldwide/MFPGAMM05PZ042_01 | https://images.mcmworldwide.com/i/mcmworldwide/MFPGAMM05PZ042_09 | https://images.mcmworldwide.com/i/mcmworldwide/MFPGAMM05PZ042_04 | https://images.mcmworldwide.com/i/mcmworldwide/MFPGAMM05PZ042_10 | https://images.mcmworldwide.com/i/mcmworldwide/MFPGAMM05PZ042_11 | https://images.mcmworldwide.com/i/mcmworldwide/MFPGAMM05PZ042_12,https://images.mcmworldwide.com/v/mcmworldwide/MFPGAMM05PZ042_VID/webm_720p,https://kr.mcmworldwide.com/ko_KR/%EC%97%AC%EC%84%B1/%EC%9D%98%EB%A5%98/%EB%AA%A8%EB%91%90%EB%B3%B4%EA%B8%B0/%EC%8B%A4%ED%81%AC-%ED%8C%8C%EC%9E%90%EB%A7%88-%ED%8C%AC%EC%B8%A0/MFPGAMM05PZ042.html
MFPGAMM05OQ042,실크 파자마 팬츠,990000,Orange,ACTIVE,"실크 94%, 폴리우레탄 6%",100% 폴리에스터,,,,,,대한민국,"드로우스트링 처리된 허리 | 시즈널 모노그램 프린트 | 레귤러 핏 | 여성 모델의 키는 175cm/5'8"" 이며 사이즈 40을 착용하고 있습니다.",MFPGAMM05PZ042,https://images.mcmworldwide.com/i/mcmworldwide/MFPGAMM05OQ042_01 | https://images.mcmworldwide.com/i/mcmworldwide/MFPGAMM05OQ042_09 | https://images.mcmworldwide.com/i/mcmworldwide/MFPGAMM05OQ042_04 | https://images.mcmworldwide.com/i/mcmworldwide/MFPGAMM05OQ042_10 | https://images.mcmworldwide.com/i/mcmworldwide/MFPGAMM05OQ042_11 | https://images.mcmworldwide.com/i/mcmworldwide/MFPGAMM05OQ042_12,,https://kr.mcmworldwide.com/ko_KR/%EC%8B%A4%ED%81%AC-%ED%8C%8C%EC%9E%90%EB%A7%88-%ED%8C%AC%EC%B8%A0/MFPGAMM05OQ042.html
MFJGAMM02PZ040,워싱 데님 재킷,1250000,Pink,ACTIVE,코튼 100%,,,,,,,대한민국,"가슴 부분의 로고 패치 | 메탈 버튼 클로저 | 앞면 포켓 | 포켓 라이닝: 폴리에스테르 82%, 코튼 18% | 슬림 핏 | Female model is 176cm / 5'8'' tall and wears size 40.",,https://images.mcmworldwide.com/i/mcmworldwide/MFJGAMM02PZ040_01 | https://images.mcmworldwide.com/i/mcmworldwide/MFJGAMM02PZ040_09 | https://images.mcmworldwide.com/i/mcmworldwide/MFJGAMM02PZ040_04 | https://images.mcmworldwide.com/i/mcmworldwide/MFJGAMM02PZ040_10 | https://images.mcmworldwide.com/i/mcmworldwide/MFJGAMM02PZ040_11 | https://images.mcmworldwide.com/i/mcmworldwide/MFJGAMM02PZ040_12,https://images.mcmworldwide.com/v/mcmworldwide/MFJGAMM02PZ040_VID/webm_720p,https://kr.mcmworldwide.com/ko_KR/%EC%97%AC%EC%84%B1/%EC%9D%98%EB%A5%98/%EB%AA%A8%EB%91%90%EB%B3%B4%EA%B8%B0/%EC%9B%8C%EC%8B%B1-%EB%8D%B0%EB%8B%98-%EC%9E%AC%ED%82%B7/MFJGAMM02PZ040.html
MFPGAMM06PZ040,워싱 데님 진,790000,Pink,ACTIVE,코튼 100%,,,메탈 하드웨어,,,,대한민국,5 포켓 디자인 | 포켓 라이닝: 코튼 100% | 오버사이즈 핏 | Female model is 176cm / 5'8'' tall and wears size 40.,,https://images.mcmworldwide.com/i/mcmworldwide/MFPGAMM06PZ040_01 | https://images.mcmworldwide.com/i/mcmworldwide/MFPGAMM06PZ040_09 | https://images.mcmworldwide.com/i/mcmworldwide/MFPGAMM06PZ040_04 | https://images.mcmworldwide.com/i/mcmworldwide/MFPGAMM06PZ040_10 | https://images.mcmworldwide.com/i/mcmworldwide/MFPGAMM06PZ040_11 | https://images.mcmworldwide.com/i/mcmworldwide/MFPGAMM06PZ040_12,https://images.mcmworldwide.com/v/mcmworldwide/MFPGAMM06PZ040_VID/webm_720p,https://kr.mcmworldwide.com/ko_KR/%EC%97%AC%EC%84%B1/%EC%9D%98%EB%A5%98/%EB%AA%A8%EB%91%90%EB%B3%B4%EA%B8%B0/%EC%9B%8C%EC%8B%B1-%EB%8D%B0%EB%8B%98-%EC%A7%84/MFPGAMM06PZ040.html
MFJGAMM01CO00L,모노그램 프린트 후드 윈드브레이커 ECONYL&reg;,1250000,Cognac,ACTIVE,100% ECONYL® 재생 나일론,,폴리에스테르 100%,,,,,대한민국,"조절 가능한 드로스트링 후드 | 지퍼 클로저 | 앞면 포켓 | 여성 모델의 키는 170cm/5'6"" 이며 사이즈 40을 착용하고 있습니다.",,https://images.mcmworldwide.com/i/mcmworldwide/MFJGAMM01CO00L_01 | https://images.mcmworldwide.com/i/mcmworldwide/MFJGAMM01CO00L_09 | https://images.mcmworldwide.com/i/mcmworldwide/MFJGAMM01CO00L_04 | https://images.mcmworldwide.com/i/mcmworldwide/MFJGAMM01CO00L_10 | https://images.mcmworldwide.com/i/mcmworldwide/MFJGAMM01CO00L_11 | https://images.mcmworldwide.com/i/mcmworldwide/MFJGAMM01CO00L_12,,https://kr.mcmworldwide.com/ko_KR/%EC%97%AC%EC%84%B1/%EC%9D%98%EB%A5%98/%EB%AA%A8%EB%91%90%EB%B3%B4%EA%B8%B0/%EB%AA%A8%EB%85%B8%EA%B7%B8%EB%9E%A8-%ED%94%84%EB%A6%B0%ED%8A%B8-%ED%9B%84%EB%93%9C-%EC%9C%88%EB%93%9C%EB%B8%8C%EB%A0%88%EC%9D%B4%EC%BB%A4-econyl%C2%AE-/MFJGAMM01CO00L.html
MFJGAMM01PZ00M,모노그램 프린트 후드 윈드브레이커 ECONYL&reg;,1250000,Pink,ACTIVE,100% ECONYL® 재생 나일론,,폴리에스테르 100%,,,,,대한민국,"조절 가능한 드로스트링 후드 | 지퍼 클로저 | 앞면 포켓 | Female model is 170cm / 5'6"" tall and wears size S.",MFJGAMM01CO00M,https://images.mcmworldwide.com/i/mcmworldwide/MFJGAMM01PZ00M_01 | https://images.mcmworldwide.com/i/mcmworldwide/MFJGAMM01PZ00M_09 | https://images.mcmworldwide.com/i/mcmworldwide/MFJGAMM01PZ00M_04 | https://images.mcmworldwide.com/i/mcmworldwide/MFJGAMM01PZ00M_10 | https://images.mcmworldwide.com/i/mcmworldwide/MFJGAMM01PZ00M_11 | https://images.mcmworldwide.com/i/mcmworldwide/MFJGAMM01PZ00M_12,https://images.mcmworldwide.com/v/mcmworldwide/MFJGAMM01PZ00M_VID/webm_720p,https://kr.mcmworldwide.com/ko_KR/%EC%97%AC%EC%84%B1/%EC%9D%98%EB%A5%98/%EB%AA%A8%EB%91%90%EB%B3%B4%EA%B8%B0/%EB%AA%A8%EB%85%B8%EA%B7%B8%EB%9E%A8-%ED%94%84%EB%A6%B0%ED%8A%B8-%ED%9B%84%EB%93%9C-%EC%9C%88%EB%93%9C%EB%B8%8C%EB%A0%88%EC%9D%B4%EC%BB%A4-econyl%C2%AE-/MFJGAMM01PZ00M.html
MFJGAMM01CO00M,모노그램 프린트 후드 윈드브레이커 ECONYL&reg;,1250000,Cognac,ACTIVE,100% ECONYL® 재생 나일론,,폴리에스테르 100%,,,,,대한민국,"조절 가능한 드로스트링 후드 | 지퍼 클로저 | 앞면 포켓 | 여성 모델의 키는 170cm/5'6"" 이며 사이즈 40을 착용하고 있습니다.",MFJGAMM01PZ00M,https://images.mcmworldwide.com/i/mcmworldwide/MFJGAMM01CO00M_01 | https://images.mcmworldwide.com/i/mcmworldwide/MFJGAMM01CO00M_09 | https://images.mcmworldwide.com/i/mcmworldwide/MFJGAMM01CO00M_04 | https://images.mcmworldwide.com/i/mcmworldwide/MFJGAMM01CO00M_10 | https://images.mcmworldwide.com/i/mcmworldwide/MFJGAMM01CO00M_11 | https://images.mcmworldwide.com/i/mcmworldwide/MFJGAMM01CO00M_12,,https://kr.mcmworldwide.com/ko_KR/%EB%AA%A8%EB%85%B8%EA%B7%B8%EB%9E%A8-%ED%94%84%EB%A6%B0%ED%8A%B8-%ED%9B%84%EB%93%9C-%EC%9C%88%EB%93%9C%EB%B8%8C%EB%A0%88%EC%9D%B4%EC%BB%A4-econyl%C2%AE-/MFJGAMM01CO00M.html
MHMGAMM01Q700M,Diamond 재생 나일론 점프수트,1850000,Pink,ACTIVE,100% 재생나일론,100% 폴리에스터,,,,,,대한민국,"지퍼 클로저 | 가슴 및 다리 부분 포켓 | 왼쪽 소매의 50주년 기념 패치 | 레귤러 핏 | 여성 모델의 키는 175cm/5'8"" 이며 사이즈 S를 착용하고 있습니다. | 남성 모델의 키는 186cm/6'1"" 이며 사이즈 M을 착용하고 있습니다.",,https://images.mcmworldwide.com/i/mcmworldwide/MHMGAMM01Q700M_01 | https://images.mcmworldwide.com/i/mcmworldwide/MHMGAMM01Q700M_09 | https://images.mcmworldwide.com/i/mcmworldwide/MHMGAMM01Q700M_04 | https://images.mcmworldwide.com/i/mcmworldwide/MHMGAMM01Q700M_10 | https://images.mcmworldwide.com/i/mcmworldwide/MHMGAMM01Q700M_11 | https://images.mcmworldwide.com/i/mcmworldwide/MHMGAMM01Q700M_12 | https://images.mcmworldwide.com/i/mcmworldwide/MHMGAMM01Q700M_13,,https://kr.mcmworldwide.com/ko_KR/%EC%97%AC%EC%84%B1/%EC%9D%98%EB%A5%98/%EB%AA%A8%EB%91%90%EB%B3%B4%EA%B8%B0/diamond-%EC%9E%AC%EC%83%9D-%EB%82%98%EC%9D%BC%EB%A1%A0-%EC%A0%90%ED%94%84%EC%88%98%ED%8A%B8/MHMGAMM01Q700M.html
MHHGAMM02OQ048,모노그램 패치 포켓 셔츠,830000,Orange,ACTIVE,코튼 100%,,,,,,,대한민국,"버튼 클로저 | 비세토스 모노그램 및 로고 플레이트 패치가 있는 가슴 포켓 | 오버사이즈 핏 | 여성 모델의 키는 175cm/5'8"" 이며 사이즈 46을 착용하고 있습니다. | 남성 모델의 키는 186cm/6'1"" 이며 사이즈 48을 착용하고 있습니다.",,https://images.mcmworldwide.com/i/mcmworldwide/MHHGAMM02OQ048_01 | https://images.mcmworldwide.com/i/mcmworldwide/MHHGAMM02OQ048_09 | https://images.mcmworldwide.com/i/mcmworldwide/MHHGAMM02OQ048_04 | https://images.mcmworldwide.com/i/mcmworldwide/MHHGAMM02OQ048_10 | https://images.mcmworldwide.com/i/mcmworldwide/MHHGAMM02OQ048_11 | https://images.mcmworldwide.com/i/mcmworldwide/MHHGAMM02OQ048_12 | https://images.mcmworldwide.com/i/mcmworldwide/MHHGAMM02OQ048_13,,https://kr.mcmworldwide.com/ko_KR/%EC%97%AC%EC%84%B1/%EC%9D%98%EB%A5%98/%EB%AA%A8%EB%91%90%EB%B3%B4%EA%B8%B0/%EB%AA%A8%EB%85%B8%EA%B7%B8%EB%9E%A8-%ED%8C%A8%EC%B9%98-%ED%8F%AC%EC%BC%93-%EC%85%94%EC%B8%A0/MHHGAMM02OQ048.html
MFDFSMM01Q200S,울 리사이클 캐시미어 라우렐 크롭 카디건,850000,Pink,ACTIVE,"울 70%, 재생 캐시미어 30%",,,,,,,대한민국,라우렐 로고 자수 디테일 | 버튼 클로저 | 오른쪽 소매의 MCM 로고 자수 디테일 | 립 니트 트림,,https://images.mcmworldwide.com/i/mcmworldwide/MFDFSMM01Q200S_01 | https://images.mcmworldwide.com/i/mcmworldwide/MFDFSMM01Q200S_09 | https://images.mcmworldwide.com/i/mcmworldwide/MFDFSMM01Q200S_04 | https://images.mcmworldwide.com/i/mcmworldwide/MFDFSMM01Q200S_10 | https://images.mcmworldwide.com/i/mcmworldwide/MFDFSMM01Q200S_11 | https://images.mcmworldwide.com/i/mcmworldwide/MFDFSMM01Q200S_12,https://images.mcmworldwide.com/v/mcmworldwide/MFDFSMM01Q200S_VID/webm_720p,https://kr.mcmworldwide.com/ko_KR/%EC%97%AC%EC%84%B1/%EC%9D%98%EB%A5%98/%EB%AA%A8%EB%91%90%EB%B3%B4%EA%B8%B0/%EC%9A%B8-%EB%A6%AC%EC%82%AC%EC%9D%B4%ED%81%B4-%EC%BA%90%EC%8B%9C%EB%AF%B8%EC%96%B4-%EB%9D%BC%EC%9A%B0%EB%A0%90-%ED%81%AC%EB%A1%AD-%EC%B9%B4%EB%94%94%EA%B1%B4/MFDFSMM01Q200S.html
MFTFAMM03BW00M,모노그램 ECONYL&reg;이 더해진 라우렐 크롭 코튼 티셔츠,510000,Black,ACTIVE,100% 오가닉 면,100% ECONYL® 재생 나일론,,,,,,대한민국,"리브 니트 넥라인 | 가슴 부분의 라우렐 로고 자수 | 어깨와 등 부분에 비세토스 모노그램 프린트 | 크롭, 오버사이즈 핏 | 여성 모델의 키는 176cm/5'8"" 이며 사이즈 S을 착용하고 있습니다.",,https://images.mcmworldwide.com/i/mcmworldwide/MFTFAMM03BW00M_01 | https://images.mcmworldwide.com/i/mcmworldwide/MFTFAMM03BW00M_09 | https://images.mcmworldwide.com/i/mcmworldwide/MFTFAMM03BW00M_04 | https://images.mcmworldwide.com/i/mcmworldwide/MFTFAMM03BW00M_10 | https://images.mcmworldwide.com/i/mcmworldwide/MFTFAMM03BW00M_11 | https://images.mcmworldwide.com/i/mcmworldwide/MFTFAMM03BW00M_12,,https://kr.mcmworldwide.com/ko_KR/%EC%97%AC%EC%84%B1/%EC%9D%98%EB%A5%98/%EB%AA%A8%EB%91%90%EB%B3%B4%EA%B8%B0/%EB%AA%A8%EB%85%B8%EA%B7%B8%EB%9E%A8-econyl%C2%AE%EC%9D%B4-%EB%8D%94%ED%95%B4%EC%A7%84-%EB%9D%BC%EC%9A%B0%EB%A0%90-%ED%81%AC%EB%A1%AD-%EC%BD%94%ED%8A%BC-%ED%8B%B0%EC%85%94%EC%B8%A0/MFTFAMM03BW00M.html
MFTFAMM03PZ00S,모노그램 ECONYL&reg;이 더해진 라우렐 크롭 코튼 티셔츠,510000,Pink,ACTIVE,100% 오가닉 면,100% ECONYL® 재생 나일론,,,,,,대한민국,"리브 니트 넥라인 | 가슴 부분의 라우렐 로고 자수 | 어깨와 등 부분에 비세토스 모노그램 프린트 | 크롭, 오버사이즈 핏 | Female model is 170cm / 5'6"" tall and wears size S.",MFTFAMM03BW00S,https://images.mcmworldwide.com/i/mcmworldwide/MFTFAMM03PZ00S_01 | https://images.mcmworldwide.com/i/mcmworldwide/MFTFAMM03PZ00S_09 | https://images.mcmworldwide.com/i/mcmworldwide/MFTFAMM03PZ00S_04 | https://images.mcmworldwide.com/i/mcmworldwide/MFTFAMM03PZ00S_10 | https://images.mcmworldwide.com/i/mcmworldwide/MFTFAMM03PZ00S_11 | https://images.mcmworldwide.com/i/mcmworldwide/MFTFAMM03PZ00S_12,,https://kr.mcmworldwide.com/ko_KR/%EC%97%AC%EC%84%B1/%EC%9D%98%EB%A5%98/%EB%AA%A8%EB%91%90%EB%B3%B4%EA%B8%B0/%EB%AA%A8%EB%85%B8%EA%B7%B8%EB%9E%A8-econyl%C2%AE%EC%9D%B4-%EB%8D%94%ED%95%B4%EC%A7%84-%EB%9D%BC%EC%9A%B0%EB%A0%90-%ED%81%AC%EB%A1%AD-%EC%BD%94%ED%8A%BC-%ED%8B%B0%EC%85%94%EC%B8%A0/MFTFAMM03PZ00S.html
MFTFAMM03BW00S,모노그램 ECONYL&reg;이 더해진 라우렐 크롭 코튼 티셔츠,510000,Black,ACTIVE,100% 오가닉 면,100% ECONYL® 재생 나일론,,,,,,대한민국,"리브 니트 넥라인 | 가슴 부분의 라우렐 로고 자수 | 어깨와 등 부분에 비세토스 모노그램 프린트 | 크롭, 오버사이즈 핏 | 여성 모델의 키는 176cm/5'8"" 이며 사이즈 S을 착용하고 있습니다.",MFTFAMM03PZ00S,https://images.mcmworldwide.com/i/mcmworldwide/MFTFAMM03BW00S_01 | https://images.mcmworldwide.com/i/mcmworldwide/MFTFAMM03BW00S_09 | https://images.mcmworldwide.com/i/mcmworldwide/MFTFAMM03BW00S_04 | https://images.mcmworldwide.com/i/mcmworldwide/MFTFAMM03BW00S_10 | https://images.mcmworldwide.com/i/mcmworldwide/MFTFAMM03BW00S_11 | https://images.mcmworldwide.com/i/mcmworldwide/MFTFAMM03BW00S_12,,https://kr.mcmworldwide.com/ko_KR/%EB%AA%A8%EB%85%B8%EA%B7%B8%EB%9E%A8-econyl%C2%AE%EC%9D%B4-%EB%8D%94%ED%95%B4%EC%A7%84-%EB%9D%BC%EC%9A%B0%EB%A0%90-%ED%81%AC%EB%A1%AD-%EC%BD%94%ED%8A%BC-%ED%8B%B0%EC%85%94%EC%B8%A0/MFTFAMM03BW00S.html
MFKFAMM01BK00M,모노그램 미디 스커트 ECONYL&reg;,790000,Black,ACTIVE,100% ECONYL® 재생 나일론,,폴리에스테르 100%,,,,,대한민국,"비세토스 모노그램 전면 프린트 | 카고 스타일 포켓 | 밑단의 조절 가능한 끈 | 레귤러 핏 | 여성 모델의 키는 176cm/5'8"" 이며 사이즈 S을 착용하고 있습니다.",,https://images.mcmworldwide.com/i/mcmworldwide/MFKFAMM01BK00M_01 | https://images.mcmworldwide.com/i/mcmworldwide/MFKFAMM01BK00M_09 | https://images.mcmworldwide.com/i/mcmworldwide/MFKFAMM01BK00M_04 | https://images.mcmworldwide.com/i/mcmworldwide/MFKFAMM01BK00M_10 | https://images.mcmworldwide.com/i/mcmworldwide/MFKFAMM01BK00M_11 | https://images.mcmworldwide.com/i/mcmworldwide/MFKFAMM01BK00M_12,,https://kr.mcmworldwide.com/ko_KR/%EC%97%AC%EC%84%B1/%EC%9D%98%EB%A5%98/%EB%AA%A8%EB%91%90%EB%B3%B4%EA%B8%B0/%EB%AA%A8%EB%85%B8%EA%B7%B8%EB%9E%A8-%EB%AF%B8%EB%94%94-%EC%8A%A4%EC%BB%A4%ED%8A%B8-econyl%C2%AE-/MFKFAMM01BK00M.html
MFKFAMM01PZ00S,모노그램 미디 스커트 ECONYL&reg;,790000,Pink,ACTIVE,100% ECONYL® 재생 나일론,,폴리에스테르 100%,,,,,대한민국,"비세토스 모노그램 전면 프린트 | 카고 스타일 포켓 | 밑단의 조절 가능한 끈 | 레귤러 핏 | Female model is 170cm / 5'6"" tall and wears size S.",MFKFAMM01BK00S,https://images.mcmworldwide.com/i/mcmworldwide/MFKFAMM01PZ00S_01 | https://images.mcmworldwide.com/i/mcmworldwide/MFKFAMM01PZ00S_09 | https://images.mcmworldwide.com/i/mcmworldwide/MFKFAMM01PZ00S_04 | https://images.mcmworldwide.com/i/mcmworldwide/MFKFAMM01PZ00S_10 | https://images.mcmworldwide.com/i/mcmworldwide/MFKFAMM01PZ00S_11 | https://images.mcmworldwide.com/i/mcmworldwide/MFKFAMM01PZ00S_12,,https://kr.mcmworldwide.com/ko_KR/%EC%97%AC%EC%84%B1/%EC%9D%98%EB%A5%98/%EB%AA%A8%EB%91%90%EB%B3%B4%EA%B8%B0/%EB%AA%A8%EB%85%B8%EA%B7%B8%EB%9E%A8-%EB%AF%B8%EB%94%94-%EC%8A%A4%EC%BB%A4%ED%8A%B8-econyl%C2%AE-/MFKFAMM01PZ00S.html
MFKFAMM01BK00S,모노그램 미디 스커트 ECONYL&reg;,790000,Black,ACTIVE,100% ECONYL® 재생 나일론,,폴리에스테르 100%,,,,,대한민국,"비세토스 모노그램 전면 프린트 | 카고 스타일 포켓 | 밑단의 조절 가능한 끈 | 레귤러 핏 | 여성 모델의 키는 176cm/5'8"" 이며 사이즈 S을 착용하고 있습니다.",MFKFAMM01PZ00S,https://images.mcmworldwide.com/i/mcmworldwide/MFKFAMM01BK00S_01 | https://images.mcmworldwide.com/i/mcmworldwide/MFKFAMM01BK00S_09 | https://images.mcmworldwide.com/i/mcmworldwide/MFKFAMM01BK00S_04 | https://images.mcmworldwide.com/i/mcmworldwide/MFKFAMM01BK00S_10 | https://images.mcmworldwide.com/i/mcmworldwide/MFKFAMM01BK00S_11 | https://images.mcmworldwide.com/i/mcmworldwide/MFKFAMM01BK00S_12,,https://kr.mcmworldwide.com/ko_KR/%EB%AA%A8%EB%85%B8%EA%B7%B8%EB%9E%A8-%EB%AF%B8%EB%94%94-%EC%8A%A4%EC%BB%A4%ED%8A%B8-econyl%C2%AE-/MFKFAMM01BK00S.html
MFJGSMM051H040,모노그램 레더 벨트가 더해진 별자리 데님 재킷,1390000,Blue,ACTIVE,코튼 100%,,,,,,,대한민국,"가슴 부분에 레이저 프린트 비세토스 모노그램 | 로고가 각인된 메탈 버튼 클로저 | 앞면 포켓 | 벨트: 비세토스 모노그램 프린트가 더해진 그레인 레더 | 포켓 라이닝: 폴리에스테르 82%, 코튼 18% | 크롭 기장의 슬림핏",,https://images.mcmworldwide.com/i/mcmworldwide/MFJGSMM051H040_01 | https://images.mcmworldwide.com/i/mcmworldwide/MFJGSMM051H040_09 | https://images.mcmworldwide.com/i/mcmworldwide/MFJGSMM051H040_04 | https://images.mcmworldwide.com/i/mcmworldwide/MFJGSMM051H040_10 | https://images.mcmworldwide.com/i/mcmworldwide/MFJGSMM051H040_11 | https://images.mcmworldwide.com/i/mcmworldwide/MFJGSMM051H040_12,https://images.mcmworldwide.com/v/mcmworldwide/MFJGSMM051H040_VID/webm_720p,https://kr.mcmworldwide.com/ko_KR/%EC%97%AC%EC%84%B1/%EC%9D%98%EB%A5%98/%EB%AA%A8%EB%91%90%EB%B3%B4%EA%B8%B0/%EB%AA%A8%EB%85%B8%EA%B7%B8%EB%9E%A8-%EB%A0%88%EB%8D%94-%EB%B2%A8%ED%8A%B8%EA%B0%80-%EB%8D%94%ED%95%B4%EC%A7%84-%EB%B3%84%EC%9E%90%EB%A6%AC-%EB%8D%B0%EB%8B%98-%EC%9E%AC%ED%82%B7/MFJGSMM051H040.html
MFPGSMM021H038,별자리 데님 진,790000,Blue,ACTIVE,코튼 100%,,,,,,,대한민국,"레이저 프린트 비세토스 모노그램 | 5 포켓 디자인 | 비세토스 모노그램 프린트가 더해진 뒷면 가죽 패치 | 포켓 라이닝: 폴리에스테르 82%, 코튼 18% | 오버사이즈 핏",,https://images.mcmworldwide.com/i/mcmworldwide/MFPGSMM021H038_01 | https://images.mcmworldwide.com/i/mcmworldwide/MFPGSMM021H038_09 | https://images.mcmworldwide.com/i/mcmworldwide/MFPGSMM021H038_04 | https://images.mcmworldwide.com/i/mcmworldwide/MFPGSMM021H038_10 | https://images.mcmworldwide.com/i/mcmworldwide/MFPGSMM021H038_11 | https://images.mcmworldwide.com/i/mcmworldwide/MFPGSMM021H038_12,https://images.mcmworldwide.com/v/mcmworldwide/MFPGSMM021H038_VID/webm_720p,https://kr.mcmworldwide.com/ko_KR/%EC%97%AC%EC%84%B1/%EC%9D%98%EB%A5%98/%EB%AA%A8%EB%91%90%EB%B3%B4%EA%B8%B0/%EB%B3%84%EC%9E%90%EB%A6%AC-%EB%8D%B0%EB%8B%98-%EC%A7%84/MFPGSMM021H038.html
MFTGSMM05WT00L,모노그램 크롭 티셔츠,390000,White,ACTIVE,100% 오가닉 면,,,,,,,대한민국,가슴 부분 톤온톤 라우렐 로고 자수 | 비세토스 모노그램 자카드 엘라스틱 밑단 | 크롭 기장의 슬림핏 | 여성 모델 키는 173cm 이며 S사이즈를 착용하고 있습니다.,,https://images.mcmworldwide.com/i/mcmworldwide/MFTGSMM05WT00L_01 | https://images.mcmworldwide.com/i/mcmworldwide/MFTGSMM05WT00L_09 | https://images.mcmworldwide.com/i/mcmworldwide/MFTGSMM05WT00L_04 | https://images.mcmworldwide.com/i/mcmworldwide/MFTGSMM05WT00L_10 | https://images.mcmworldwide.com/i/mcmworldwide/MFTGSMM05WT00L_11 | https://images.mcmworldwide.com/i/mcmworldwide/MFTGSMM05WT00L_12,,https://kr.mcmworldwide.com/ko_KR/%EC%97%AC%EC%84%B1/%EC%9D%98%EB%A5%98/%EB%AA%A8%EB%91%90%EB%B3%B4%EA%B8%B0/%EB%AA%A8%EB%85%B8%EA%B7%B8%EB%9E%A8-%ED%81%AC%EB%A1%AD-%ED%8B%B0%EC%85%94%EC%B8%A0-/MFTGSMM05WT00L.html
MFPGSMM03NL038,울 트윌 모노그램 팬츠,970000,Brown,ACTIVE,100% 울,,,,,,,대한민국,히든 지퍼 클로저 | 스타일 스티치 패턴이 더해진 앞면 사이드 포켓 | 모노그램 자카드 엘라스틱 허리밴드 | 뒷면 웰트 포켓 | 오버사이즈 핏 | 여성 모델 키는 176cm 이며 40사이즈를 착용하고 있습니다.,,https://images.mcmworldwide.com/i/mcmworldwide/MFPGSMM03NL038_01 | https://images.mcmworldwide.com/i/mcmworldwide/MFPGSMM03NL038_09 | https://images.mcmworldwide.com/i/mcmworldwide/MFPGSMM03NL038_04 | https://images.mcmworldwide.com/i/mcmworldwide/MFPGSMM03NL038_10 | https://images.mcmworldwide.com/i/mcmworldwide/MFPGSMM03NL038_11 | https://images.mcmworldwide.com/i/mcmworldwide/MFPGSMM03NL038_12,https://images.mcmworldwide.com/v/mcmworldwide/MFPGSMM03NL038_VID/webm_720p,https://kr.mcmworldwide.com/ko_KR/%EC%97%AC%EC%84%B1/%EC%9D%98%EB%A5%98/%EB%AA%A8%EB%91%90%EB%B3%B4%EA%B8%B0/%EC%9A%B8-%ED%8A%B8%EC%9C%8C-%EB%AA%A8%EB%85%B8%EA%B7%B8%EB%9E%A8-%ED%8C%AC%EC%B8%A0/MFPGSMM03NL038.html
MFJESMM05VC038,부클레 재킷,1250000,Blue,ACTIVE,"폴리에스터 49%, 코튼 42%, 폴리아미드 9%",,,,,,,대한민국,로고 각인 골드 톤 메탈 버튼 여밈 | 가슴 포켓에 로렐(Laurel) 로고 자수 | 앞면 포켓 | 버튼으로 조절 가능한 소매 커프스 | 폴리에스터 트림 | 레귤러 핏,,https://images.mcmworldwide.com/i/mcmworldwide/MFJESMM05VC038_01 | https://images.mcmworldwide.com/i/mcmworldwide/MFJESMM05VC038_09 | https://images.mcmworldwide.com/i/mcmworldwide/MFJESMM05VC038_04 | https://images.mcmworldwide.com/i/mcmworldwide/MFJESMM05VC038_10 | https://images.mcmworldwide.com/i/mcmworldwide/MFJESMM05VC038_11 | https://images.mcmworldwide.com/i/mcmworldwide/MFJESMM05VC038_12,,https://kr.mcmworldwide.com/ko_KR/%EC%97%AC%EC%84%B1/%EC%9D%98%EB%A5%98/%EB%AA%A8%EB%91%90%EB%B3%B4%EA%B8%B0/%EB%B6%80%ED%81%B4%EB%A0%88-%EC%9E%AC%ED%82%B7/MFJESMM05VC038.html
MFPESMM03VC040,부클레 팬츠,790000,Blue,ACTIVE,"폴리에스터 49%, 코튼 42%, 폴리아미드 9%",,,로고 각인 골드 톤 메탈 버튼 하드웨어,,,,대한민국,와이드 레그 디자인 | 버튼 및 지퍼 여밈 | 앞면 사이드 포켓 | 뒷면 웰트 포켓 | 폴리에스터 트림 | 레귤러 핏,,https://images.mcmworldwide.com/i/mcmworldwide/MFPESMM03VC040_01 | https://images.mcmworldwide.com/i/mcmworldwide/MFPESMM03VC040_09 | https://images.mcmworldwide.com/i/mcmworldwide/MFPESMM03VC040_04 | https://images.mcmworldwide.com/i/mcmworldwide/MFPESMM03VC040_10 | https://images.mcmworldwide.com/i/mcmworldwide/MFPESMM03VC040_11 | https://images.mcmworldwide.com/i/mcmworldwide/MFPESMM03VC040_12,,https://kr.mcmworldwide.com/ko_KR/%EC%97%AC%EC%84%B1/%EC%9D%98%EB%A5%98/%EB%AA%A8%EB%91%90%EB%B3%B4%EA%B8%B0/%EB%B6%80%ED%81%B4%EB%A0%88-%ED%8C%AC%EC%B8%A0/MFPESMM03VC040.html
MHTEAMM07BD00L,모노그램 패치 포켓 티셔츠,330000,Black,ACTIVE,100% 오가닉 면,,,,35.4 x 35.4 x 0.0,,,대한민국,"리브 니트 넥라인 | 라우렐 자수와 비세토스 모노그램 프린트가 더해진 리사이클 나일론 포켓 | 오버사이즈 핏 | Female model is 176cm / 5'8"" tall and wears size M. | Male model is 183cm / 6'0"" tall and wears size M.",MHTEAMM07BW00L,https://images.mcmworldwide.com/i/mcmworldwide/MHTEAMM07BD00L_01 | https://images.mcmworldwide.com/i/mcmworldwide/MHTEAMM07BD00L_09 | https://images.mcmworldwide.com/i/mcmworldwide/MHTEAMM07BD00L_04 | https://images.mcmworldwide.com/i/mcmworldwide/MHTEAMM07BD00L_10 | https://images.mcmworldwide.com/i/mcmworldwide/MHTEAMM07BD00L_11 | https://images.mcmworldwide.com/i/mcmworldwide/MHTEAMM07BD00L_12 | https://images.mcmworldwide.com/i/mcmworldwide/MHTEAMM07BD00L_13,,https://kr.mcmworldwide.com/ko_KR/%EC%97%AC%EC%84%B1/%EC%9D%98%EB%A5%98/%EB%AA%A8%EB%91%90%EB%B3%B4%EA%B8%B0/%EB%AA%A8%EB%85%B8%EA%B7%B8%EB%9E%A8-%ED%8C%A8%EC%B9%98-%ED%8F%AC%EC%BC%93-%ED%8B%B0%EC%85%94%EC%B8%A0-/MHTEAMM07BD00L.html
MHTEAMM07BW00L,모노그램 패치 포켓 티셔츠,330000,Black,ACTIVE,100% 오가닉 면,,,,,,,대한민국,"리브 니트 넥라인 | 라우렐 자수와 비세토스 모노그램 프린트가 더해진 리사이클 나일론 포켓 | 오버사이즈 핏 | Female model is 170cm / 5'6"" tall and wears size M. | Male model is 181cm / 5'9"" tall and wears size M.",MHTEAMM07BD00L,https://images.mcmworldwide.com/i/mcmworldwide/MHTEAMM07BW00L_01 | https://images.mcmworldwide.com/i/mcmworldwide/MHTEAMM07BW00L_09 | https://images.mcmworldwide.com/i/mcmworldwide/MHTEAMM07BW00L_04 | https://images.mcmworldwide.com/i/mcmworldwide/MHTEAMM07BW00L_10 | https://images.mcmworldwide.com/i/mcmworldwide/MHTEAMM07BW00L_11 | https://images.mcmworldwide.com/i/mcmworldwide/MHTEAMM07BW00L_12 | https://images.mcmworldwide.com/i/mcmworldwide/MHTEAMM07BW00L_13,,https://kr.mcmworldwide.com/ko_KR/%EB%AA%A8%EB%85%B8%EA%B7%B8%EB%9E%A8-%ED%8C%A8%EC%B9%98-%ED%8F%AC%EC%BC%93-%ED%8B%B0%EC%85%94%EC%B8%A0-/MHTEAMM07BW00L.html
MFPGSMM04BK040,양가죽 쇼츠,990000,Black,ACTIVE,100% 양 가죽,인조 가죽,,,,,,대한민국,다이아몬드 로고 가죽 패치 | 화이트 배색 사이드에 로고 모티프 | 뒤쪽 웰트 포켓 | 레귤러 핏,,https://images.mcmworldwide.com/i/mcmworldwide/MFPGSMM04BK040_01 | https://images.mcmworldwide.com/i/mcmworldwide/MFPGSMM04BK040_09 | https://images.mcmworldwide.com/i/mcmworldwide/MFPGSMM04BK040_04 | https://images.mcmworldwide.com/i/mcmworldwide/MFPGSMM04BK040_10 | https://images.mcmworldwide.com/i/mcmworldwide/MFPGSMM04BK040_11 | https://images.mcmworldwide.com/i/mcmworldwide/MFPGSMM04BK040_12,,https://kr.mcmworldwide.com/ko_KR/%EC%97%AC%EC%84%B1/%EC%9D%98%EB%A5%98/%EB%AA%A8%EB%91%90%EB%B3%B4%EA%B8%B0/%EC%96%91%EA%B0%80%EC%A3%BD-%EC%87%BC%EC%B8%A0/MFPGSMM04BK040.html
MFHFAMM01HD040,모노그램 데님 자카드 자켓,790000,Blue,ACTIVE,코튼 100%,모노그램 데님 자카드,,,,,,대한민국,워싱 처리 | 메탈 스냅 클로저 | 로고 엠보싱 다이아몬드 가죽 패치가 있는 가슴 포켓 | 오버사이즈 핏 | 여성 모델의 키는 178cm이며 40사이즈를 착용하고 있습니다.,,https://images.mcmworldwide.com/i/mcmworldwide/MFHFAMM01HD040_01 | https://images.mcmworldwide.com/i/mcmworldwide/MFHFAMM01HD040_09 | https://images.mcmworldwide.com/i/mcmworldwide/MFHFAMM01HD040_04 | https://images.mcmworldwide.com/i/mcmworldwide/MFHFAMM01HD040_10 | https://images.mcmworldwide.com/i/mcmworldwide/MFHFAMM01HD040_11,https://images.mcmworldwide.com/v/mcmworldwide/MFHFAMM01HD040_VID/webm_720p,https://kr.mcmworldwide.com/ko_KR/%EC%97%AC%EC%84%B1/%EC%9D%98%EB%A5%98/%EB%AA%A8%EB%91%90%EB%B3%B4%EA%B8%B0/%EB%AA%A8%EB%85%B8%EA%B7%B8%EB%9E%A8-%EB%8D%B0%EB%8B%98-%EC%9E%90%EC%B9%B4%EB%93%9C-%EC%9E%90%EC%BC%93/MFHFAMM01HD040.html
MFPFAMM04HD040,모노그램 데님 자카드 진,790000,Blue,ACTIVE,코튼 100%,모노그램 데님 자카드,,바바리안 다이아몬드 메탈 하드웨어 디테일이 더해진 가죽 벨트 루프 스트랩,,,,대한민국,워싱 처리 | 5개의 포켓이 더해진 스타일 | 오버사이즈 핏 | 여성 모델의 키는 178cm이며 40사이즈를 착용하고 있습니다.,,https://images.mcmworldwide.com/i/mcmworldwide/MFPFAMM04HD040_01 | https://images.mcmworldwide.com/i/mcmworldwide/MFPFAMM04HD040_09 | https://images.mcmworldwide.com/i/mcmworldwide/MFPFAMM04HD040_04 | https://images.mcmworldwide.com/i/mcmworldwide/MFPFAMM04HD040_10 | https://images.mcmworldwide.com/i/mcmworldwide/MFPFAMM04HD040_11,https://images.mcmworldwide.com/v/mcmworldwide/MFPFAMM04HD040_VID/webm_720p,https://kr.mcmworldwide.com/ko_KR/%EC%97%AC%EC%84%B1/%EC%9D%98%EB%A5%98/%EB%AA%A8%EB%91%90%EB%B3%B4%EA%B8%B0/%EB%AA%A8%EB%85%B8%EA%B7%B8%EB%9E%A8-%EB%8D%B0%EB%8B%98-%EC%9E%90%EC%B9%B4%EB%93%9C-%EC%A7%84/MFPFAMM04HD040.html
MFCFAMM02IG038,트렌치 코트,1890000,Beige,ACTIVE,"코튼 63%, 나일론 37%",,폴리에스터 트윌,바바리안 다이아몬드 장식의 메탈 버클 하드웨어,,,,대한민국,더블 브레스티드 디자인 | 비세토스 모노그램이 엠보싱된 가죽 칼라 | 버튼 여밈과 사이즈 조절이 가능한 벨트 스트랩으로 고정 | 사이드 플랩 포켓 | 커프스 길이 조절이 가능한 풍성한 소매 | 뒷면 요크 절개 | 오버사이즈 핏 | 38사이즈를 착용하고 있는 여성 모델의 키는 178cm입니다.,,https://images.mcmworldwide.com/i/mcmworldwide/MFCFAMM02IG038_01 | https://images.mcmworldwide.com/i/mcmworldwide/MFCFAMM02IG038_09 | https://images.mcmworldwide.com/i/mcmworldwide/MFCFAMM02IG038_04 | https://images.mcmworldwide.com/i/mcmworldwide/MFCFAMM02IG038_10 | https://images.mcmworldwide.com/i/mcmworldwide/MFCFAMM02IG038_11,https://images.mcmworldwide.com/v/mcmworldwide/MFCFAMM02IG038_VID/webm_720p,https://kr.mcmworldwide.com/ko_KR/%EC%97%AC%EC%84%B1/%EC%9D%98%EB%A5%98/%EB%AA%A8%EB%91%90%EB%B3%B4%EA%B8%B0/%ED%8A%B8%EB%A0%8C%EC%B9%98-%EC%BD%94%ED%8A%B8/MFCFAMM02IG038.html
MFPFAMM03IG00M,카고 팬츠,930000,Beige,ACTIVE,"코튼 63%, 나일론 37%",100% 폴리에스터,,다이아몬드 메탈 하드웨어가 달린 가죽 벨트 루프 스트랩,,,,대한민국,앞면 옆면 뒷면 포켓 | 카고 스타일 포켓 | 다이아몬드 메탈 스터드 장식이 있는 뒷면 포켓 | 편안한 핏 | 여성 모델의 키는 176cm이며 M사이즈를 착용하고 있습니다.,,https://images.mcmworldwide.com/i/mcmworldwide/MFPFAMM03IG00M_01 | https://images.mcmworldwide.com/i/mcmworldwide/MFPFAMM03IG00M_09 | https://images.mcmworldwide.com/i/mcmworldwide/MFPFAMM03IG00M_04 | https://images.mcmworldwide.com/i/mcmworldwide/MFPFAMM03IG00M_10 | https://images.mcmworldwide.com/i/mcmworldwide/MFPFAMM03IG00M_11,https://images.mcmworldwide.com/v/mcmworldwide/MFPFAMM03IG00M_VID/webm_720p,https://kr.mcmworldwide.com/ko_KR/%EC%97%AC%EC%84%B1/%EC%9D%98%EB%A5%98/%EB%AA%A8%EB%91%90%EB%B3%B4%EA%B8%B0/%EC%B9%B4%EA%B3%A0-%ED%8C%AC%EC%B8%A0/MFPFAMM03IG00M.html
MFVGSMM02RP042,태권도 베스트,1090000,Red,ACTIVE,코튼 100%,,,,,,,대한민국,비세토스 모노그램 실크 프린트가 더해진 앞면 포켓 | 길이 조절 가능한 벨트 여밈 | 오버사이즈 핏,,https://images.mcmworldwide.com/i/mcmworldwide/MFVGSMM02RP042_01 | https://images.mcmworldwide.com/i/mcmworldwide/MFVGSMM02RP042_09 | https://images.mcmworldwide.com/i/mcmworldwide/MFVGSMM02RP042_04 | https://images.mcmworldwide.com/i/mcmworldwide/MFVGSMM02RP042_10 | https://images.mcmworldwide.com/i/mcmworldwide/MFVGSMM02RP042_11 | https://images.mcmworldwide.com/i/mcmworldwide/MFVGSMM02RP042_12,,https://kr.mcmworldwide.com/ko_KR/%EC%97%AC%EC%84%B1/%EC%9D%98%EB%A5%98/%EB%AA%A8%EB%91%90%EB%B3%B4%EA%B8%B0/%ED%83%9C%EA%B6%8C%EB%8F%84-%EB%B2%A0%EC%8A%A4%ED%8A%B8/MFVGSMM02RP042.html
MHCGSMM02CO00L,모노그램 립스탑 나일론 푸퍼 재킷,1890000,Cognac,ACTIVE,100% 립스탁 나일론,100% 리사이클 폴리에스터,,메탈 하드웨어,,,,대한민국,"후디 디자인 | 비세토스 모노그램 전면 프린트 | 지퍼 클로저 | 앞면 지퍼 포켓 | 편안한 핏 | Female model is 176cm / 5'8"" tall and wears size M. | Male model is 183cm / 6'0"" tall and wears size M.",,https://images.mcmworldwide.com/i/mcmworldwide/MHCGSMM02CO00L_01 | https://images.mcmworldwide.com/i/mcmworldwide/MHCGSMM02CO00L_09 | https://images.mcmworldwide.com/i/mcmworldwide/MHCGSMM02CO00L_04 | https://images.mcmworldwide.com/i/mcmworldwide/MHCGSMM02CO00L_10 | https://images.mcmworldwide.com/i/mcmworldwide/MHCGSMM02CO00L_11 | https://images.mcmworldwide.com/i/mcmworldwide/MHCGSMM02CO00L_12,https://images.mcmworldwide.com/v/mcmworldwide/MHCGSMM02CO00L_VID/webm_720p,https://kr.mcmworldwide.com/ko_KR/%EC%97%AC%EC%84%B1/%EC%9D%98%EB%A5%98/%EB%AA%A8%EB%91%90%EB%B3%B4%EA%B8%B0/%EB%AA%A8%EB%85%B8%EA%B7%B8%EB%9E%A8-%EB%A6%BD%EC%8A%A4%ED%83%91-%EB%82%98%EC%9D%BC%EB%A1%A0-%ED%91%B8%ED%8D%BC-%EC%9E%AC%ED%82%B7/MHCGSMM02CO00L.html
MHJGSBC01BK00L,에센셜 로고 폰테 트랙 자켓,730000,Black,ACTIVE,,,,,,,,대한민국,"라우렐 로고 자수 | 지퍼 클로저 | 칼라와 헴라인에 대비되는 스트라이프 디테일 | 로고가 더해진 자카드 커프스 | 폴리에스테르 51%, 코튼 43%, 스판덱스 6% | 리브 니트 트림 | 오버사이즈 핏 | Female model is 170cm / 5'6"" tall and wears size M. | Male model is 181cm / 5'9"" tall and wears size M.",MHJGSBC01GK00L,https://images.mcmworldwide.com/i/mcmworldwide/MHJGSBC01BK00L_01 | https://images.mcmworldwide.com/i/mcmworldwide/MHJGSBC01BK00L_09 | https://images.mcmworldwide.com/i/mcmworldwide/MHJGSBC01BK00L_04 | https://images.mcmworldwide.com/i/mcmworldwide/MHJGSBC01BK00L_10 | https://images.mcmworldwide.com/i/mcmworldwide/MHJGSBC01BK00L_11 | https://images.mcmworldwide.com/i/mcmworldwide/MHJGSBC01BK00L_12 | https://images.mcmworldwide.com/i/mcmworldwide/MHJGSBC01BK00L_13,,https://kr.mcmworldwide.com/ko_KR/%EC%97%AC%EC%84%B1/%EC%9D%98%EB%A5%98/%EB%AA%A8%EB%91%90%EB%B3%B4%EA%B8%B0/%EC%97%90%EC%84%BC%EC%85%9C-%EB%A1%9C%EA%B3%A0-%ED%8F%B0%ED%85%8C-%ED%8A%B8%EB%9E%99-%EC%9E%90%EC%BC%93/MHJGSBC01BK00L.html
MHJGSBC01GK00L,에센셜 로고 폰테 트랙 재킷,730000,Beige,ACTIVE,,,,,3.1 x 47.2 x 0.0,,,대한민국,"라우렐 로고 자수 | 지퍼 클로저 | 칼라와 헴라인에 대비되는 스트라이프 디테일 | MCM 로고 모티프가 더해진 소매 | 폴리에스테르 51%, 코튼 43%, 스판덱스 6% | 리브 니트 트림 | 오버사이즈 핏 | Female model is 176cm / 5'8"" tall and wears size M. | Male model is 188cm / 6'1"" tall and wears size M.",MHJGSBC01BK00L,https://images.mcmworldwide.com/i/mcmworldwide/MHJGSBC01GK00L_01 | https://images.mcmworldwide.com/i/mcmworldwide/MHJGSBC01GK00L_09 | https://images.mcmworldwide.com/i/mcmworldwide/MHJGSBC01GK00L_04 | https://images.mcmworldwide.com/i/mcmworldwide/MHJGSBC01GK00L_10 | https://images.mcmworldwide.com/i/mcmworldwide/MHJGSBC01GK00L_11 | https://images.mcmworldwide.com/i/mcmworldwide/MHJGSBC01GK00L_12 | https://images.mcmworldwide.com/i/mcmworldwide/MHJGSBC01GK00L_13,,https://kr.mcmworldwide.com/ko_KR/%EC%97%AC%EC%84%B1/%EC%9D%98%EB%A5%98/%EB%AA%A8%EB%91%90%EB%B3%B4%EA%B8%B0/%EC%97%90%EC%84%BC%EC%85%9C-%EB%A1%9C%EA%B3%A0-%ED%8F%B0%ED%85%8C-%ED%8A%B8%EB%9E%99-%EC%9E%AC%ED%82%B7/MHJGSBC01GK00L.html
MHPGSBC01BK00L,에센셜 로고 폰테 트랙 팬츠,590000,Black,ACTIVE,,,,,,,,대한민국,"라우렐 로고 자수 | 메탈 팁이 달린 조절 가능한 스트링 허리 | 앞면 사이드 포켓 | 뒷면의 다이아몬드 모티프 포켓 | 로고가 더해진 자카드 커프스 | 폴리에스테르 51%, 코튼 43%, 스판덱스 6% | 오버사이즈 핏 | Female model is 176cm / 5'8'' tall and wears size M. | Male model is 181cm / 5'9"" tall and wears size M.",MHPGSBC01GK00L,https://images.mcmworldwide.com/i/mcmworldwide/MHPGSBC01BK00L_01 | https://images.mcmworldwide.com/i/mcmworldwide/MHPGSBC01BK00L_09 | https://images.mcmworldwide.com/i/mcmworldwide/MHPGSBC01BK00L_04 | https://images.mcmworldwide.com/i/mcmworldwide/MHPGSBC01BK00L_10 | https://images.mcmworldwide.com/i/mcmworldwide/MHPGSBC01BK00L_11 | https://images.mcmworldwide.com/i/mcmworldwide/MHPGSBC01BK00L_12 | https://images.mcmworldwide.com/i/mcmworldwide/MHPGSBC01BK00L_13,https://images.mcmworldwide.com/v/mcmworldwide/MHPGSBC01BK00L_VID/webm_720p,https://kr.mcmworldwide.com/ko_KR/%EC%97%AC%EC%84%B1/%EC%9D%98%EB%A5%98/%EB%AA%A8%EB%91%90%EB%B3%B4%EA%B8%B0/%EC%97%90%EC%84%BC%EC%85%9C-%EB%A1%9C%EA%B3%A0-%ED%8F%B0%ED%85%8C-%ED%8A%B8%EB%9E%99-%ED%8C%AC%EC%B8%A0/MHPGSBC01BK00L.html
MHPGSBC01GK00L,에센셜 로고 폰테 트랙 팬츠,590000,Beige,ACTIVE,,,,,3.1 x 47.2 x 0.0,,,대한민국,"라우렐 로고 자수 | 메탈 팁이 달린 조절 가능한 스트링 허리 | 앞면 사이드 포켓 | 뒷면의 다이아몬드 포켓 | MCM 로고 모티프가 더해진 소매 | 폴리에스테르 51%, 코튼 43%, 스판덱스 6% | 오버사이즈 핏 | Male model is 188cm / 6'1"" tall and wears size M.",MHPGSBC01BK00L,https://images.mcmworldwide.com/i/mcmworldwide/MHPGSBC01GK00L_01 | https://images.mcmworldwide.com/i/mcmworldwide/MHPGSBC01GK00L_09 | https://images.mcmworldwide.com/i/mcmworldwide/MHPGSBC01GK00L_04 | https://images.mcmworldwide.com/i/mcmworldwide/MHPGSBC01GK00L_10 | https://images.mcmworldwide.com/i/mcmworldwide/MHPGSBC01GK00L_11 | https://images.mcmworldwide.com/i/mcmworldwide/MHPGSBC01GK00L_12,,https://kr.mcmworldwide.com/ko_KR/%EC%97%AC%EC%84%B1/%EC%9D%98%EB%A5%98/%EB%AA%A8%EB%91%90%EB%B3%B4%EA%B8%B0/%EC%97%90%EC%84%BC%EC%85%9C-%EB%A1%9C%EA%B3%A0-%ED%8F%B0%ED%85%8C-%ED%8A%B8%EB%9E%99-%ED%8C%AC%EC%B8%A0/MHPGSBC01GK00L.html
MHJGSMM03BW00L,M&uuml;nchen 폰테 바시티 재킷,1350000,Black,ACTIVE,,,,,35.4 x 35.4 x 0.0,,,대한민국,"“München MCM” 메탈릭 실버 루렉스 자수 | “M” 엠보싱 가죽 패치와 비세토스 모노그램 프린트 | 스냅 버튼 클로저 | 앞면 포켓 | 스트라이프 밑단과 소매 | 폴리에스테르 51%, 코튼 43%, 스판덱스 6% | 오버사이즈 핏 | Female model is 176cm / 5'8"" tall and wears size M. | Male model is 188cm / 6'1"" tall and wears size M.",,https://images.mcmworldwide.com/i/mcmworldwide/MHJGSMM03BW00L_01 | https://images.mcmworldwide.com/i/mcmworldwide/MHJGSMM03BW00L_09 | https://images.mcmworldwide.com/i/mcmworldwide/MHJGSMM03BW00L_04 | https://images.mcmworldwide.com/i/mcmworldwide/MHJGSMM03BW00L_10 | https://images.mcmworldwide.com/i/mcmworldwide/MHJGSMM03BW00L_11 | https://images.mcmworldwide.com/i/mcmworldwide/MHJGSMM03BW00L_12 | https://images.mcmworldwide.com/i/mcmworldwide/MHJGSMM03BW00L_13,https://images.mcmworldwide.com/v/mcmworldwide/MHJGSMM03BW00L_VID/webm_720p,https://kr.mcmworldwide.com/ko_KR/%EC%97%AC%EC%84%B1/%EC%9D%98%EB%A5%98/%EB%AA%A8%EB%91%90%EB%B3%B4%EA%B8%B0/m%C3%BCnchen-%ED%8F%B0%ED%85%8C-%EB%B0%94%EC%8B%9C%ED%8B%B0-%EC%9E%AC%ED%82%B7/MHJGSMM03BW00L.html
MHAGSBC01BK00L,에센셜 로고 폰테 후디,590000,Black,ACTIVE,,,,,35.4 x 35.4 x 0.0,,,대한민국,"메탈 팁이 달린 조절 가능한 드로스트링 후드 | 가슴 부분에 로고가 엠보싱된 인조 가죽 패치 | 앞면의 캥거루 포켓 | 폴리에스테르 51%, 코튼 43%, 스판덱스 6% | 골지 니트 소매 및 밑단 | 비세토스 모노그램 프린트 안감이 더해진 후드 | 오버사이즈 핏 | Female model is 176cm / 5'8"" tall and wears size M. | Male model is 183cm / 6'0"" tall and wears size M.",MHAGSBC01CO00L | MHAGSBC01GK00L,https://images.mcmworldwide.com/i/mcmworldwide/MHAGSBC01BK00L_01 | https://images.mcmworldwide.com/i/mcmworldwide/MHAGSBC01BK00L_09 | https://images.mcmworldwide.com/i/mcmworldwide/MHAGSBC01BK00L_04 | https://images.mcmworldwide.com/i/mcmworldwide/MHAGSBC01BK00L_10 | https://images.mcmworldwide.com/i/mcmworldwide/MHAGSBC01BK00L_11 | https://images.mcmworldwide.com/i/mcmworldwide/MHAGSBC01BK00L_12 | https://images.mcmworldwide.com/i/mcmworldwide/MHAGSBC01BK00L_13,,https://kr.mcmworldwide.com/ko_KR/%EC%97%AC%EC%84%B1/%EC%9D%98%EB%A5%98/%EB%AA%A8%EB%91%90%EB%B3%B4%EA%B8%B0/%EC%97%90%EC%84%BC%EC%85%9C-%EB%A1%9C%EA%B3%A0-%ED%8F%B0%ED%85%8C-%ED%9B%84%EB%94%94/MHAGSBC01BK00L.html
MHAGSBC01GK00L,에센셜 로고 폰테 후디,590000,Beige,ACTIVE,,,,,35.4 x 35.4 x 0.0,,,대한민국,"메탈 팁이 달린 조절 가능한 드로스트링 후드 | 가슴 부분에 로고가 엠보싱된 인조 가죽 패치 | 앞면의 캥거루 포켓 | 폴리에스테르 51%, 코튼 43%, 스판덱스 6% | 골지 니트 소매 및 밑단 | 비세토스 모노그램 프린트 안감이 더해진 후드 | 오버사이즈 핏 | Female model is 176cm / 5'8"" tall and wears size M. | Male model is 188cm / 6'1"" tall and wears size M.",MHAGSBC01BK00L | MHAGSBC01CO00L,https://images.mcmworldwide.com/i/mcmworldwide/MHAGSBC01GK00L_01 | https://images.mcmworldwide.com/i/mcmworldwide/MHAGSBC01GK00L_09 | https://images.mcmworldwide.com/i/mcmworldwide/MHAGSBC01GK00L_04 | https://images.mcmworldwide.com/i/mcmworldwide/MHAGSBC01GK00L_10 | https://images.mcmworldwide.com/i/mcmworldwide/MHAGSBC01GK00L_11 | https://images.mcmworldwide.com/i/mcmworldwide/MHAGSBC01GK00L_12 | https://images.mcmworldwide.com/i/mcmworldwide/MHAGSBC01GK00L_13,,https://kr.mcmworldwide.com/ko_KR/%EC%97%90%EC%84%BC%EC%85%9C-%EB%A1%9C%EA%B3%A0-%ED%8F%B0%ED%85%8C-%ED%9B%84%EB%94%94/MHAGSBC01GK00L.html
MHAGSBC01CO00L,에센셜 로고 패치 폰테 후디,590000,Cognac,ACTIVE,,,,,,,,대한민국,"메탈 팁이 달린 조절 가능한 드로스트링 후드 | 가슴 부분에 로고가 엠보싱된 인조 가죽 패치 | 앞면의 캥거루 포켓 | 골지 니트 소매 및 밑단 | 폴리에스테르 51%, 코튼 43%, 스판덱스 6% | 비세토스 모노그램 프린트 안감이 더해진 후드 | 오버사이즈 핏 | 여성 모델의 키는 176cm/5'8"" 이며 사이즈 M을 착용하고 있습니다. | 남성 모델의 키는 181cm/5'9"" 이며 사이즈 M을 착용하고 있습니다.",MHAGSBC01BK00L | MHAGSBC01GK00L,https://images.mcmworldwide.com/i/mcmworldwide/MHAGSBC01CO00L_01 | https://images.mcmworldwide.com/i/mcmworldwide/MHAGSBC01CO00L_09 | https://images.mcmworldwide.com/i/mcmworldwide/MHAGSBC01CO00L_04 | https://images.mcmworldwide.com/i/mcmworldwide/MHAGSBC01CO00L_10 | https://images.mcmworldwide.com/i/mcmworldwide/MHAGSBC01CO00L_11 | https://images.mcmworldwide.com/i/mcmworldwide/MHAGSBC01CO00L_12,,https://kr.mcmworldwide.com/ko_KR/%EC%97%90%EC%84%BC%EC%85%9C-%EB%A1%9C%EA%B3%A0-%ED%8C%A8%EC%B9%98-%ED%8F%B0%ED%85%8C-%ED%9B%84%EB%94%94/MHAGSBC01CO00L.html
MHDESMM01ED00L,울 리사이클 캐시미어 라우렐 가디건,890000,Grey,ACTIVE,,,,,,,,대한민국,"가슴 부분 라우렐 로고 새틴 자수 | 버튼 클로저 | 오른쪽 소매에 자수로 새겨진 ""MCM"" 모티프 | 엑스트라 파인 메리노 울 70%, 리사이클 캐시미어 30% | 리브 니트 트림 | 레귤러 핏 | 여성 모델의 키는 176cm이며 M사이즈를 착용하고 있습니다. | 남성 모델의 키는 186cm 이며 M사이즈를 착용하고 있습니다.",,https://images.mcmworldwide.com/i/mcmworldwide/MHDESMM01ED00L_01 | https://images.mcmworldwide.com/i/mcmworldwide/MHDESMM01ED00L_09 | https://images.mcmworldwide.com/i/mcmworldwide/MHDESMM01ED00L_04 | https://images.mcmworldwide.com/i/mcmworldwide/MHDESMM01ED00L_10 | https://images.mcmworldwide.com/i/mcmworldwide/MHDESMM01ED00L_11 | https://images.mcmworldwide.com/i/mcmworldwide/MHDESMM01ED00L_12,https://images.mcmworldwide.com/v/mcmworldwide/MHDESMM01ED00L_VID/webm_720p,https://kr.mcmworldwide.com/ko_KR/%EC%97%AC%EC%84%B1/%EC%9D%98%EB%A5%98/%EB%AA%A8%EB%91%90%EB%B3%B4%EA%B8%B0/%EC%9A%B8-%EB%A6%AC%EC%82%AC%EC%9D%B4%ED%81%B4-%EC%BA%90%EC%8B%9C%EB%AF%B8%EC%96%B4-%EB%9D%BC%EC%9A%B0%EB%A0%90-%EA%B0%80%EB%94%94%EA%B1%B4/MHDESMM01ED00L.html
MHTEAMM07BK00M,모노그램 패치 포켓 티셔츠,330000,Black,ACTIVE,100% 오가닉 면,,,,,,,대한민국,유니섹스 모델 | 리브 니트 넥라인 | 모노그램 프린트 포켓 및 라우렐 자수: 100% 리사이클 나일론 | 오버사이즈 핏 | 여성 모델의 키는 178cm이며 M사이즈를 착용하고 있습니다. | 남성 모델의 키는 186cm 이며 M사이즈를 착용하고 있습니다.,,https://images.mcmworldwide.com/i/mcmworldwide/MHTEAMM07BK00M_01 | https://images.mcmworldwide.com/i/mcmworldwide/MHTEAMM07BK00M_09 | https://images.mcmworldwide.com/i/mcmworldwide/MHTEAMM07BK00M_04 | https://images.mcmworldwide.com/i/mcmworldwide/MHTEAMM07BK00M_10 | https://images.mcmworldwide.com/i/mcmworldwide/MHTEAMM07BK00M_11 | https://images.mcmworldwide.com/i/mcmworldwide/MHTEAMM07BK00M_12,https://images.mcmworldwide.com/v/mcmworldwide/MHTEAMM07BK00M_VID/webm_720p,https://kr.mcmworldwide.com/ko_KR/%EC%97%AC%EC%84%B1/%EC%9D%98%EB%A5%98/%EB%AA%A8%EB%91%90%EB%B3%B4%EA%B8%B0/%EB%AA%A8%EB%85%B8%EA%B7%B8%EB%9E%A8-%ED%8C%A8%EC%B9%98-%ED%8F%AC%EC%BC%93-%ED%8B%B0%EC%85%94%EC%B8%A0-/MHTEAMM07BK00M.html
MFPFAMM02BK040,양가죽 버뮤다 쇼츠,930000,Black,ACTIVE,100% 양 가죽,엠보싱 모노그램 가죽,다이아몬드 모노그램 모티프 비스코스 100%,다이아몬드형 메탈 스터드 및 로고가 각인된 메탈 버튼 하드웨어,,,,대한민국,"비스토스 모노그램 프린트 가죽 디테일이 더해진 5개 포켓 스타일 | 오버사이즈 핏 | 여성 모델은 키 176cm, 40 사이즈 착용.",,https://images.mcmworldwide.com/i/mcmworldwide/MFPFAMM02BK040_01 | https://images.mcmworldwide.com/i/mcmworldwide/MFPFAMM02BK040_09 | https://images.mcmworldwide.com/i/mcmworldwide/MFPFAMM02BK040_04 | https://images.mcmworldwide.com/i/mcmworldwide/MFPFAMM02BK040_10 | https://images.mcmworldwide.com/i/mcmworldwide/MFPFAMM02BK040_11,https://images.mcmworldwide.com/v/mcmworldwide/MFPFAMM02BK040_VID/webm_720p,https://kr.mcmworldwide.com/ko_KR/%EC%97%AC%EC%84%B1/%EC%9D%98%EB%A5%98/%EB%AA%A8%EB%91%90%EB%B3%B4%EA%B8%B0/%EC%96%91%EA%B0%80%EC%A3%BD-%EB%B2%84%EB%AE%A4%EB%8B%A4-%EC%87%BC%EC%B8%A0/MFPFAMM02BK040.html
MHJFAMM01VC00L,모노그램 네오플렌 자카드 폰테 바시티 자켓,1190000,Blue,ACTIVE,"51% 폴리에스테르, 코튼 43%, 스판덱스 6%",모노그램 네오플렌 자카드,,,,,,대한민국,"유니섹스 모델 | 메탈 스냅 클로저 | 골지 니트 스트라이프 칼라, 밑단, 소매 커프스 | 오버사이즈 핏 | 여성 모델의 키는 176cm이며 M사이즈를 착용하고 있습니다. | Male model is about 186cm / 6'1"" tall and wears size M.",,https://images.mcmworldwide.com/i/mcmworldwide/MHJFAMM01VC00L_01 | https://images.mcmworldwide.com/i/mcmworldwide/MHJFAMM01VC00L_09 | https://images.mcmworldwide.com/i/mcmworldwide/MHJFAMM01VC00L_04 | https://images.mcmworldwide.com/i/mcmworldwide/MHJFAMM01VC00L_10 | https://images.mcmworldwide.com/i/mcmworldwide/MHJFAMM01VC00L_11 | https://images.mcmworldwide.com/i/mcmworldwide/MHJFAMM01VC00L_12 | https://images.mcmworldwide.com/i/mcmworldwide/MHJFAMM01VC00L_13,https://images.mcmworldwide.com/v/mcmworldwide/MHJFAMM01VC00L_VID/webm_720p,https://kr.mcmworldwide.com/ko_KR/%EC%97%AC%EC%84%B1/%EC%9D%98%EB%A5%98/%EB%AA%A8%EB%91%90%EB%B3%B4%EA%B8%B0/%EB%AA%A8%EB%85%B8%EA%B7%B8%EB%9E%A8-%EB%84%A4%EC%98%A4%ED%94%8C%EB%A0%8C-%EC%9E%90%EC%B9%B4%EB%93%9C-%ED%8F%B0%ED%85%8C-%EB%B0%94%EC%8B%9C%ED%8B%B0-%EC%9E%90%EC%BC%93/MHJFAMM01VC00L.html
MHTFSMM03VC00M,실켓 로고 티셔츠,310000,Blue,ACTIVE,100% 코튼,,,,,,,대한민국,Unisex model | Laurel logo embroidery at chest | 레귤러 핏,,https://images.mcmworldwide.com/i/mcmworldwide/MHTFSMM03VC00M_01 | https://images.mcmworldwide.com/i/mcmworldwide/MHTFSMM03VC00M_09 | https://images.mcmworldwide.com/i/mcmworldwide/MHTFSMM03VC00M_04 | https://images.mcmworldwide.com/i/mcmworldwide/MHTFSMM03VC00M_10 | https://images.mcmworldwide.com/i/mcmworldwide/MHTFSMM03VC00M_11 | https://images.mcmworldwide.com/i/mcmworldwide/MHTFSMM03VC00M_12,https://images.mcmworldwide.com/v/mcmworldwide/MHTFSMM03VC00M_VID/webm_720p,https://kr.mcmworldwide.com/ko_KR/%EC%97%AC%EC%84%B1/%EC%9D%98%EB%A5%98/%EB%AA%A8%EB%91%90%EB%B3%B4%EA%B8%B0/%EC%8B%A4%EC%BC%93-%EB%A1%9C%EA%B3%A0-%ED%8B%B0%EC%85%94%EC%B8%A0/MHTFSMM03VC00M.html
MHJFAMM05BK00L,ECONYL&reg; 리버서블 모노그램 프린트 윈드브레이커,1190000,Black,ACTIVE,ECONYL® 재생나일론 100%,,,,,,,대한민국,"리버서블 디자인 | 지퍼 클로저 | 앞면: 블랙 비세토스 모노그램 올 오퍼 프린트 | 내부: 블랙 컬러에 비세토스 모노그램 프린트 포켓으로 포인트를 더함 | 여성 모델의 키는 178cm이며 M사이즈를 착용하고 있습니다. | Male model is about 186cm / 6'1"" tall and wears size M.",,https://images.mcmworldwide.com/i/mcmworldwide/MHJFAMM05BK00L_01 | https://images.mcmworldwide.com/i/mcmworldwide/MHJFAMM05BK00L_09 | https://images.mcmworldwide.com/i/mcmworldwide/MHJFAMM05BK00L_04 | https://images.mcmworldwide.com/i/mcmworldwide/MHJFAMM05BK00L_05 | https://images.mcmworldwide.com/i/mcmworldwide/MHJFAMM05BK00L_10 | https://images.mcmworldwide.com/i/mcmworldwide/MHJFAMM05BK00L_11 | https://images.mcmworldwide.com/i/mcmworldwide/MHJFAMM05BK00L_12,https://images.mcmworldwide.com/v/mcmworldwide/MHJFAMM05BK00L_VID/webm_720p,https://kr.mcmworldwide.com/ko_KR/%EC%97%AC%EC%84%B1/%EC%9D%98%EB%A5%98/%EB%AA%A8%EB%91%90%EB%B3%B4%EA%B8%B0/-econyl%C2%AE--%EB%A6%AC%EB%B2%84%EC%84%9C%EB%B8%94-%EB%AA%A8%EB%85%B8%EA%B7%B8%EB%9E%A8-%ED%94%84%EB%A6%B0%ED%8A%B8-%EC%9C%88%EB%93%9C%EB%B8%8C%EB%A0%88%EC%9D%B4%EC%BB%A4/MHJFAMM05BK00L.html
MHTESMM05BK00M,라우렐 로고 프린트 티셔츠,350000,Black,ACTIVE,오가닉 코튼 100%,,,,,,,대한민국,리브 니트 칼라 | 가슴의 라우렐 로고 프린트 | 오른쪽 슬리브의 MCM 로고 자수 | 레귤러 핏.,MHTESMM05WT00M,https://images.mcmworldwide.com/i/mcmworldwide/MHTESMM05BK00M_01 | https://images.mcmworldwide.com/i/mcmworldwide/MHTESMM05BK00M_09 | https://images.mcmworldwide.com/i/mcmworldwide/MHTESMM05BK00M_04 | https://images.mcmworldwide.com/i/mcmworldwide/MHTESMM05BK00M_10 | https://images.mcmworldwide.com/i/mcmworldwide/MHTESMM05BK00M_11,,https://kr.mcmworldwide.com/ko_KR/%EC%97%AC%EC%84%B1/%EC%9D%98%EB%A5%98/%EB%AA%A8%EB%91%90%EB%B3%B4%EA%B8%B0/%EB%9D%BC%EC%9A%B0%EB%A0%90-%EB%A1%9C%EA%B3%A0-%ED%94%84%EB%A6%B0%ED%8A%B8-%ED%8B%B0%EC%85%94%EC%B8%A0/MHTESMM05BK00M.html
MHTESMM05WT00M,라우렐 로고 프린트 티셔츠,350000,White,ACTIVE,오가닉 코튼 100%,,,,,,,대한민국,"리브 니트 칼라 | 가슴의 라우렐 로고 프린트 | 오른쪽 슬리브의 MCM 로고 자수 | 레귤러 핏 남성 모델 신장: 186cm, 착용 사이즈: 미디엄 여성 모델 신장: 175cm, 착용 사이즈: 스몰",MHTESMM05BK00M,https://images.mcmworldwide.com/i/mcmworldwide/MHTESMM05WT00M_01 | https://images.mcmworldwide.com/i/mcmworldwide/MHTESMM05WT00M_09 | https://images.mcmworldwide.com/i/mcmworldwide/MHTESMM05WT00M_04 | https://images.mcmworldwide.com/i/mcmworldwide/MHTESMM05WT00M_10 | https://images.mcmworldwide.com/i/mcmworldwide/MHTESMM05WT00M_11 | https://images.mcmworldwide.com/i/mcmworldwide/MHTESMM05WT00M_12 | https://images.mcmworldwide.com/i/mcmworldwide/MHTESMM05WT00M_13 | https://images.mcmworldwide.com/i/mcmworldwide/MHTESMM05WT00M_14,https://images.mcmworldwide.com/v/mcmworldwide/MHTESMM05WT00M_VID/webm_720p,https://kr.mcmworldwide.com/ko_KR/%EB%9D%BC%EC%9A%B0%EB%A0%90-%EB%A1%9C%EA%B3%A0-%ED%94%84%EB%A6%B0%ED%8A%B8-%ED%8B%B0%EC%85%94%EC%B8%A0/MHTESMM05WT00M.html
MHTESMM05CO00S,라우렐 로고 프린트 티셔츠,350000,Cognac,ACTIVE,오가닉 코튼 100%,,,,,,,대한민국,리브 니트 칼라 | 가슴의 라우렐 로고 프린트 | 오른쪽 슬리브의 MCM 로고 자수 | 레귤러 핏.,,https://images.mcmworldwide.com/i/mcmworldwide/MHTESMM05CO00S_01 | https://images.mcmworldwide.com/i/mcmworldwide/MHTESMM05CO00S_09 | https://images.mcmworldwide.com/i/mcmworldwide/MHTESMM05CO00S_04 | https://images.mcmworldwide.com/i/mcmworldwide/MHTESMM05CO00S_10 | https://images.mcmworldwide.com/i/mcmworldwide/MHTESMM05CO00S_11 | https://images.mcmworldwide.com/i/mcmworldwide/MHTESMM05CO00S_12 | https://images.mcmworldwide.com/i/mcmworldwide/MHTESMM05CO00S_13 | https://images.mcmworldwide.com/i/mcmworldwide/MHTESMM05CO00S_14,https://images.mcmworldwide.com/v/mcmworldwide/MHTESMM05CO00S_VID/webm_720p,https://kr.mcmworldwide.com/ko_KR/%EC%97%AC%EC%84%B1/%EC%9D%98%EB%A5%98/%EB%AA%A8%EB%91%90%EB%B3%B4%EA%B8%B0/%EB%9D%BC%EC%9A%B0%EB%A0%90-%EB%A1%9C%EA%B3%A0-%ED%94%84%EB%A6%B0%ED%8A%B8-%ED%8B%B0%EC%85%94%EC%B8%A0/MHTESMM05CO00S.html
MHJFAMM04CO00M,페이크 퍼 소매 탈부착 플리스 재킷,1290000,Cognac,ACTIVE,재생 폴리에스테르 페이크 퍼,비세토스 모노그램 프린트가 더해진 ECONYL® 재생 나일론,,,2.8 x 5.1 x 3.5,,,대한민국,유니섹스 | 탈부착 가능한 소매로 베스트로 변환 가능 | 로고 각인 다이아몬드 가죽 패치 | 지퍼 클로저 | 앞면 포켓 | 편안한 핏 | M사이즈를 착용하고 있는 여성 모델의 키는 176cm입니다. | M사이즈를 착용하고 있는 남성 모델의 키는 186cm입니다.,,https://images.mcmworldwide.com/i/mcmworldwide/MHJFAMM04CO00M_01 | https://images.mcmworldwide.com/i/mcmworldwide/MHJFAMM04CO00M_09 | https://images.mcmworldwide.com/i/mcmworldwide/MHJFAMM04CO00M_04 | https://images.mcmworldwide.com/i/mcmworldwide/MHJFAMM04CO00M_05 | https://images.mcmworldwide.com/i/mcmworldwide/MHJFAMM04CO00M_10 | https://images.mcmworldwide.com/i/mcmworldwide/MHJFAMM04CO00M_11 | https://images.mcmworldwide.com/i/mcmworldwide/MHJFAMM04CO00M_12 | https://images.mcmworldwide.com/i/mcmworldwide/MHJFAMM04CO00M_13 | https://images.mcmworldwide.com/i/mcmworldwide/MHJFAMM04CO00M_14,https://images.mcmworldwide.com/v/mcmworldwide/MHJFAMM04CO00M_VID/webm_720p,https://kr.mcmworldwide.com/ko_KR/%EC%97%AC%EC%84%B1/%EC%9D%98%EB%A5%98/%EB%AA%A8%EB%91%90%EB%B3%B4%EA%B8%B0/%ED%8E%98%EC%9D%B4%ED%81%AC-%ED%8D%BC-%EC%86%8C%EB%A7%A4-%ED%83%88%EB%B6%80%EC%B0%A9-%ED%94%8C%EB%A6%AC%EC%8A%A4-%EC%9E%AC%ED%82%B7/MHJFAMM04CO00M.html
MHTESBC01BK00L,에센셜 로고 프린트 티셔츠,270000,Black,ACTIVE,100% 오가닉 코튼,,,,,,,대한민국,유니섹스 모델 | 리브 니트 넥라인 | 메탈릭 하이 주파수 프린트로 된 라우렐 로고 | 레귤러 핏 | 여성 모델의 키는 186cm이며 M사이즈를 착용하고 있습니다. | 남성 모델의 키는 186cm 이며 M사이즈를 착용하고 있습니다.,,https://images.mcmworldwide.com/i/mcmworldwide/MHTESBC01BK00L_01 | https://images.mcmworldwide.com/i/mcmworldwide/MHTESBC01BK00L_09 | https://images.mcmworldwide.com/i/mcmworldwide/MHTESBC01BK00L_04 | https://images.mcmworldwide.com/i/mcmworldwide/MHTESBC01BK00L_10 | https://images.mcmworldwide.com/i/mcmworldwide/MHTESBC01BK00L_11 | https://images.mcmworldwide.com/i/mcmworldwide/MHTESBC01BK00L_12,https://images.mcmworldwide.com/v/mcmworldwide/MHTESBC01BK00L_VID/webm_720p,https://kr.mcmworldwide.com/ko_KR/%EC%97%AC%EC%84%B1/%EC%9D%98%EB%A5%98/%EB%AA%A8%EB%91%90%EB%B3%B4%EA%B8%B0/%EC%97%90%EC%84%BC%EC%85%9C-%EB%A1%9C%EA%B3%A0-%ED%94%84%EB%A6%B0%ED%8A%B8-%ED%8B%B0%EC%85%94%EC%B8%A0/MHTESBC01BK00L.html
MHTESBC01WT00L,에센셜 로고 프린트 티셔츠,270000,White,ACTIVE,오가닉 코튼 100%,,,,,,,대한민국,리브 니트 칼라 | 라우렐 로고 메탈릭 고주파 프린트 | 레귤러 핏.,MHTESBC01BK00L,https://images.mcmworldwide.com/i/mcmworldwide/MHTESBC01WT00L_01 | https://images.mcmworldwide.com/i/mcmworldwide/MHTESBC01WT00L_09 | https://images.mcmworldwide.com/i/mcmworldwide/MHTESBC01WT00L_04 | https://images.mcmworldwide.com/i/mcmworldwide/MHTESBC01WT00L_10 | https://images.mcmworldwide.com/i/mcmworldwide/MHTESBC01WT00L_11,,https://kr.mcmworldwide.com/ko_KR/%EC%97%AC%EC%84%B1/%EC%9D%98%EB%A5%98/%EB%AA%A8%EB%91%90%EB%B3%B4%EA%B8%B0/%EC%97%90%EC%84%BC%EC%85%9C-%EB%A1%9C%EA%B3%A0-%ED%94%84%EB%A6%B0%ED%8A%B8-%ED%8B%B0%EC%85%94%EC%B8%A0/MHTESBC01WT00L.html
MHVGSMM01CO00M,립스탑 ECONYL&reg; 모노그램 백팩 베스트,1650000,Cognac,ACTIVE,100% ECONYL® 재생 나일론,,,,,,,대한민국,앞면 지퍼 클로저 | 일체형 스타크 백팩 디자인 | 앞면 지퍼 수납 공간 | 옆면 버클 스트랩 | 레귤러 핏 | 여성 모델 키는 173cm 이며 M사이즈를 착용하고 있습니다.,,https://images.mcmworldwide.com/i/mcmworldwide/MHVGSMM01CO00M_01 | https://images.mcmworldwide.com/i/mcmworldwide/MHVGSMM01CO00M_09 | https://images.mcmworldwide.com/i/mcmworldwide/MHVGSMM01CO00M_04 | https://images.mcmworldwide.com/i/mcmworldwide/MHVGSMM01CO00M_10 | https://images.mcmworldwide.com/i/mcmworldwide/MHVGSMM01CO00M_11 | https://images.mcmworldwide.com/i/mcmworldwide/MHVGSMM01CO00M_12,https://images.mcmworldwide.com/v/mcmworldwide/MHVGSMM01CO00M_VID/webm_720p,https://kr.mcmworldwide.com/ko_KR/%EC%97%AC%EC%84%B1/%EC%9D%98%EB%A5%98/%EB%AA%A8%EB%91%90%EB%B3%B4%EA%B8%B0/%EB%A6%BD%EC%8A%A4%ED%83%91-econyl%C2%AE-%EB%AA%A8%EB%85%B8%EA%B7%B8%EB%9E%A8-%EB%B0%B1%ED%8C%A9-%EB%B2%A0%EC%8A%A4%ED%8A%B8/MHVGSMM01CO00M.html
MHTGSMM10WT00L,로고 포켓 슬리브 티셔츠,390000,White,ACTIVE,100% 오가닉 면,,,,,,,대한민국,리브 니트 넥라인 | 가슴 부분 톤온톤 라우렐 로고 자수 | 왼쪽 소매의 ECONYL® 재생 나일론 포켓 | 레귤러 핏 | 여성 모델 키는 173cm 이며 M사이즈를 착용하고 있습니다. | 남성 모델의 키는 188cm 이며 M사이즈를 착용하고 있습니다.,,https://images.mcmworldwide.com/i/mcmworldwide/MHTGSMM10WT00L_01 | https://images.mcmworldwide.com/i/mcmworldwide/MHTGSMM10WT00L_09 | https://images.mcmworldwide.com/i/mcmworldwide/MHTGSMM10WT00L_04 | https://images.mcmworldwide.com/i/mcmworldwide/MHTGSMM10WT00L_10 | https://images.mcmworldwide.com/i/mcmworldwide/MHTGSMM10WT00L_11 | https://images.mcmworldwide.com/i/mcmworldwide/MHTGSMM10WT00L_12 | https://images.mcmworldwide.com/i/mcmworldwide/MHTGSMM10WT00L_13,,https://kr.mcmworldwide.com/ko_KR/%EC%97%AC%EC%84%B1/%EC%9D%98%EB%A5%98/%EB%AA%A8%EB%91%90%EB%B3%B4%EA%B8%B0/%EB%A1%9C%EA%B3%A0-%ED%8F%AC%EC%BC%93-%EC%8A%AC%EB%A6%AC%EB%B8%8C-%ED%8B%B0%EC%85%94%EC%B8%A0-/MHTGSMM10WT00L.html
MHEESMM01ED00L,울 캐시미어 블렌드 라우렐 스웨터,850000,Grey,ACTIVE,"울 70%, 재생 캐시미어 30%",,,,,,,대한민국,"리브 니트 칼라와 밑단, 커프스 | 가슴의 라우렐 로고 자수 | 레귤러 핏.",,https://images.mcmworldwide.com/i/mcmworldwide/MHEESMM01ED00L_01 | https://images.mcmworldwide.com/i/mcmworldwide/MHEESMM01ED00L_09 | https://images.mcmworldwide.com/i/mcmworldwide/MHEESMM01ED00L_04 | https://images.mcmworldwide.com/i/mcmworldwide/MHEESMM01ED00L_10 | https://images.mcmworldwide.com/i/mcmworldwide/MHEESMM01ED00L_11,https://images.mcmworldwide.com/v/mcmworldwide/MHEESMM01ED00L_VID/webm_720p,https://kr.mcmworldwide.com/ko_KR/%EC%97%AC%EC%84%B1/%EC%9D%98%EB%A5%98/%EB%AA%A8%EB%91%90%EB%B3%B4%EA%B8%B0/%EC%9A%B8-%EC%BA%90%EC%8B%9C%EB%AF%B8%EC%96%B4-%EB%B8%94%EB%A0%8C%EB%93%9C-%EB%9D%BC%EC%9A%B0%EB%A0%90-%EC%8A%A4%EC%9B%A8%ED%84%B0/MHEESMM01ED00L.html
MHJESMM04CO046,양가죽 크롭 라이더 재킷,3190000,Cognac,ACTIVE,양가죽 100%,,비세토스 모노그램 프린트 가죽,,,,,이탈리아,"비대칭 지퍼 클로저 | 지퍼형 전면 포켓 | 가죽 버클 잠금 장치 | 로고 인그레이빙 메탈 스냅 장식 | 슬림 크롭 핏 남성 모델 신장: 186cm, 착용 사이즈: 미디엄 여성 모델 신장: 175cm, 착용 사이즈: 스몰",,https://images.mcmworldwide.com/i/mcmworldwide/MHJESMM04CO046_01 | https://images.mcmworldwide.com/i/mcmworldwide/MHJESMM04CO046_09 | https://images.mcmworldwide.com/i/mcmworldwide/MHJESMM04CO046_04 | https://images.mcmworldwide.com/i/mcmworldwide/MHJESMM04CO046_10 | https://images.mcmworldwide.com/i/mcmworldwide/MHJESMM04CO046_11,https://images.mcmworldwide.com/v/mcmworldwide/MHJESMM04CO046_VID/webm_720p,https://kr.mcmworldwide.com/ko_KR/%EC%97%AC%EC%84%B1/%EC%9D%98%EB%A5%98/%EB%AA%A8%EB%91%90%EB%B3%B4%EA%B8%B0/%EC%96%91%EA%B0%80%EC%A3%BD-%ED%81%AC%EB%A1%AD-%EB%9D%BC%EC%9D%B4%EB%8D%94-%EC%9E%AC%ED%82%B7/MHJESMM04CO046.html
MFCEAMM03SV00S,아프레 스키 메탈릭 폴리에스터 퀼트 패딩,2050000,Silver,ACTIVE,메탈릭 폴리에스터 100%,,,,,,,이탈리아,탈부착 가능한 후드 | 다이아몬드 패딩 퀼팅 | 지퍼 클로저 | 전면 사이드 포켓 | 뒷면의 플리츠 솔기 | 밴디드 햄 | 오버사이즈 핏,,https://images.mcmworldwide.com/i/mcmworldwide/MFCEAMM03SV00S_01 | https://images.mcmworldwide.com/i/mcmworldwide/MFCEAMM03SV00S_09 | https://images.mcmworldwide.com/i/mcmworldwide/MFCEAMM03SV00S_04 | https://images.mcmworldwide.com/i/mcmworldwide/MFCEAMM03SV00S_10 | https://images.mcmworldwide.com/i/mcmworldwide/MFCEAMM03SV00S_11,,https://kr.mcmworldwide.com/ko_KR/%EC%97%AC%EC%84%B1/%EC%9D%98%EB%A5%98/%EB%AA%A8%EB%91%90%EB%B3%B4%EA%B8%B0/%EC%95%84%ED%94%84%EB%A0%88-%EC%8A%A4%ED%82%A4-%EB%A9%94%ED%83%88%EB%A6%AD-%ED%8F%B4%EB%A6%AC%EC%97%90%EC%8A%A4%ED%84%B0-%ED%80%BC%ED%8A%B8-%ED%8C%A8%EB%94%A9/MFCEAMM03SV00S.html
MFPEAMM04SV00M,아프레 스키 메탈릭 폴리에스터 퀼트 팬츠,1520000,Silver,ACTIVE,메탈릭 폴리에스터 100%,,,,,,,이탈리아,다이아몬드 패딩 퀼팅 | 지퍼 클로저 | 전면 웰트 포켓 | 신축성 있는 웨이스트와 커프스 | 오버사이즈 핏,,https://images.mcmworldwide.com/i/mcmworldwide/MFPEAMM04SV00M_01 | https://images.mcmworldwide.com/i/mcmworldwide/MFPEAMM04SV00M_09 | https://images.mcmworldwide.com/i/mcmworldwide/MFPEAMM04SV00M_04 | https://images.mcmworldwide.com/i/mcmworldwide/MFPEAMM04SV00M_10 | https://images.mcmworldwide.com/i/mcmworldwide/MFPEAMM04SV00M_11,,https://kr.mcmworldwide.com/ko_KR/%EC%97%AC%EC%84%B1/%EC%9D%98%EB%A5%98/%EB%AA%A8%EB%91%90%EB%B3%B4%EA%B8%B0/%EC%95%84%ED%94%84%EB%A0%88-%EC%8A%A4%ED%82%A4-%EB%A9%94%ED%83%88%EB%A6%AD-%ED%8F%B4%EB%A6%AC%EC%97%90%EC%8A%A4%ED%84%B0-%ED%80%BC%ED%8A%B8-%ED%8C%AC%EC%B8%A0/MFPEAMM04SV00M.html
MFPEAMM05VC042,로레토스 울 자카드 팬츠,1150000,Blue,ACTIVE,"버진 울 60%, 폴리에스터 40%",,비스코스,가죽 벨트 고리와 다이아몬드 메탈 링 금속 장식,,,,대한민국,자카드 우븐 | 로레토스 모노그램 모티프 | 와이드 레그 디자인 | 옆면 포켓 | 앞면과 뒷면의 반전된 박스 플리츠 | 뒷면 플랩 포켓 | 뒷면 포켓의 라우렐 자수 | 오버사이즈 핏,,https://images.mcmworldwide.com/i/mcmworldwide/MFPEAMM05VC042_01 | https://images.mcmworldwide.com/i/mcmworldwide/MFPEAMM05VC042_09 | https://images.mcmworldwide.com/i/mcmworldwide/MFPEAMM05VC042_04 | https://images.mcmworldwide.com/i/mcmworldwide/MFPEAMM05VC042_10 | https://images.mcmworldwide.com/i/mcmworldwide/MFPEAMM05VC042_11,,https://kr.mcmworldwide.com/ko_KR/%EC%97%AC%EC%84%B1/%EC%9D%98%EB%A5%98/%EB%AA%A8%EB%91%90%EB%B3%B4%EA%B8%B0/%EB%A1%9C%EB%A0%88%ED%86%A0%EC%8A%A4-%EC%9A%B8-%EC%9E%90%EC%B9%B4%EB%93%9C-%ED%8C%AC%EC%B8%A0/MFPEAMM05VC042.html
MHDESMM02WC00M,인타르시아 라우렐 카디건,1150000,White,ACTIVE,"울 70%, 캐시미어 30%",,,,,,,이탈리아,앞면 버튼 클로저 | 슬리브와 뒷면의 인타르시아 니트 월계수 모티프 | 네크라인 뒷면의 MCM 로고 자수 | 오버사이즈 핏. 모델의 신장은 175cm 이며 Medium 사이즈를 착용하고 있습니다.,,https://images.mcmworldwide.com/i/mcmworldwide/MHDESMM02WC00M_01 | https://images.mcmworldwide.com/i/mcmworldwide/MHDESMM02WC00M_09 | https://images.mcmworldwide.com/i/mcmworldwide/MHDESMM02WC00M_04 | https://images.mcmworldwide.com/i/mcmworldwide/MHDESMM02WC00M_10 | https://images.mcmworldwide.com/i/mcmworldwide/MHDESMM02WC00M_11,https://images.mcmworldwide.com/v/mcmworldwide/MHDESMM02WC00M_VID/webm_720p,https://kr.mcmworldwide.com/ko_KR/%EC%97%AC%EC%84%B1/%EC%9D%98%EB%A5%98/%EB%AA%A8%EB%91%90%EB%B3%B4%EA%B8%B0/%EC%9D%B8%ED%83%80%EB%A5%B4%EC%8B%9C%EC%95%84-%EB%9D%BC%EC%9A%B0%EB%A0%90-%EC%B9%B4%EB%94%94%EA%B1%B4/MHDESMM02WC00M.html
MHVEAMM02BK00M,재생 나일론 패커블 다운 베스트,990000,Black,ACTIVE,재생 나일론 100%,,모노그램 프린트,,,,,대한민국,"오른쪽 주머니를 뒤집어 그 안으로 베스트를 접어 넣으면, 간편한 파우치 형태로 변형되는 패커블 다운 베스트 | 자카드 리브 니트 라우렐 칼라 | 양방향 지퍼 클로저 | 로고 엠보스드 인조 가죽 다이아몬드 패치 | 지퍼형 전면 포켓 | 구스 다운 충전재 | 레귤러 핏",,https://images.mcmworldwide.com/i/mcmworldwide/MHVEAMM02BK00M_01 | https://images.mcmworldwide.com/i/mcmworldwide/MHVEAMM02BK00M_09 | https://images.mcmworldwide.com/i/mcmworldwide/MHVEAMM02BK00M_04 | https://images.mcmworldwide.com/i/mcmworldwide/MHVEAMM02BK00M_05 | https://images.mcmworldwide.com/i/mcmworldwide/MHVEAMM02BK00M_10 | https://images.mcmworldwide.com/i/mcmworldwide/MHVEAMM02BK00M_11,,https://kr.mcmworldwide.com/ko_KR/%EC%97%AC%EC%84%B1/%EC%9D%98%EB%A5%98/%EB%AA%A8%EB%91%90%EB%B3%B4%EA%B8%B0/%EC%9E%AC%EC%83%9D-%EB%82%98%EC%9D%BC%EB%A1%A0-%ED%8C%A8%EC%BB%A4%EB%B8%94-%EB%8B%A4%EC%9A%B4-%EB%B2%A0%EC%8A%A4%ED%8A%B8/MHVEAMM02BK00M.html
MFJESMM06BK040,파워 울 재킷,1350000,Black,ACTIVE,실크 새틴 피크 라펠,,,,,,,대한민국,더블 브레스티드 | 파워 숄더 | 버튼식 클로저 | 체스트 웰트 포켓 | 앞면 플랩 포켓 | 단독 드레스로 스타일링 가능 | 울 100% | 레귤러 핏. 모델의 신장은 175cm 이며 사이즈 40을 착용하고 있습니다.,,https://images.mcmworldwide.com/i/mcmworldwide/MFJESMM06BK040_01 | https://images.mcmworldwide.com/i/mcmworldwide/MFJESMM06BK040_09 | https://images.mcmworldwide.com/i/mcmworldwide/MFJESMM06BK040_04 | https://images.mcmworldwide.com/i/mcmworldwide/MFJESMM06BK040_10 | https://images.mcmworldwide.com/i/mcmworldwide/MFJESMM06BK040_11,,https://kr.mcmworldwide.com/ko_KR/%EC%97%AC%EC%84%B1/%EC%9D%98%EB%A5%98/%EB%AA%A8%EB%91%90%EB%B3%B4%EA%B8%B0/%ED%8C%8C%EC%9B%8C-%EC%9A%B8-%EC%9E%AC%ED%82%B7/MFJESMM06BK040.html
MFVGAMM01BK00M,트위드 베스트,1850000,Black,ACTIVE,"폴리에스테르 28%, 아크릴 25%, 코튼 20%, 울 11%, 폴리아미드 9%, 코튼 7%",,,,,,,대한민국,"더블 브레스티드 디자인 | 입체적인 숄더 실루엣 | 버튼 클로저 | 피크 라펠 | 골드톤 라우렐 로고 스터드 장식 | 앞면 포켓 | 다이아몬드 모노그램 자카드 비스코스 라이닝 | 레귤러 핏 | 여성 모델의 키는 175cm/5'8"" 이며 사이즈 S를 착용하고 있습니다.",,https://images.mcmworldwide.com/i/mcmworldwide/MFVGAMM01BK00M_01 | https://images.mcmworldwide.com/i/mcmworldwide/MFVGAMM01BK00M_09 | https://images.mcmworldwide.com/i/mcmworldwide/MFVGAMM01BK00M_04 | https://images.mcmworldwide.com/i/mcmworldwide/MFVGAMM01BK00M_10 | https://images.mcmworldwide.com/i/mcmworldwide/MFVGAMM01BK00M_11 | https://images.mcmworldwide.com/i/mcmworldwide/MFVGAMM01BK00M_12,,https://kr.mcmworldwide.com/ko_KR/%EC%97%AC%EC%84%B1/%EC%9D%98%EB%A5%98/%EB%AA%A8%EB%91%90%EB%B3%B4%EA%B8%B0/%ED%8A%B8%EC%9C%84%EB%93%9C-%EB%B2%A0%EC%8A%A4%ED%8A%B8/MFVGAMM01BK00M.html
MHTGAMM01VC00L,마스 도그 디스코 티셔츠,450000,Blue,ACTIVE,100% 오가닉 면,,,,,,,대한민국,"크루넥 | 숏 슬리브 | “MCM Disco”로고 모티프와 Mars Dog 그래픽 프린트 | 리브 니트 트림 | 오버사이즈 핏 | 여성 모델의 키는 175cm/5'8"" 이며 사이즈 S를 착용하고 있습니다. | 남성 모델의 키는 186cm/6'1"" 이며 사이즈 M을 착용하고 있습니다.",MHTGAMM01WT00L,https://images.mcmworldwide.com/i/mcmworldwide/MHTGAMM01VC00L_01 | https://images.mcmworldwide.com/i/mcmworldwide/MHTGAMM01VC00L_04,,https://kr.mcmworldwide.com/ko_KR/%EC%97%AC%EC%84%B1/%EC%9D%98%EB%A5%98/%EB%AA%A8%EB%91%90%EB%B3%B4%EA%B8%B0/%EB%A7%88%EC%8A%A4-%EB%8F%84%EA%B7%B8-%EB%94%94%EC%8A%A4%EC%BD%94-%ED%8B%B0%EC%85%94%EC%B8%A0-/MHTGAMM01VC00L.html
MHTGAMM01WT00L,마스 도그 디스코 티셔츠,450000,White,ACTIVE,100% 오가닉 면,,,,,,,대한민국,"크루넥 | 숏 슬리브 | “MCM Disco”로고 모티프와 Mars Dog 그래픽 프린트 | 리브 니트 트림 | 오버사이즈 핏 | 여성 모델의 키는 175cm/5'8"" 이며 사이즈 S를 착용하고 있습니다. | 남성 모델의 키는 186cm/6'1"" 이며 사이즈 M을 착용하고 있습니다.",MHTGAMM01VC00L,https://images.mcmworldwide.com/i/mcmworldwide/MHTGAMM01WT00L_01 | https://images.mcmworldwide.com/i/mcmworldwide/MHTGAMM01WT00L_09 | https://images.mcmworldwide.com/i/mcmworldwide/MHTGAMM01WT00L_04 | https://images.mcmworldwide.com/i/mcmworldwide/MHTGAMM01WT00L_10 | https://images.mcmworldwide.com/i/mcmworldwide/MHTGAMM01WT00L_11 | https://images.mcmworldwide.com/i/mcmworldwide/MHTGAMM01WT00L_12 | https://images.mcmworldwide.com/i/mcmworldwide/MHTGAMM01WT00L_13,,https://kr.mcmworldwide.com/ko_KR/%EB%A7%88%EC%8A%A4-%EB%8F%84%EA%B7%B8-%EB%94%94%EC%8A%A4%EC%BD%94-%ED%8B%B0%EC%85%94%EC%B8%A0-/MHTGAMM01WT00L.html
MFTFSBC01WT00S,로고 프린트 티셔츠,270000,White,ACTIVE,,,,,,,,대한민국,리브 니트 칼라 | 앞면의 라우렐 로고 프린트 | 국제 유기농 섬유 표준(GOTS) 및 컨트롤유니온(Control Union) 인증 오가닉 코튼 100%,,https://images.mcmworldwide.com/i/mcmworldwide/MFTFSBC01WT00S_01 | https://images.mcmworldwide.com/i/mcmworldwide/MFTFSBC01WT00S_09 | https://images.mcmworldwide.com/i/mcmworldwide/MFTFSBC01WT00S_04 | https://images.mcmworldwide.com/i/mcmworldwide/MFTFSBC01WT00S_10 | https://images.mcmworldwide.com/i/mcmworldwide/MFTFSBC01WT00S_11,https://images.mcmworldwide.com/v/mcmworldwide/MFTFSBC01WT00S_VID/webm_720p,https://kr.mcmworldwide.com/ko_KR/%EC%97%AC%EC%84%B1/%EC%9D%98%EB%A5%98/%EB%AA%A8%EB%91%90%EB%B3%B4%EA%B8%B0/%EB%A1%9C%EA%B3%A0-%ED%94%84%EB%A6%B0%ED%8A%B8-%ED%8B%B0%EC%85%94%EC%B8%A0/MFTFSBC01WT00S.html
MFJFAMM01IG00S,시어링 ECONYL&reg; 애비에이터 재킷,1490000,Beige,ACTIVE,ECONYL® 재생 나일론,비세토스 모노그램 프린트 엠보스드 가죽,,,,,,이탈리아,스페인산 램 시어링 칼라 | 지퍼 클로저 | 뒷면에 섬세하게 더해진 라우렐 로고 자수 | 앞면 플랩 포켓 | 리브 니트 밑단과 소매 | 오버사이즈 핏 | S사이즈를 착용하고 있는 여성 모델의 키는 178cm입니다.,,https://images.mcmworldwide.com/i/mcmworldwide/MFJFAMM01IG00S_01 | https://images.mcmworldwide.com/i/mcmworldwide/MFJFAMM01IG00S_09 | https://images.mcmworldwide.com/i/mcmworldwide/MFJFAMM01IG00S_04 | https://images.mcmworldwide.com/i/mcmworldwide/MFJFAMM01IG00S_10 | https://images.mcmworldwide.com/i/mcmworldwide/MFJFAMM01IG00S_11,https://images.mcmworldwide.com/v/mcmworldwide/MFJFAMM01IG00S_VID/webm_720p,https://kr.mcmworldwide.com/ko_KR/%EC%97%AC%EC%84%B1/%EC%9D%98%EB%A5%98/%EB%AA%A8%EB%91%90%EB%B3%B4%EA%B8%B0/%EC%8B%9C%EC%96%B4%EB%A7%81-econyl%C2%AE-%EC%95%A0%EB%B9%84%EC%97%90%EC%9D%B4%ED%84%B0-%EC%9E%AC%ED%82%B7/MFJFAMM01IG00S.html
MHTGAMM07BW00L,MCM X We The Best 스트라이프 니트 셔츠,530000,Black,ACTIVE,,,,,,,,대한민국,"리브 니트 넥라인 | 가슴 부분의 “We The Best” 그래픽 프린트 | 블랙 화이트 번개 스트라이프 모티프 | 라우렐 로고와 바이에른 다이아몬드 패치 자수 | 뒷면 “Another One” 모티프 | 폴리에스테르 88%, 폴리우레탄 12% | 오버사이즈 핏 | 여성 모델의 키는 175cm/5'8"" 이며 사이즈 S를 착용하고 있습니다. | 남성 모델의 키는 186cm/6'1"" 이며 사이즈 M을 착용하고 있습니다.",,https://images.mcmworldwide.com/i/mcmworldwide/MHTGAMM07BW00L_01 | https://images.mcmworldwide.com/i/mcmworldwide/MHTGAMM07BW00L_09 | https://images.mcmworldwide.com/i/mcmworldwide/MHTGAMM07BW00L_04 | https://images.mcmworldwide.com/i/mcmworldwide/MHTGAMM07BW00L_10 | https://images.mcmworldwide.com/i/mcmworldwide/MHTGAMM07BW00L_11 | https://images.mcmworldwide.com/i/mcmworldwide/MHTGAMM07BW00L_12 | https://images.mcmworldwide.com/i/mcmworldwide/MHTGAMM07BW00L_13,,https://kr.mcmworldwide.com/ko_KR/%EC%97%AC%EC%84%B1/%EC%9D%98%EB%A5%98/%EB%AA%A8%EB%91%90%EB%B3%B4%EA%B8%B0/mcm-x-we-the-best-%EC%8A%A4%ED%8A%B8%EB%9D%BC%EC%9D%B4%ED%94%84-%EB%8B%88%ED%8A%B8-%EC%85%94%EC%B8%A0/MHTGAMM07BW00L.html
MFPGAMM02BK040,루렉스 울 플레어 팬츠,1090000,Black,ACTIVE,"울 90%, 폴리아미드:10%",,,,,,,대한민국,"사이드 포켓 | 뒷면 웰트 포켓 | 포켓 라이닝: 폴리에스테르 82%, 코튼 18% | 슬림 핏 | 여성 모델의 키는 175cm/5'8"" 이며 사이즈 40을 착용하고 있습니다.",,https://images.mcmworldwide.com/i/mcmworldwide/MFPGAMM02BK040_01 | https://images.mcmworldwide.com/i/mcmworldwide/MFPGAMM02BK040_09 | https://images.mcmworldwide.com/i/mcmworldwide/MFPGAMM02BK040_04 | https://images.mcmworldwide.com/i/mcmworldwide/MFPGAMM02BK040_10 | https://images.mcmworldwide.com/i/mcmworldwide/MFPGAMM02BK040_11 | https://images.mcmworldwide.com/i/mcmworldwide/MFPGAMM02BK040_12,,https://kr.mcmworldwide.com/ko_KR/%EC%97%AC%EC%84%B1/%EC%9D%98%EB%A5%98/%EB%AA%A8%EB%91%90%EB%B3%B4%EA%B8%B0/%EB%A3%A8%EB%A0%89%EC%8A%A4-%EC%9A%B8-%ED%94%8C%EB%A0%88%EC%96%B4-%ED%8C%AC%EC%B8%A0/MFPGAMM02BK040.html
MFJFAMM01IG00M,시어링 ECONYL&reg; 애비에이터 재킷,1490000,Beige,ACTIVE,ECONYL® 재생 나일론,비세토스 모노그램 프린트 엠보스드 가죽,,,6.7 x 10.2 x 0.0,,,이탈리아,스페인산 램 시어링 칼라 | 지퍼 클로저 | 뒷면에 섬세하게 더해진 라우렐 로고 자수 | 앞면 플랩 포켓 | 리브 니트 밑단과 소매 | 오버사이즈 핏 | S사이즈를 착용하고 있는 여성 모델의 키는 178cm입니다.,,https://images.mcmworldwide.com/i/mcmworldwide/MFJFAMM01IG00M_01 | https://images.mcmworldwide.com/i/mcmworldwide/MFJFAMM01IG00M_09 | https://images.mcmworldwide.com/i/mcmworldwide/MFJFAMM01IG00M_04 | https://images.mcmworldwide.com/i/mcmworldwide/MFJFAMM01IG00M_10 | https://images.mcmworldwide.com/i/mcmworldwide/MFJFAMM01IG00M_11,https://images.mcmworldwide.com/v/mcmworldwide/MFJFAMM01IG00M_VID/webm_720p,https://kr.mcmworldwide.com/ko_KR/%EC%97%AC%EC%84%B1/%EC%9D%98%EB%A5%98/%EB%AA%A8%EB%91%90%EB%B3%B4%EA%B8%B0/%EC%8B%9C%EC%96%B4%EB%A7%81-econyl%C2%AE-%EC%95%A0%EB%B9%84%EC%97%90%EC%9D%B4%ED%84%B0-%EC%9E%AC%ED%82%B7/MFJFAMM01IG00M.html
MHTGAMM05BK00L,MCM X We The Best 로고 자수 폴로,790000,Black,ACTIVE,"메리노울 80%, 캐시미어 20%",,,,,,,대한민국,"가슴 부분의 MCM X We The Best 로고 자수 | 세 개의 버튼 플래킷 | 숏 슬리브 | 편안한 핏 | 여성 모델의 키는 175cm/5'8"" 이며 사이즈 S를 착용하고 있습니다. | 남성 모델의 키는 186cm/6'1"" 이며 사이즈 M을 착용하고 있습니다.",,https://images.mcmworldwide.com/i/mcmworldwide/MHTGAMM05BK00L_01 | https://images.mcmworldwide.com/i/mcmworldwide/MHTGAMM05BK00L_09 | https://images.mcmworldwide.com/i/mcmworldwide/MHTGAMM05BK00L_04 | https://images.mcmworldwide.com/i/mcmworldwide/MHTGAMM05BK00L_10 | https://images.mcmworldwide.com/i/mcmworldwide/MHTGAMM05BK00L_11 | https://images.mcmworldwide.com/i/mcmworldwide/MHTGAMM05BK00L_12 | https://images.mcmworldwide.com/i/mcmworldwide/MHTGAMM05BK00L_13,,https://kr.mcmworldwide.com/ko_KR/%EC%97%AC%EC%84%B1/%EC%9D%98%EB%A5%98/%EB%AA%A8%EB%91%90%EB%B3%B4%EA%B8%B0/mcm-x-we-the-best-%EB%A1%9C%EA%B3%A0-%EC%9E%90%EC%88%98-%ED%8F%B4%EB%A1%9C/MHTGAMM05BK00L.html
MHTGAMM03WT00L,마스 도그 포켓 티셔츠,390000,White,ACTIVE,100% 오가닉 면,,,,,,,대한민국,"""MCM 디스코"" 자수가 더해진 마스 도그 그래픽 프린트 | 리브 니트 트림 | 레귤러 핏 | 여성 모델의 키는 175cm/5'8"" 이며 사이즈 S를 착용하고 있습니다. | 남성 모델의 키는 186cm/6'1"" 이며 사이즈 M을 착용하고 있습니다.",,https://images.mcmworldwide.com/i/mcmworldwide/MHTGAMM03WT00L_01 | https://images.mcmworldwide.com/i/mcmworldwide/MHTGAMM03WT00L_04,,https://kr.mcmworldwide.com/ko_KR/%EC%97%AC%EC%84%B1/%EC%9D%98%EB%A5%98/%EB%AA%A8%EB%91%90%EB%B3%B4%EA%B8%B0/%EB%A7%88%EC%8A%A4-%EB%8F%84%EA%B7%B8-%ED%8F%AC%EC%BC%93-%ED%8B%B0%EC%85%94%EC%B8%A0/MHTGAMM03WT00L.html
MHPGAMM06WO00L,MCM X We The Best 폰테 쇼츠,490000,White,ACTIVE,,,,,,,,대한민국,"MCM X We The Best logo 자수 | 신축성 있는 허리밴드 | 폴리에스테르 51%, 코튼 43%, 스판덱스 6% | 블루 컬러 대비 트리밍 | 편안한 핏 | 여성 모델의 키는 175cm/5'8"" 이며 사이즈 S를 착용하고 있습니다. | 남성 모델의 키는 186cm/6'1"" 이며 사이즈 M을 착용하고 있습니다.",,https://images.mcmworldwide.com/i/mcmworldwide/MHPGAMM06WO00L_01 | https://images.mcmworldwide.com/i/mcmworldwide/MHPGAMM06WO00L_09 | https://images.mcmworldwide.com/i/mcmworldwide/MHPGAMM06WO00L_04 | https://images.mcmworldwide.com/i/mcmworldwide/MHPGAMM06WO00L_10 | https://images.mcmworldwide.com/i/mcmworldwide/MHPGAMM06WO00L_11 | https://images.mcmworldwide.com/i/mcmworldwide/MHPGAMM06WO00L_12 | https://images.mcmworldwide.com/i/mcmworldwide/MHPGAMM06WO00L_13,,https://kr.mcmworldwide.com/ko_KR/%EC%97%AC%EC%84%B1/%EC%9D%98%EB%A5%98/%EB%AA%A8%EB%91%90%EB%B3%B4%EA%B8%B0/mcm-x-we-the-best-%ED%8F%B0%ED%85%8C-%EC%87%BC%EC%B8%A0/MHPGAMM06WO00L.html
MHPGAMM05NG00L,MCM X We The Best 울트라스웨이드 쇼츠,490000,Grey,ACTIVE,폴리에스테르 100%(울트라스웨이드),,,,,,,대한민국,"대비되는 컬러의 신축성 있는 허리밴드 | 뒷면의 MCM X We The Best logo 자수 | 뒷면 포켓 | 편안한 핏 | 여성 모델의 키는 175cm/5'8"" 이며 사이즈 S를 착용하고 있습니다. | 남성 모델의 키는 186cm/6'1"" 이며 사이즈 M을 착용하고 있습니다.",,https://images.mcmworldwide.com/i/mcmworldwide/MHPGAMM05NG00L_01 | https://images.mcmworldwide.com/i/mcmworldwide/MHPGAMM05NG00L_09 | https://images.mcmworldwide.com/i/mcmworldwide/MHPGAMM05NG00L_04 | https://images.mcmworldwide.com/i/mcmworldwide/MHPGAMM05NG00L_10 | https://images.mcmworldwide.com/i/mcmworldwide/MHPGAMM05NG00L_11 | https://images.mcmworldwide.com/i/mcmworldwide/MHPGAMM05NG00L_12 | https://images.mcmworldwide.com/i/mcmworldwide/MHPGAMM05NG00L_13,,https://kr.mcmworldwide.com/ko_KR/%EC%97%AC%EC%84%B1/%EC%9D%98%EB%A5%98/%EB%AA%A8%EB%91%90%EB%B3%B4%EA%B8%B0/mcm-x-we-the-best-%EC%9A%B8%ED%8A%B8%EB%9D%BC%EC%8A%A4%EC%9B%A8%EC%9D%B4%EB%93%9C-%EC%87%BC%EC%B8%A0/MHPGAMM05NG00L.html
MHTGAMM08BK00L,MCM X We The Best 로고 티셔츠,430000,Black,ACTIVE,100% 오가닉 면,,,,,,,대한민국,"리브 니트 넥라인 | 가슴 부분의 MCM X We The Best logo 프린트 | 오버사이즈 핏 | 여성 모델의 키는 175cm/5'8"" 이며 사이즈 S를 착용하고 있습니다. | 남성 모델의 키는 186cm/6'1"" 이며 사이즈 M을 착용하고 있습니다.",,https://images.mcmworldwide.com/i/mcmworldwide/MHTGAMM08BK00L_01 | https://images.mcmworldwide.com/i/mcmworldwide/MHTGAMM08BK00L_09 | https://images.mcmworldwide.com/i/mcmworldwide/MHTGAMM08BK00L_04 | https://images.mcmworldwide.com/i/mcmworldwide/MHTGAMM08BK00L_10 | https://images.mcmworldwide.com/i/mcmworldwide/MHTGAMM08BK00L_11 | https://images.mcmworldwide.com/i/mcmworldwide/MHTGAMM08BK00L_12 | https://images.mcmworldwide.com/i/mcmworldwide/MHTGAMM08BK00L_13,,https://kr.mcmworldwide.com/ko_KR/%EC%97%AC%EC%84%B1/%EC%9D%98%EB%A5%98/%EB%AA%A8%EB%91%90%EB%B3%B4%EA%B8%B0/mcm-x-we-the-best-%EB%A1%9C%EA%B3%A0-%ED%8B%B0%EC%85%94%EC%B8%A0/MHTGAMM08BK00L.html
MHTGAMM10WO00L,MCM X We The Best 플라밍고 티셔츠,430000,White,ACTIVE,100% 오가닉 면,,,,,,,대한민국,"크루넥 | 리브 니트 넥라인 | 가슴 부분의 MCM X We The Best logo 프린트 | 뒷면의 야자수 플라밍고 그래픽 프린트 | 오버사이즈 핏 | 여성 모델의 키는 175cm/5'8"" 이며 사이즈 S를 착용하고 있습니다. | 남성 모델의 키는 186cm/6'1"" 이며 사이즈 M을 착용하고 있습니다.",,https://images.mcmworldwide.com/i/mcmworldwide/MHTGAMM10WO00L_01 | https://images.mcmworldwide.com/i/mcmworldwide/MHTGAMM10WO00L_09 | https://images.mcmworldwide.com/i/mcmworldwide/MHTGAMM10WO00L_04 | https://images.mcmworldwide.com/i/mcmworldwide/MHTGAMM10WO00L_10 | https://images.mcmworldwide.com/i/mcmworldwide/MHTGAMM10WO00L_11 | https://images.mcmworldwide.com/i/mcmworldwide/MHTGAMM10WO00L_12,,https://kr.mcmworldwide.com/ko_KR/%EC%97%AC%EC%84%B1/%EC%9D%98%EB%A5%98/%EB%AA%A8%EB%91%90%EB%B3%B4%EA%B8%B0/mcm-x-we-the-best-%ED%94%8C%EB%9D%BC%EB%B0%8D%EA%B3%A0-%ED%8B%B0%EC%85%94%EC%B8%A0/MHTGAMM10WO00L.html
MESGAMM06CO036,모노그램 플랫폼 양가죽 샌들,890000,Cognac,ACTIVE,,,,골드톤 바이에른 다이아몬드 메탈 버클 하드웨어,,,,이탈리아,EVA 플랫폼 솔 | 뒷면 레더 버클 스트랩 | MCM 로고 모티프가 더해진 램스킨 풋베드 | 어퍼: 램스킨 레더와 비세토스 모노그램 프린트,,https://images.mcmworldwide.com/i/mcmworldwide/MESGAMM06CO036_01 | https://images.mcmworldwide.com/i/mcmworldwide/MESGAMM06CO036_02 | https://images.mcmworldwide.com/i/mcmworldwide/MESGAMM06CO036_03 | https://images.mcmworldwide.com/i/mcmworldwide/MESGAMM06CO036_04 | https://images.mcmworldwide.com/i/mcmworldwide/MESGAMM06CO036_05,,https://kr.mcmworldwide.com/ko_KR/%EC%97%AC%EC%84%B1/%EC%8A%88%EC%A6%88/%EB%AA%A8%EB%91%90%EB%B3%B4%EA%B8%B0/%EB%AA%A8%EB%85%B8%EA%B7%B8%EB%9E%A8-%ED%94%8C%EB%9E%AB%ED%8F%BC-%EC%96%91%EA%B0%80%EC%A3%BD-%EC%83%8C%EB%93%A4/MESGAMM06CO036.html
MESGSMM05CO037,모노그램 젤리 샌들,330000,Cognac,ACTIVE,,,,,,,,이탈리아,비세토스 모노그램 전면 프린트 | 클래식한 꼬냑 컬러 | 좁은 발볼,,https://images.mcmworldwide.com/i/mcmworldwide/MESGSMM05CO037_01 | https://images.mcmworldwide.com/i/mcmworldwide/MESGSMM05CO037_02 | https://images.mcmworldwide.com/i/mcmworldwide/MESGSMM05CO037_04 | https://images.mcmworldwide.com/i/mcmworldwide/MESGSMM05CO037_05 | https://images.mcmworldwide.com/i/mcmworldwide/MESGSMM05CO037_06,,https://kr.mcmworldwide.com/ko_KR/%EC%97%AC%EC%84%B1/%EC%8A%88%EC%A6%88/%EB%AA%A8%EB%91%90%EB%B3%B4%EA%B8%B0/%EB%AA%A8%EB%85%B8%EA%B7%B8%EB%9E%A8-%EC%A0%A4%EB%A6%AC-%EC%83%8C%EB%93%A4/MESGSMM05CO037.html
MEXFSMM02BK036,비세토스 샌들,770000,Black,ACTIVE,비세토스 모노그램 캔버스,100% 카프 레더,100% 카프 레더,실버톤 다이아몬드 메탈 버클 하드웨어,,,,이탈리아,라우렐 로고 모티브가 더해진 가죽 풋베드 | EAV 아웃솔,,https://images.mcmworldwide.com/i/mcmworldwide/MEXFSMM02BK036_01 | https://images.mcmworldwide.com/i/mcmworldwide/MEXFSMM02BK036_02 | https://images.mcmworldwide.com/i/mcmworldwide/MEXFSMM02BK036_04 | https://images.mcmworldwide.com/i/mcmworldwide/MEXFSMM02BK036_05 | https://images.mcmworldwide.com/i/mcmworldwide/MEXFSMM02BK036_06,,https://kr.mcmworldwide.com/ko_KR/%EC%97%AC%EC%84%B1/%EC%8A%88%EC%A6%88/%EB%AA%A8%EB%91%90%EB%B3%B4%EA%B8%B0/%EB%B9%84%EC%84%B8%ED%86%A0%EC%8A%A4-%EC%83%8C%EB%93%A4/MEXFSMM02BK036.html
MEXFSMM02CO038,비세토스 샌들,770000,Cognac,ACTIVE,비세토스 모노그램 캔버스,송아지 가죽 100%,송아지 가죽 100%,골드 톤 다이아몬드 메탈 버클 금속 장식,,,,이탈리아,엠보스드 라우렐 로고 모티프 가죽 풋베드 | EVA 밑창,MEXFSMM02BK038,https://images.mcmworldwide.com/i/mcmworldwide/MEXFSMM02CO038_01 | https://images.mcmworldwide.com/i/mcmworldwide/MEXFSMM02CO038_02 | https://images.mcmworldwide.com/i/mcmworldwide/MEXFSMM02CO038_04 | https://images.mcmworldwide.com/i/mcmworldwide/MEXFSMM02CO038_05 | https://images.mcmworldwide.com/i/mcmworldwide/MEXFSMM02CO038_06,,https://kr.mcmworldwide.com/ko_KR/%EC%97%AC%EC%84%B1/%EC%8A%88%EC%A6%88/%EB%AA%A8%EB%91%90%EB%B3%B4%EA%B8%B0/%EB%B9%84%EC%84%B8%ED%86%A0%EC%8A%A4-%EC%83%8C%EB%93%A4/MEXFSMM02CO038.html
MEXFSMM02BK038,비세토스 샌들,770000,Black,ACTIVE,비세토스 모노그램 캔버스,100% 카프 레더,100% 카프 레더,실버톤 다이아몬드 메탈 버클 하드웨어,,,,이탈리아,라우렐 로고 모티브가 더해진 가죽 풋베드 | EAV 아웃솔,MEXFSMM02CO038,https://images.mcmworldwide.com/i/mcmworldwide/MEXFSMM02BK038_01 | https://images.mcmworldwide.com/i/mcmworldwide/MEXFSMM02BK038_02 | https://images.mcmworldwide.com/i/mcmworldwide/MEXFSMM02BK038_04 | https://images.mcmworldwide.com/i/mcmworldwide/MEXFSMM02BK038_05 | https://images.mcmworldwide.com/i/mcmworldwide/MEXFSMM02BK038_06,,https://kr.mcmworldwide.com/ko_KR/%EB%82%A8%EC%84%B1/%EC%8A%88%EC%A6%88/%EC%83%8C%EB%93%A4-%EC%8A%AC%EB%9D%BC%EC%9D%B4%EB%93%9C/%EB%B9%84%EC%84%B8%ED%86%A0%EC%8A%A4-%EC%83%8C%EB%93%A4/MEXFSMM02BK038.html
MEXESMM01CO037,모노그램 프린트 양가죽 크로스 샌들,830000,Cognac,ACTIVE,어퍼: 양가죽 100%,,양가죽,24K 도금 브라스 라우렐 로고 금속 장식,,,,이탈리아,크로스 레더 어퍼의 비세토스 모노그램 프린트 | 풋베드의 로고 모티프 | EVA 밑창,,https://images.mcmworldwide.com/i/mcmworldwide/MEXESMM01CO037_01 | https://images.mcmworldwide.com/i/mcmworldwide/MEXESMM01CO037_02 | https://images.mcmworldwide.com/i/mcmworldwide/MEXESMM01CO037_04 | https://images.mcmworldwide.com/i/mcmworldwide/MEXESMM01CO037_05 | https://images.mcmworldwide.com/i/mcmworldwide/MEXESMM01CO037_06,,https://kr.mcmworldwide.com/ko_KR/%EC%97%AC%EC%84%B1/%EC%8A%88%EC%A6%88/%EB%AA%A8%EB%91%90%EB%B3%B4%EA%B8%B0/%EB%AA%A8%EB%85%B8%EA%B7%B8%EB%9E%A8-%ED%94%84%EB%A6%B0%ED%8A%B8-%EC%96%91%EA%B0%80%EC%A3%BD-%ED%81%AC%EB%A1%9C%EC%8A%A4-%EC%83%8C%EB%93%A4/MEXESMM01CO037.html
MESCAMM11BK035,모노그램 프린트 러버 슬라이드,350000,Black,ACTIVE,,,,,,,,대한민국,어퍼의 비세토스 모노그램 프린트 | 특별히 개발한 러버 뱀프 | 그레인드 러버 솔 | 힐의 바이에른 다이아몬드 모티프 | MCM 슬라이드는 작게 제작됩니다. 완벽한 핏을 위해 평소 사이즈보다 한 사이즈 크게 주문하는 것을 권장합니다.,,https://images.mcmworldwide.com/i/mcmworldwide/MESCAMM11BK035_01 | https://images.mcmworldwide.com/i/mcmworldwide/MESCAMM11BK035_02 | https://images.mcmworldwide.com/i/mcmworldwide/MESCAMM11BK035_03 | https://images.mcmworldwide.com/i/mcmworldwide/MESCAMM11BK035_04 | https://images.mcmworldwide.com/i/mcmworldwide/MESCAMM11BK035_05,,https://kr.mcmworldwide.com/ko_KR/%EC%97%AC%EC%84%B1/%EC%8A%88%EC%A6%88/%EB%AA%A8%EB%91%90%EB%B3%B4%EA%B8%B0/%EB%AA%A8%EB%85%B8%EA%B7%B8%EB%9E%A8-%ED%94%84%EB%A6%B0%ED%8A%B8-%EB%9F%AC%EB%B2%84-%EC%8A%AC%EB%9D%BC%EC%9D%B4%EB%93%9C/MESCAMM11BK035.html
MESGSMM04CO036,모노그램 프린트 러버 슬라이드,350000,Cognac,ACTIVE,,,,,,,,대한민국,비세토스 모노그램 프린트가 더해진 어퍼 | 라우렐 로고 모티프가 새겨진 풋베드 | 아웃솔 바닥 면의 바이에른 다이아몬드 패턴 | EVA 러버 솔,MESGSMM04PZ036,https://images.mcmworldwide.com/i/mcmworldwide/MESGSMM04CO036_01 | https://images.mcmworldwide.com/i/mcmworldwide/MESGSMM04CO036_02 | https://images.mcmworldwide.com/i/mcmworldwide/MESGSMM04CO036_04 | https://images.mcmworldwide.com/i/mcmworldwide/MESGSMM04CO036_05 | https://images.mcmworldwide.com/i/mcmworldwide/MESGSMM04CO036_06,,https://kr.mcmworldwide.com/ko_KR/%EC%97%AC%EC%84%B1/%EC%8A%88%EC%A6%88/%EB%AA%A8%EB%91%90%EB%B3%B4%EA%B8%B0/%EB%AA%A8%EB%85%B8%EA%B7%B8%EB%9E%A8-%ED%94%84%EB%A6%B0%ED%8A%B8-%EB%9F%AC%EB%B2%84-%EC%8A%AC%EB%9D%BC%EC%9D%B4%EB%93%9C/MESGSMM04CO036.html
MESGSMM04PZ036,모노그램 프린트 러버 슬라이드,350000,Pink,ACTIVE,,,,,,,,대한민국,비세토스 모노그램 프린트가 더해진 어퍼 | 라우렐 로고 모티프가 새겨진 풋베드 | 아웃솔 바닥 면의 바이에른 다이아몬드 패턴 | EVA 러버 솔,MESGSMM04CO036,https://images.mcmworldwide.com/i/mcmworldwide/MESGSMM04PZ036_01 | https://images.mcmworldwide.com/i/mcmworldwide/MESGSMM04PZ036_02 | https://images.mcmworldwide.com/i/mcmworldwide/MESGSMM04PZ036_04 | https://images.mcmworldwide.com/i/mcmworldwide/MESGSMM04PZ036_05 | https://images.mcmworldwide.com/i/mcmworldwide/MESGSMM04PZ036_06,,https://kr.mcmworldwide.com/ko_KR/%EB%AA%A8%EB%85%B8%EA%B7%B8%EB%9E%A8-%ED%94%84%EB%A6%B0%ED%8A%B8-%EB%9F%AC%EB%B2%84-%EC%8A%AC%EB%9D%BC%EC%9D%B4%EB%93%9C/MESGSMM04PZ036.html
MESGSAS01BK040,Diamante 퀼팅 레더 로우탑 스니커즈,630000,Black,ACTIVE,코튼 슈레이스,천연 가죽,,,,,,인도네시아,디아망뜨 러버 솔 | 라우렐 로고 모티브가 더해진 텅 | 로고가 프린트된 풋베드 | MCM 로고 모티프가 더해진 가죽 힐 탭 | 어퍼:비세토스 모노그램 프린트가 더해진 퀼팅 레더 | 메쉬 라이닝,MESGSAS01CO040,https://images.mcmworldwide.com/i/mcmworldwide/MESGSAS01BK040_01 | https://images.mcmworldwide.com/i/mcmworldwide/MESGSAS01BK040_02 | https://images.mcmworldwide.com/i/mcmworldwide/MESGSAS01BK040_04 | https://images.mcmworldwide.com/i/mcmworldwide/MESGSAS01BK040_05 | https://images.mcmworldwide.com/i/mcmworldwide/MESGSAS01BK040_06,,https://kr.mcmworldwide.com/ko_KR/%EC%97%AC%EC%84%B1/%EC%8A%88%EC%A6%88/%EB%AA%A8%EB%91%90%EB%B3%B4%EA%B8%B0/diamante-%ED%80%BC%ED%8C%85-%EB%A0%88%EB%8D%94-%EB%A1%9C%EC%9A%B0%ED%83%91-%EC%8A%A4%EB%8B%88%EC%BB%A4%EC%A6%88/MESGSAS01BK040.html
MESGSAS01CO040,Diamante 퀼팅 모노그램 레더 로우탑 스니커즈,630000,Cognac,ACTIVE,코튼 슈레이스,천연 가죽,,,,,,인도네시아,디아망뜨 러버 솔 | 라우렐 로고 모티브가 더해진 텅 | 로고가 프린트된 풋베드 | MCM 로고 모티프가 더해진 가죽 힐 탭 | 어퍼:비세토스 모노그램 프린트가 더해진 퀼팅 레더 | 메쉬 라이닝,MESGSAS01BK040,https://images.mcmworldwide.com/i/mcmworldwide/MESGSAS01CO040_01 | https://images.mcmworldwide.com/i/mcmworldwide/MESGSAS01CO040_02 | https://images.mcmworldwide.com/i/mcmworldwide/MESGSAS01CO040_04 | https://images.mcmworldwide.com/i/mcmworldwide/MESGSAS01CO040_05 | https://images.mcmworldwide.com/i/mcmworldwide/MESGSAS01CO040_06,,https://kr.mcmworldwide.com/ko_KR/diamante-%ED%80%BC%ED%8C%85-%EB%AA%A8%EB%85%B8%EA%B7%B8%EB%9E%A8-%EB%A0%88%EB%8D%94-%EB%A1%9C%EC%9A%B0%ED%83%91-%EC%8A%A4%EB%8B%88%EC%BB%A4%EC%A6%88/MESGSAS01CO040.html
MESGSAS01CO038,Diamante 퀼팅 모노그램 레더 로우탑 스니커즈,630000,Cognac,ACTIVE,코튼 슈레이스,천연 가죽,,,,,,인도네시아,디아망뜨 러버 솔 | 라우렐 로고 모티브가 더해진 텅 | 로고가 프린트된 풋베드 | MCM 로고 모티프가 더해진 가죽 힐 탭 | 어퍼:비세토스 모노그램 프린트가 더해진 퀼팅 레더 | 메쉬 라이닝,,https://images.mcmworldwide.com/i/mcmworldwide/MESGSAS01CO038_01 | https://images.mcmworldwide.com/i/mcmworldwide/MESGSAS01CO038_02 | https://images.mcmworldwide.com/i/mcmworldwide/MESGSAS01CO038_04 | https://images.mcmworldwide.com/i/mcmworldwide/MESGSAS01CO038_05 | https://images.mcmworldwide.com/i/mcmworldwide/MESGSAS01CO038_06,,https://kr.mcmworldwide.com/ko_KR/%EC%97%AC%EC%84%B1/%EC%8A%88%EC%A6%88/%EB%AA%A8%EB%91%90%EB%B3%B4%EA%B8%B0/diamante-%ED%80%BC%ED%8C%85-%EB%AA%A8%EB%85%B8%EA%B7%B8%EB%9E%A8-%EB%A0%88%EB%8D%94-%EB%A1%9C%EC%9A%B0%ED%83%91-%EC%8A%A4%EB%8B%88%EC%BB%A4%EC%A6%88/MESGSAS01CO038.html
MESGSAH01BK036,Skywander 니트 로우탑 스니커즈,790000,black,ACTIVE,텅 부분의 가죽 로고 디테일,이탈리안 카프 레더와 비세토스 모노그램 캔버스,,,,,,이탈리아,뒷 부분의 바이에른 다이아몬드 패치 | 카프 레더 풀 탭 | 힐 부분의 라우렐 리본 모티프 | 3D 라우렐 모티브가 돋보이는 러버 아웃솔 | 엔지니어드 니트 어퍼,,https://images.mcmworldwide.com/i/mcmworldwide/MESGSAH01BK036_01 | https://images.mcmworldwide.com/i/mcmworldwide/MESGSAH01BK036_02 | https://images.mcmworldwide.com/i/mcmworldwide/MESGSAH01BK036_04 | https://images.mcmworldwide.com/i/mcmworldwide/MESGSAH01BK036_05 | https://images.mcmworldwide.com/i/mcmworldwide/MESGSAH01BK036_06,,https://kr.mcmworldwide.com/ko_KR/%EC%97%AC%EC%84%B1/%EC%8A%88%EC%A6%88/%EB%AA%A8%EB%91%90%EB%B3%B4%EA%B8%B0/%09skywander-%EB%8B%88%ED%8A%B8-%EB%A1%9C%EC%9A%B0%ED%83%91-%EC%8A%A4%EB%8B%88%EC%BB%A4%EC%A6%88/MESGSAH01BK036.html
MESGSAP02BK036,Federlite 퀼팅 가죽 로우탑 슬립온 스니커즈,730000,Black,ACTIVE,어퍼: 천연 풀 그레인 가죽,,페이크 가죽 트림이 더해진 메쉬,,,,,대한민국,풋베드의 로고 프린트 | 텅과 힐 탭의 MCM 로고 모티프 | 어퍼의 엠보싱 처리된 로고가 더해진 바바리안 다이아몬드 패치 | 토박스의 라우렐 퀼팅 디테일 | Federlite EVA 러버 아웃솔 | 다이아몬드 메탈 아이렛,,https://images.mcmworldwide.com/i/mcmworldwide/MESGSAP02BK036_01 | https://images.mcmworldwide.com/i/mcmworldwide/MESGSAP02BK036_02 | https://images.mcmworldwide.com/i/mcmworldwide/MESGSAP02BK036_04 | https://images.mcmworldwide.com/i/mcmworldwide/MESGSAP02BK036_05 | https://images.mcmworldwide.com/i/mcmworldwide/MESGSAP02BK036_06,,https://kr.mcmworldwide.com/ko_KR/%EC%97%AC%EC%84%B1/%EC%8A%88%EC%A6%88/%EB%AA%A8%EB%91%90%EB%B3%B4%EA%B8%B0/federlite-%ED%80%BC%ED%8C%85-%EA%B0%80%EC%A3%BD-%EB%A1%9C%EC%9A%B0%ED%83%91-%EC%8A%AC%EB%A6%BD%EC%98%A8-%EC%8A%A4%EB%8B%88%EC%BB%A4%EC%A6%88/MESGSAP02BK036.html
MESFSAJ01CO036,비세토스 네오 터레인 로 스니커즈,630000,Cognac,ACTIVE,비세토스 모노그램 캔버스,이탈리안 카프스킨 가죽,,,,,,이탈리아,패딩 처리된 텅의 라우렐 로고 라벨 | 힐의 가죽 다이아몬드 패치 | MCM 로고 모티프가 새겨진 고무 아웃솔. | OrthoLite® 메모리 폼 인솔 탈착 가능. | 뒤꿈치 부분의 가죽 다이아몬드 패치 | MCM 로고 모티브의 러 아웃솔 | 탈착가능한 OrthoLite® 메모리 폼 인솔 | 골드 톤 다이아몬드 메탈 아일릿. | 메시가 혼합된 송아지 가죽 안감.,,https://images.mcmworldwide.com/i/mcmworldwide/MESFSAJ01CO036_01 | https://images.mcmworldwide.com/i/mcmworldwide/MESFSAJ01CO036_02 | https://images.mcmworldwide.com/i/mcmworldwide/MESFSAJ01CO036_04 | https://images.mcmworldwide.com/i/mcmworldwide/MESFSAJ01CO036_05 | https://images.mcmworldwide.com/i/mcmworldwide/MESFSAJ01CO036_06,,https://kr.mcmworldwide.com/ko_KR/%EC%97%AC%EC%84%B1/%EC%8A%88%EC%A6%88/%EB%AA%A8%EB%91%90%EB%B3%B4%EA%B8%B0/%EB%B9%84%EC%84%B8%ED%86%A0%EC%8A%A4-%EB%84%A4%EC%98%A4-%ED%84%B0%EB%A0%88%EC%9D%B8-%EB%A1%9C-%EC%8A%A4%EB%8B%88%EC%BB%A4%EC%A6%88/MESFSAJ01CO036.html
MEXEAAJ01VC041,Neo Terrain 모노그램 레더 스니커즈,770000,Blue,ACTIVE,100% 카프스킨,,,브라스 다이아몬드 아일렛,,,,이탈리아,엠보스드 비세토스 모노그램 | 패딩 처리된 텅 부분의 라우렐 로고 라벨 | 힐 부분의 가죽 다이아몬드 패치 | MCM 로고 모티프가 새겨진 러버 아웃솔 | 탈착 가능한 OrthoLite® 메모리폼 인솔 | 메쉬가 결합된 레더 라이닝,,https://images.mcmworldwide.com/i/mcmworldwide/MEXEAAJ01VC041_01 | https://images.mcmworldwide.com/i/mcmworldwide/MEXEAAJ01VC041_02 | https://images.mcmworldwide.com/i/mcmworldwide/MEXEAAJ01VC041_04 | https://images.mcmworldwide.com/i/mcmworldwide/MEXEAAJ01VC041_05 | https://images.mcmworldwide.com/i/mcmworldwide/MEXEAAJ01VC041_06,,https://kr.mcmworldwide.com/ko_KR/%EC%97%AC%EC%84%B1/%EC%8A%88%EC%A6%88/%EB%AA%A8%EB%91%90%EB%B3%B4%EA%B8%B0/neo-terrain-%EB%AA%A8%EB%85%B8%EA%B7%B8%EB%9E%A8-%EB%A0%88%EB%8D%94-%EC%8A%A4%EB%8B%88%EC%BB%A4%EC%A6%88/MEXEAAJ01VC041.html
MESESAH02CO036,Skywander 비세토스 로우탑 스니커즈,890000,Cognac,ACTIVE,로고 엠보스드 송아지 가죽 힐 탭,이탈리안 송아지 가죽,메시를 덧댄 스웨이드,도금 바이에른 다이아몬드 메탈 아일렛,,,,이탈리아,어퍼의 로고 다이아몬드 러버 패치 | 패딩 처리된 텅의 MCM 로고 라벨 | 힐의 라우렐 리본 모티프 | 러버 아웃솔과 3D 라우렐 모티프 | 어퍼: 비세토스 모노그램 캔버스,,https://images.mcmworldwide.com/i/mcmworldwide/MESESAH02CO036_01 | https://images.mcmworldwide.com/i/mcmworldwide/MESESAH02CO036_02 | https://images.mcmworldwide.com/i/mcmworldwide/MESESAH02CO036_04 | https://images.mcmworldwide.com/i/mcmworldwide/MESESAH02CO036_05 | https://images.mcmworldwide.com/i/mcmworldwide/MESESAH02CO036_06,,https://kr.mcmworldwide.com/ko_KR/%EC%97%AC%EC%84%B1/%EC%8A%88%EC%A6%88/%EB%AA%A8%EB%91%90%EB%B3%B4%EA%B8%B0/skywander-%EB%B9%84%EC%84%B8%ED%86%A0%EC%8A%A4-%EB%A1%9C%EC%9A%B0%ED%83%91-%EC%8A%A4%EB%8B%88%EC%BB%A4%EC%A6%88/MESESAH02CO036.html
MESEAAJ02WG036,네오 터레인 모노그램 레더 로우탑 스니커즈,770000,White,ACTIVE,힐의 가죽 다이아몬드 패치,송아지 가죽 100%,메시를 덧댄 가죽,,,,,이탈리아,엠보스드 비세토스 모노그램 | 패딩 처리된 텅의 라우렐 로고 라벨 | 러버 아웃솔과 MCM 로고 모티프 | 탈부착 가능한 OrthoLite® 메모리 폼 인솔 | 어퍼: 송아지 가죽 100% | 골드톤 다이아몬드 메탈 아일렛,,https://images.mcmworldwide.com/i/mcmworldwide/MESEAAJ02WG036_01 | https://images.mcmworldwide.com/i/mcmworldwide/MESEAAJ02WG036_02 | https://images.mcmworldwide.com/i/mcmworldwide/MESEAAJ02WG036_04 | https://images.mcmworldwide.com/i/mcmworldwide/MESEAAJ02WG036_05 | https://images.mcmworldwide.com/i/mcmworldwide/MESEAAJ02WG036_06,,https://kr.mcmworldwide.com/ko_KR/%EC%97%AC%EC%84%B1/%EC%8A%88%EC%A6%88/%EB%AA%A8%EB%91%90%EB%B3%B4%EA%B8%B0/%EB%84%A4%EC%98%A4-%ED%84%B0%EB%A0%88%EC%9D%B8-%EB%AA%A8%EB%85%B8%EA%B7%B8%EB%9E%A8-%EB%A0%88%EB%8D%94-%EB%A1%9C%EC%9A%B0%ED%83%91-%EC%8A%A4%EB%8B%88%EC%BB%A4%EC%A6%88/MESEAAJ02WG036.html
MEXEAAJ01BK040,모노그램 레더 네오 터레인 로 스니커즈,770000,Black,ACTIVE,힐의 가죽 다이아몬드 패치,송아지 가죽 100%,메시를 덧댄 가죽,,,,,이탈리아,엠보싱 비세토스 모노그램. | 패딩 처리된 텅의 라우렐 로고 라벨 | MCM 로고 모티프가 새겨진 고무 아웃솔. | OrthoLite® 메모리 폼 인솔 탈착 가능. | 어퍼: 송아지 가죽 100% | 골드 톤 다이아몬드 메탈 아일릿.,,https://images.mcmworldwide.com/i/mcmworldwide/MEXEAAJ01BK040_01 | https://images.mcmworldwide.com/i/mcmworldwide/MEXEAAJ01BK040_02 | https://images.mcmworldwide.com/i/mcmworldwide/MEXEAAJ01BK040_03 | https://images.mcmworldwide.com/i/mcmworldwide/MEXEAAJ01BK040_04 | https://images.mcmworldwide.com/i/mcmworldwide/MEXEAAJ01BK040_05,,https://kr.mcmworldwide.com/ko_KR/%EC%97%AC%EC%84%B1/%EC%8A%88%EC%A6%88/%EB%AA%A8%EB%91%90%EB%B3%B4%EA%B8%B0/%EB%AA%A8%EB%85%B8%EA%B7%B8%EB%9E%A8-%EB%A0%88%EB%8D%94-%EB%84%A4%EC%98%A4-%ED%84%B0%EB%A0%88%EC%9D%B8-%EB%A1%9C-%EC%8A%A4%EB%8B%88%EC%BB%A4%EC%A6%88/MEXEAAJ01BK040.html
MESESAJ03CO036,Neo Terrain 비세토스 로우탑 스니커즈,770000,Cognac,ACTIVE,비세토스 모노그램 캔버스,이탈리안 송아지 가죽,,,,,,이탈리아,패딩 처리된 텅 부분의 로렐 로고 라벨 | 힐의 가죽 다이아몬드 패치 | MCM 로고 모티프가 새겨진 고무 아웃솔. | 메시가 혼합된 송아지 가죽 안감.,MESESAJ03PZ036,https://images.mcmworldwide.com/i/mcmworldwide/MESESAJ03CO036_01 | https://images.mcmworldwide.com/i/mcmworldwide/MESESAJ03CO036_02 | https://images.mcmworldwide.com/i/mcmworldwide/MESESAJ03CO036_04 | https://images.mcmworldwide.com/i/mcmworldwide/MESESAJ03CO036_05 | https://images.mcmworldwide.com/i/mcmworldwide/MESESAJ03CO036_06,,https://kr.mcmworldwide.com/ko_KR/%EC%97%AC%EC%84%B1/%EC%8A%88%EC%A6%88/%EB%AA%A8%EB%91%90%EB%B3%B4%EA%B8%B0/neo-terrain-%EB%B9%84%EC%84%B8%ED%86%A0%EC%8A%A4-%EB%A1%9C%EC%9A%B0%ED%83%91-%EC%8A%A4%EB%8B%88%EC%BB%A4%EC%A6%88/MESESAJ03CO036.html
MESESAJ03PZ036,비세토스 레더 믹스 네오 터레인 스니커즈,770000,Pink,ACTIVE,비세토스 모노그램 캔버스,카프스킨 레더,,,,,,이탈리아,패딩 처리된 텅 부분의 라우렐 로고 라벨 | 힐 부분의 가죽 다이아몬드 패치 | MCM 로고 모티프가 새겨진 러버 아웃솔 | 메시가 결합된 카프스킨 라이닝,MESESAJ03CO036,https://images.mcmworldwide.com/i/mcmworldwide/MESESAJ03PZ036_01 | https://images.mcmworldwide.com/i/mcmworldwide/MESESAJ03PZ036_02 | https://images.mcmworldwide.com/i/mcmworldwide/MESESAJ03PZ036_04 | https://images.mcmworldwide.com/i/mcmworldwide/MESESAJ03PZ036_05 | https://images.mcmworldwide.com/i/mcmworldwide/MESESAJ03PZ036_06,,https://kr.mcmworldwide.com/ko_KR/%EB%B9%84%EC%84%B8%ED%86%A0%EC%8A%A4-%EB%A0%88%EB%8D%94-%EB%AF%B9%EC%8A%A4-%EB%84%A4%EC%98%A4-%ED%84%B0%EB%A0%88%EC%9D%B8-%EC%8A%A4%EB%8B%88%EC%BB%A4%EC%A6%88/MESESAJ03PZ036.html
MEXESAJ03BW040,Neo Terrain 비세토스 로우탑 스니커즈,770000,White,ACTIVE,비세토스 모노그램 캔버스,이탈리안 송아지 가죽,,,,,,이탈리아,패딩 처리된 텅 부분의 로렐 로고 라벨 | 힐의 가죽 다이아몬드 패치 | MCM 로고 모티프가 새겨진 고무 아웃솔. | 메시가 혼합된 송아지 가죽 안감.,MEXESAJ03CO040,https://images.mcmworldwide.com/i/mcmworldwide/MEXESAJ03BW040_01 | https://images.mcmworldwide.com/i/mcmworldwide/MEXESAJ03BW040_02 | https://images.mcmworldwide.com/i/mcmworldwide/MEXESAJ03BW040_04 | https://images.mcmworldwide.com/i/mcmworldwide/MEXESAJ03BW040_06,,https://kr.mcmworldwide.com/ko_KR/%EC%97%AC%EC%84%B1/%EC%8A%88%EC%A6%88/%EB%AA%A8%EB%91%90%EB%B3%B4%EA%B8%B0/neo-terrain-%EB%B9%84%EC%84%B8%ED%86%A0%EC%8A%A4-%EB%A1%9C%EC%9A%B0%ED%83%91-%EC%8A%A4%EB%8B%88%EC%BB%A4%EC%A6%88/MEXESAJ03BW040.html
MEXESAJ03CO040,Neo Terrain 비세토스 로우탑 스니커즈,770000,Cognac,ACTIVE,비세토스 모노그램 캔버스,이탈리안 송아지 가죽,,,,,,이탈리아,패딩 처리된 텅 부분의 로렐 로고 라벨 | 힐의 가죽 다이아몬드 패치 | MCM 로고 모티프가 새겨진 고무 아웃솔. | 메시가 혼합된 송아지 가죽 안감.,MEXESAJ03BW040,https://images.mcmworldwide.com/i/mcmworldwide/MEXESAJ03CO040_01 | https://images.mcmworldwide.com/i/mcmworldwide/MEXESAJ03CO040_02 | https://images.mcmworldwide.com/i/mcmworldwide/MEXESAJ03CO040_04 | https://images.mcmworldwide.com/i/mcmworldwide/MEXESAJ03CO040_05 | https://images.mcmworldwide.com/i/mcmworldwide/MEXESAJ03CO040_06,,https://kr.mcmworldwide.com/ko_KR/neo-terrain-%EB%B9%84%EC%84%B8%ED%86%A0%EC%8A%A4-%EB%A1%9C%EC%9A%B0%ED%83%91-%EC%8A%A4%EB%8B%88%EC%BB%A4%EC%A6%88/MEXESAJ03CO040.html
MESFAAP01C9036,Federlite 라우렐 스웨이드 로우탑 스니커즈,770000,Brown,ACTIVE,어퍼:100% 스웨이드 레더,,,,,,,대한민국,"엠보싱 처리된 라우렐 로고 모티프 | 탈착 가능한 OrthoLite® 메모리폼 인솔 | 로고 프린트가 더해진 패딩 텅, 힐탭과 풋베드 | 러버 아웃솔 | 골드톤 바바리안 다이아몬드 메탈 아일렛 | 메쉬 라이닝",,https://images.mcmworldwide.com/i/mcmworldwide/MESFAAP01C9036_01 | https://images.mcmworldwide.com/i/mcmworldwide/MESFAAP01C9036_02 | https://images.mcmworldwide.com/i/mcmworldwide/MESFAAP01C9036_04 | https://images.mcmworldwide.com/i/mcmworldwide/MESFAAP01C9036_05 | https://images.mcmworldwide.com/i/mcmworldwide/MESFAAP01C9036_06,,https://kr.mcmworldwide.com/ko_KR/%EC%97%AC%EC%84%B1/%EC%8A%88%EC%A6%88/%EB%AA%A8%EB%91%90%EB%B3%B4%EA%B8%B0/federlite--%EB%9D%BC%EC%9A%B0%EB%A0%90-%EC%8A%A4%EC%9B%A8%EC%9D%B4%EB%93%9C-%EB%A1%9C%EC%9A%B0%ED%83%91-%EC%8A%A4%EB%8B%88%EC%BB%A4%EC%A6%88/MESFAAP01C9036.html
MESFAMM01CO036,누벅 모노그램 프린트 가죽 엥클 부츠,1150000,Cognac,ACTIVE,텅 부분의 로고 엠보싱 가죽 패치,비세토스 모노그램 프린트가 더해진 그레인 레더,가죽,브라스 메탈 아일렛,,,,이탈리아,비세토스 모노그램 프린트 패딩 가죽 칼라 | 러버 솔 | 어퍼: 이탈리아산 누벅,,https://images.mcmworldwide.com/i/mcmworldwide/MESFAMM01CO036_01 | https://images.mcmworldwide.com/i/mcmworldwide/MESFAMM01CO036_02 | https://images.mcmworldwide.com/i/mcmworldwide/MESFAMM01CO036_04 | https://images.mcmworldwide.com/i/mcmworldwide/MESFAMM01CO036_05 | https://images.mcmworldwide.com/i/mcmworldwide/MESFAMM01CO036_06,,https://kr.mcmworldwide.com/ko_KR/%EC%97%AC%EC%84%B1/%EC%8A%88%EC%A6%88/%EB%AA%A8%EB%91%90%EB%B3%B4%EA%B8%B0/%EB%88%84%EB%B2%85-%EB%AA%A8%EB%85%B8%EA%B7%B8%EB%9E%A8-%ED%94%84%EB%A6%B0%ED%8A%B8-%EA%B0%80%EC%A3%BD-%EC%97%A5%ED%81%B4-%EB%B6%80%EC%B8%A0/MESFAMM01CO036.html
MEXFAMM02BK041,누벅 모노그램 프린트 가죽 엥클 부츠,1150000,Black,ACTIVE,텅 부분의 로고 엠보싱 가죽 패치,비세토스 모노그램 프린트가 더해진 그레인 레더,가죽,브라스 메탈 아일렛,,,,이탈리아,비세토스 모노그램 프린트 패딩 가죽 칼라 | 러버 솔 | 어퍼: 이탈리아산 누벅,,https://images.mcmworldwide.com/i/mcmworldwide/MEXFAMM02BK041_01 | https://images.mcmworldwide.com/i/mcmworldwide/MEXFAMM02BK041_02 | https://images.mcmworldwide.com/i/mcmworldwide/MEXFAMM02BK041_04 | https://images.mcmworldwide.com/i/mcmworldwide/MEXFAMM02BK041_05 | https://images.mcmworldwide.com/i/mcmworldwide/MEXFAMM02BK041_06,,https://kr.mcmworldwide.com/ko_KR/%EC%97%AC%EC%84%B1/%EC%8A%88%EC%A6%88/%EB%AA%A8%EB%91%90%EB%B3%B4%EA%B8%B0/%EB%88%84%EB%B2%85-%EB%AA%A8%EB%85%B8%EA%B7%B8%EB%9E%A8-%ED%94%84%EB%A6%B0%ED%8A%B8-%EA%B0%80%EC%A3%BD-%EC%97%A5%ED%81%B4-%EB%B6%80%EC%B8%A0/MEXFAMM02BK041.html
MESGAAP01MT036,Federlite 립스탑 나일론 스니커즈,670000,Multi,ACTIVE,어퍼: 퀼팅 립스탑 나일론,"나파 레더, 스웨이드 레더, 네오플렌",,,,,,대한민국,Federlite(페더라이트) 러버 아웃솔 | 라우렐 로고 프린트가 더해진 풋베드 | MCM 로고 모티프 어퍼와 텅 | 멀티컬러 슈레이스 | 메쉬가 결합된 레더 라이닝,,https://images.mcmworldwide.com/i/mcmworldwide/MESGAAP01MT036_01 | https://images.mcmworldwide.com/i/mcmworldwide/MESGAAP01MT036_02 | https://images.mcmworldwide.com/i/mcmworldwide/MESGAAP01MT036_04 | https://images.mcmworldwide.com/i/mcmworldwide/MESGAAP01MT036_05 | https://images.mcmworldwide.com/i/mcmworldwide/MESGAAP01MT036_06,,https://kr.mcmworldwide.com/ko_KR/%EC%97%AC%EC%84%B1/%EC%8A%88%EC%A6%88/%EB%AA%A8%EB%91%90%EB%B3%B4%EA%B8%B0/federlite-%EB%A6%BD%EC%8A%A4%ED%83%91-%EB%82%98%EC%9D%BC%EB%A1%A0-%EC%8A%A4%EB%8B%88%EC%BB%A4%EC%A6%88/MESGAAP01MT036.html
MESGSMM01CO036,카프스킨 스웨이드 플랫폼 부츠,830000,Cognac,ACTIVE,가죽 풀 탭,비세토스 모노그램 프린트가 더해진 이탈리안 카프스킨 레더,램 시어링,브라스 메탈 아일렛,34.3 x 2.0 x 0.0,,,이탈리아,"뒷면의 바바리안 다이아몬드 가죽 로고 패치 | 플랫폼 솔: 90% EVA, 10% TPU | 어퍼: 100% 카프 스웨이드 레더",,https://images.mcmworldwide.com/i/mcmworldwide/MESGSMM01CO036_01 | https://images.mcmworldwide.com/i/mcmworldwide/MESGSMM01CO036_02 | https://images.mcmworldwide.com/i/mcmworldwide/MESGSMM01CO036_04 | https://images.mcmworldwide.com/i/mcmworldwide/MESGSMM01CO036_05 | https://images.mcmworldwide.com/i/mcmworldwide/MESGSMM01CO036_06,,https://kr.mcmworldwide.com/ko_KR/%EC%97%AC%EC%84%B1/%EC%8A%88%EC%A6%88/%EB%AA%A8%EB%91%90%EB%B3%B4%EA%B8%B0/%EC%B9%B4%ED%94%84%EC%8A%A4%ED%82%A8-%EC%8A%A4%EC%9B%A8%EC%9D%B4%EB%93%9C-%ED%94%8C%EB%9E%AB%ED%8F%BC-%EB%B6%80%EC%B8%A0/MESGSMM01CO036.html
MESGAMM01BK036,송아지 가죽 플랫폼 로퍼,930000,Black,ACTIVE,어퍼: 카프스킨 100%,,,골드톤 메탈 하드웨어,,,,이탈리아,바바리안 다이아몬드 메탈 스터드 장식 | 풋베드위에 엠보싱 처리된 라우렐 로고 모티프 | Vibram® EVA 플랫폼 아웃솔 | 라이닝: 100% 카프스킨,,https://images.mcmworldwide.com/i/mcmworldwide/MESGAMM01BK036_01 | https://images.mcmworldwide.com/i/mcmworldwide/MESGAMM01BK036_02 | https://images.mcmworldwide.com/i/mcmworldwide/MESGAMM01BK036_04 | https://images.mcmworldwide.com/i/mcmworldwide/MESGAMM01BK036_05 | https://images.mcmworldwide.com/i/mcmworldwide/MESGAMM01BK036_06,,https://kr.mcmworldwide.com/ko_KR/%EC%97%AC%EC%84%B1/%EC%8A%88%EC%A6%88/%EB%AA%A8%EB%91%90%EB%B3%B4%EA%B8%B0/%EC%86%A1%EC%95%84%EC%A7%80-%EA%B0%80%EC%A3%BD-%ED%94%8C%EB%9E%AB%ED%8F%BC-%EB%A1%9C%ED%8D%BC/MESGAMM01BK036.html
MESEASW02SV037,Skywander 메탈릭 카프 레더 엥클 부츠,950000,Silver,ACTIVE,어퍼: 패딩 폴리에스터 시폰,크러쉬드 메탈릭 송아지 가죽,브러쉬드 니트,,,,,이탈리아,레이스 여밈 | 칼라의 자수 로고 패치 | 스카이워드 러버 아웃솔과 MCM 로고 모티프 | 풋베드의 로고 프린트 가죽 패치,,https://images.mcmworldwide.com/i/mcmworldwide/MESEASW02SV037_01 | https://images.mcmworldwide.com/i/mcmworldwide/MESEASW02SV037_02 | https://images.mcmworldwide.com/i/mcmworldwide/MESEASW02SV037_04 | https://images.mcmworldwide.com/i/mcmworldwide/MESEASW02SV037_05 | https://images.mcmworldwide.com/i/mcmworldwide/MESEASW02SV037_06,,https://kr.mcmworldwide.com/ko_KR/%EC%97%AC%EC%84%B1/%EC%8A%88%EC%A6%88/%EB%AA%A8%EB%91%90%EB%B3%B4%EA%B8%B0/skywander-%EB%A9%94%ED%83%88%EB%A6%AD-%EC%B9%B4%ED%94%84-%EB%A0%88%EB%8D%94-%EC%97%A5%ED%81%B4-%EB%B6%80%EC%B8%A0/MESEASW02SV037.html
MEXGAMM051B041,MCM X We The Best 아르데코 슬라이드,530000,Blue,ACTIVE,,,,,,,,대한민국,라우렐 로고가 각인된 텍스처드 풋베드 | 아르데코 야자수 아트워크 EVA 어퍼 | “MCM” 로고 모티프 엠보싱 러버 솔,,https://images.mcmworldwide.com/i/mcmworldwide/MEXGAMM051B041_01 | https://images.mcmworldwide.com/i/mcmworldwide/MEXGAMM051B041_02 | https://images.mcmworldwide.com/i/mcmworldwide/MEXGAMM051B041_04 | https://images.mcmworldwide.com/i/mcmworldwide/MEXGAMM051B041_05 | https://images.mcmworldwide.com/i/mcmworldwide/MEXGAMM051B041_06,,https://kr.mcmworldwide.com/ko_KR/%EC%97%AC%EC%84%B1/%EC%8A%88%EC%A6%88/%EB%AA%A8%EB%91%90%EB%B3%B4%EA%B8%B0/mcm-x-we-the-best-%EC%95%84%EB%A5%B4%EB%8D%B0%EC%BD%94-%EC%8A%AC%EB%9D%BC%EC%9D%B4%EB%93%9C/MEXGAMM051B041.html
MESGAMM09NG036,MCM X We The Best 울트라스웨이드 슬라이드,530000,Grey,ACTIVE,,,,,,,,대한민국,라우렐 로고가 각인된 텍스처드 풋베드 | 어퍼: 폴리에스테르 100%(울트라스웨이드) | “MCM” 로고 모티프 엠보싱 러버 솔,,https://images.mcmworldwide.com/i/mcmworldwide/MESGAMM09NG036_01 | https://images.mcmworldwide.com/i/mcmworldwide/MESGAMM09NG036_02 | https://images.mcmworldwide.com/i/mcmworldwide/MESGAMM09NG036_04 | https://images.mcmworldwide.com/i/mcmworldwide/MESGAMM09NG036_05 | https://images.mcmworldwide.com/i/mcmworldwide/MESGAMM09NG036_06,,https://kr.mcmworldwide.com/ko_KR/%EC%97%AC%EC%84%B1/%EC%8A%88%EC%A6%88/%EB%AA%A8%EB%91%90%EB%B3%B4%EA%B8%B0/mcm-x-we-the-best-%EC%9A%B8%ED%8A%B8%EB%9D%BC%EC%8A%A4%EC%9B%A8%EC%9D%B4%EB%93%9C-%EC%8A%AC%EB%9D%BC%EC%9D%B4%EB%93%9C/MESGAMM09NG036.html
MXZFATA02BK001,Aren 비세토스 키 홀더,210000,Black,ACTIVE,비세토스 모노그램 캔버스,천연 가죽,,로고 브라스 장식 플레이트 | 실버톤 코발트 메탈 하드웨어,3 x 2 x 16,,,대한민국,스프링 잠금장치 | 키링,,https://images.mcmworldwide.com/i/mcmworldwide/MXZFATA02BK001_01 | https://images.mcmworldwide.com/i/mcmworldwide/MXZFATA02BK001_04,,https://kr.mcmworldwide.com/ko_KR/%EB%82%A8%EC%84%B1/%ED%8C%A8%EC%85%98%EC%86%8C%ED%92%88/%EB%AA%A8%EB%91%90%EB%B3%B4%EA%B8%B0/aren-%EB%B9%84%EC%84%B8%ED%86%A0%EC%8A%A4-%ED%82%A4-%ED%99%80%EB%8D%94/MXZFATA02BK001.html
MXBFSCJ04BK100,Claus 엠보스드 레더 플루티드 M 벨트 3.8 cm,430000,Black,ACTIVE,앞면: 엠보싱 가죽.,,,,,,,대한민국,리버서블 디자인 | 조절 가능한 길이 | 뒷면: 비세토스 모노그램 캔버스 | 다크톤 ‘M’ 코발트 메탈 버클,,https://images.mcmworldwide.com/i/mcmworldwide/MXBFSCJ04BK100_01 | https://images.mcmworldwide.com/i/mcmworldwide/MXBFSCJ04BK100_02 | https://images.mcmworldwide.com/i/mcmworldwide/MXBFSCJ04BK100_03,,https://kr.mcmworldwide.com/ko_KR/%EB%82%A8%EC%84%B1/%ED%8C%A8%EC%85%98%EC%86%8C%ED%92%88/%EB%AA%A8%EB%91%90%EB%B3%B4%EA%B8%B0/claus-%EC%97%A0%EB%B3%B4%EC%8A%A4%EB%93%9C-%EB%A0%88%EB%8D%94-%ED%94%8C%EB%A3%A8%ED%8B%B0%EB%93%9C-m-%EB%B2%A8%ED%8A%B8-3.8-cm/MXBFSCJ04BK100.html
MXZFATA10CO001,Aren 비세토스 바이컬러 다이아몬드 키 참,190000,Cognac,ACTIVE,비세토스 모노그램 캔버스,,,24K 골드 도금 메탈 하드웨어,0 x 8 x 12,,,대한민국,라우렐 로고 참 | 키링 | 로고가 각인된 스프링 잠금장치,,https://images.mcmworldwide.com/i/mcmworldwide/MXZFATA10CO001_01 | https://images.mcmworldwide.com/i/mcmworldwide/MXZFATA10CO001_04,,https://kr.mcmworldwide.com/ko_KR/%EB%82%A8%EC%84%B1/%ED%8C%A8%EC%85%98%EC%86%8C%ED%92%88/%EB%AA%A8%EB%91%90%EB%B3%B4%EA%B8%B0/aren-%EB%B9%84%EC%84%B8%ED%86%A0%EC%8A%A4-%EB%B0%94%EC%9D%B4%EC%BB%AC%EB%9F%AC-%EB%8B%A4%EC%9D%B4%EC%95%84%EB%AA%AC%EB%93%9C-%ED%82%A4-%EC%B0%B8/MXZFATA10CO001.html
MXZAAVI09CO001,비세토스 오리지널 키링,190000,Cognac,ACTIVE,나파 가죽 트림,,,,2 x 3 x 9,,,대한민국,,,https://images.mcmworldwide.com/i/mcmworldwide/MXZAAVI09CO001_01 | https://images.mcmworldwide.com/i/mcmworldwide/MXZAAVI09CO001_09 | https://images.mcmworldwide.com/i/mcmworldwide/MXZAAVI09CO001_02 | https://images.mcmworldwide.com/i/mcmworldwide/MXZAAVI09CO001_04 | https://images.mcmworldwide.com/i/mcmworldwide/MXZAAVI09CO001_10,,https://kr.mcmworldwide.com/ko_KR/%EB%82%A8%EC%84%B1/%ED%8C%A8%EC%85%98%EC%86%8C%ED%92%88/%EB%AA%A8%EB%91%90%EB%B3%B4%EA%B8%B0/%EB%B9%84%EC%84%B8%ED%86%A0%EC%8A%A4-%EC%98%A4%EB%A6%AC%EC%A7%80%EB%84%90-%ED%82%A4%EB%A7%81/MXZAAVI09CO001.html
MXZFSTA08BK001,Aren 모노그램 레더 키 홀더,250000,Black,ACTIVE,천연 풀 그레인 나파 가죽,,,다크 실버톤 코발트 금속 장식,,,,대한민국,로고 인그레이빙 연결 고리 및 키링 | 바이에른 다이아몬드 로고 장식,,https://images.mcmworldwide.com/i/mcmworldwide/MXZFSTA08BK001_01 | https://images.mcmworldwide.com/i/mcmworldwide/MXZFSTA08BK001_04,,https://kr.mcmworldwide.com/ko_KR/%EB%82%A8%EC%84%B1/%ED%8C%A8%EC%85%98%EC%86%8C%ED%92%88/%EB%AA%A8%EB%91%90%EB%B3%B4%EA%B8%B0/aren-%EB%AA%A8%EB%85%B8%EA%B7%B8%EB%9E%A8-%EB%A0%88%EB%8D%94-%ED%82%A4-%ED%99%80%EB%8D%94/MXZFSTA08BK001.html
MHTGASE01BK00L,로고 플레이트 티셔츠,270000,Black,ACTIVE,100% 오가닉 코튼,,,,,,,대한민국,"가슴 부분 로고 플레이트 TPU 패치 | 레귤러 핏 | 여성 모델의 키는 176cm/5'8"" 이며 사이즈 M을 착용하고 있습니다.",,https://images.mcmworldwide.com/i/mcmworldwide/MHTGASE01BK00L_01 | https://images.mcmworldwide.com/i/mcmworldwide/MHTGASE01BK00L_09 | https://images.mcmworldwide.com/i/mcmworldwide/MHTGASE01BK00L_04 | https://images.mcmworldwide.com/i/mcmworldwide/MHTGASE01BK00L_10 | https://images.mcmworldwide.com/i/mcmworldwide/MHTGASE01BK00L_11 | https://images.mcmworldwide.com/i/mcmworldwide/MHTGASE01BK00L_12,,https://kr.mcmworldwide.com/ko_KR/%EB%82%A8%EC%84%B1/%EC%9D%98%EB%A5%98/%EB%AA%A8%EB%91%90%EB%B3%B4%EA%B8%B0/%EB%A1%9C%EA%B3%A0-%ED%94%8C%EB%A0%88%EC%9D%B4%ED%8A%B8-%ED%8B%B0%EC%85%94%EC%B8%A0-/MHTGASE01BK00L.html
MHPGABC01BK00L,에센셜 로고 폰테 쇼츠,410000,Black,ACTIVE,,,,,,,,대한민국,"앞면 톤온톤 라우렐 로고 자수 | 로고 자카드 허리 밴드 | 사이드 포켓 | 뒷면 포켓 | 폴리에스테르 51%, 코튼 43%, 스판덱스 6% | 리브 니트 트림 | 포켓 라이닝: 코튼 100% | 레귤러 핏 | 남성 모델의 키는 181cm/5'9"" 이며 사이즈 M을 착용하고 있습니다.",,https://images.mcmworldwide.com/i/mcmworldwide/MHPGABC01BK00L_01 | https://images.mcmworldwide.com/i/mcmworldwide/MHPGABC01BK00L_09 | https://images.mcmworldwide.com/i/mcmworldwide/MHPGABC01BK00L_04 | https://images.mcmworldwide.com/i/mcmworldwide/MHPGABC01BK00L_10 | https://images.mcmworldwide.com/i/mcmworldwide/MHPGABC01BK00L_11 | https://images.mcmworldwide.com/i/mcmworldwide/MHPGABC01BK00L_12,,https://kr.mcmworldwide.com/ko_KR/%EB%82%A8%EC%84%B1/%EC%9D%98%EB%A5%98/%EB%AA%A8%EB%91%90%EB%B3%B4%EA%B8%B0/%EC%97%90%EC%84%BC%EC%85%9C-%EB%A1%9C%EA%B3%A0-%ED%8F%B0%ED%85%8C-%EC%87%BC%EC%B8%A0/MHPGABC01BK00L.html
MHTGABC02BK00L,다이아몬드 패치 피케 폴로,410000,Black,ACTIVE,100% 오가닉 면,,,,,,,대한민국,"바이에른 다이아몬드 패턴의 페이크 레더 로고 패치 | 비세토스 모노그램 모티프의 투버튼 플래킷 | 레귤러 핏 | 남성 모델의 키는 181cm/5'9"" 이며 사이즈 M을 착용하고 있습니다.",MHTGABC02WT00L,https://images.mcmworldwide.com/i/mcmworldwide/MHTGABC02BK00L_01 | https://images.mcmworldwide.com/i/mcmworldwide/MHTGABC02BK00L_09 | https://images.mcmworldwide.com/i/mcmworldwide/MHTGABC02BK00L_04 | https://images.mcmworldwide.com/i/mcmworldwide/MHTGABC02BK00L_10 | https://images.mcmworldwide.com/i/mcmworldwide/MHTGABC02BK00L_11 | https://images.mcmworldwide.com/i/mcmworldwide/MHTGABC02BK00L_12,,https://kr.mcmworldwide.com/ko_KR/%EB%82%A8%EC%84%B1/%EC%9D%98%EB%A5%98/%EB%AA%A8%EB%91%90%EB%B3%B4%EA%B8%B0/%EB%8B%A4%EC%9D%B4%EC%95%84%EB%AA%AC%EB%93%9C-%ED%8C%A8%EC%B9%98-%ED%94%BC%EC%BC%80-%ED%8F%B4%EB%A1%9C/MHTGABC02BK00L.html
MHTGABC02WT00L,다이아몬드 패치 피케 폴로,410000,White,ACTIVE,100% 오가닉 면,,,,,,,대한민국,"바이에른 다이아몬드 패턴의 페이크 레더 로고 패치 | 비세토스 모노그램 모티프의 투버튼 플래킷 | 레귤러 핏 | 남성 모델의 키는 181cm/5'9"" 이며 사이즈 M을 착용하고 있습니다.",MHTGABC02BK00L,https://images.mcmworldwide.com/i/mcmworldwide/MHTGABC02WT00L_01 | https://images.mcmworldwide.com/i/mcmworldwide/MHTGABC02WT00L_09 | https://images.mcmworldwide.com/i/mcmworldwide/MHTGABC02WT00L_04 | https://images.mcmworldwide.com/i/mcmworldwide/MHTGABC02WT00L_10 | https://images.mcmworldwide.com/i/mcmworldwide/MHTGABC02WT00L_11 | https://images.mcmworldwide.com/i/mcmworldwide/MHTGABC02WT00L_12,,https://kr.mcmworldwide.com/ko_KR/%EB%8B%A4%EC%9D%B4%EC%95%84%EB%AA%AC%EB%93%9C-%ED%8C%A8%EC%B9%98-%ED%94%BC%EC%BC%80-%ED%8F%B4%EB%A1%9C/MHTGABC02WT00L.html
MHJGSMM02GK048,모노그램 프린트 가죽이 더해진 울 트윌 재킷,1490000,Beige,ACTIVE,100% 울,,100% 비스코스,,,,,대한민국,"지퍼 클로저 | 가슴 부분의 라우렐 로고 자수 | 앞면 포켓 | 와이드 숄더 디자인 | 칼라: 비세토스 모노그램 프린트가 더해진 엠보싱 가죽 | 비세토스 모노그램 프린트가 더해진 가죽 탭이 있는 엘라스틱 밑단 | 크롭 기장 | The Male Model is 188cm / 6'1"" tall and is wearing size 048.",,https://images.mcmworldwide.com/i/mcmworldwide/MHJGSMM02GK048_01 | https://images.mcmworldwide.com/i/mcmworldwide/MHJGSMM02GK048_09 | https://images.mcmworldwide.com/i/mcmworldwide/MHJGSMM02GK048_04 | https://images.mcmworldwide.com/i/mcmworldwide/MHJGSMM02GK048_10 | https://images.mcmworldwide.com/i/mcmworldwide/MHJGSMM02GK048_11 | https://images.mcmworldwide.com/i/mcmworldwide/MHJGSMM02GK048_12 | https://images.mcmworldwide.com/i/mcmworldwide/MHJGSMM02GK048_13,https://images.mcmworldwide.com/v/mcmworldwide/MHJGSMM02GK048_VID/webm_720p,https://kr.mcmworldwide.com/ko_KR/%EB%82%A8%EC%84%B1/%EC%9D%98%EB%A5%98/%EB%AA%A8%EB%91%90%EB%B3%B4%EA%B8%B0/%EB%AA%A8%EB%85%B8%EA%B7%B8%EB%9E%A8-%ED%94%84%EB%A6%B0%ED%8A%B8-%EA%B0%80%EC%A3%BD%EC%9D%B4-%EB%8D%94%ED%95%B4%EC%A7%84-%EC%9A%B8-%ED%8A%B8%EC%9C%8C-%EC%9E%AC%ED%82%B7/MHJGSMM02GK048.html
MHPGSMM01GK048,모노그램 프린트 가죽이 더해진 울 트윌 팬츠,990000,Beige,ACTIVE,100% 울,,,,,,,대한민국,"비대칭 랩 디자인 | 비세토스 모노그램 프린트가 더해진 가죽 벨트 | 뒷면 웰트 포켓 | 레귤러 핏 | The Male Model is 188cm / 6'1"" tall and is wearing size 048.",,https://images.mcmworldwide.com/i/mcmworldwide/MHPGSMM01GK048_01 | https://images.mcmworldwide.com/i/mcmworldwide/MHPGSMM01GK048_09 | https://images.mcmworldwide.com/i/mcmworldwide/MHPGSMM01GK048_04 | https://images.mcmworldwide.com/i/mcmworldwide/MHPGSMM01GK048_10 | https://images.mcmworldwide.com/i/mcmworldwide/MHPGSMM01GK048_11 | https://images.mcmworldwide.com/i/mcmworldwide/MHPGSMM01GK048_12,https://images.mcmworldwide.com/v/mcmworldwide/MHPGSMM01GK048_VID/webm_720p,https://kr.mcmworldwide.com/ko_KR/%EB%82%A8%EC%84%B1/%EC%9D%98%EB%A5%98/%EB%AA%A8%EB%91%90%EB%B3%B4%EA%B8%B0/%EB%AA%A8%EB%85%B8%EA%B7%B8%EB%9E%A8-%ED%94%84%EB%A6%B0%ED%8A%B8-%EA%B0%80%EC%A3%BD%EC%9D%B4-%EB%8D%94%ED%95%B4%EC%A7%84-%EC%9A%B8-%ED%8A%B8%EC%9C%8C-%ED%8C%AC%EC%B8%A0/MHPGSMM01GK048.html
MHHGSMM01CO048,모노그램 프린드 레더 포켓이 있는 코튼 셔츠,870000,Cognac,ACTIVE,코튼 100%,,,,,,,대한민국,버튼 클로저 | 그레인 가죽과 비세토스 모노그램 프린트가 더해진 카라와 가슴 포켓 | 오버사이즈 핏 | 남성 모델의 키는 188cm 이며 사이즈 48을 작용하고 있습니다.,,https://images.mcmworldwide.com/i/mcmworldwide/MHHGSMM01CO048_01 | https://images.mcmworldwide.com/i/mcmworldwide/MHHGSMM01CO048_09 | https://images.mcmworldwide.com/i/mcmworldwide/MHHGSMM01CO048_04 | https://images.mcmworldwide.com/i/mcmworldwide/MHHGSMM01CO048_10 | https://images.mcmworldwide.com/i/mcmworldwide/MHHGSMM01CO048_11 | https://images.mcmworldwide.com/i/mcmworldwide/MHHGSMM01CO048_12,https://images.mcmworldwide.com/v/mcmworldwide/MHHGSMM01CO048_VID/webm_720p,https://kr.mcmworldwide.com/ko_KR/%EB%82%A8%EC%84%B1/%EC%9D%98%EB%A5%98/%EB%AA%A8%EB%91%90%EB%B3%B4%EA%B8%B0/%EB%AA%A8%EB%85%B8%EA%B7%B8%EB%9E%A8-%ED%94%84%EB%A6%B0%EB%93%9C-%EB%A0%88%EB%8D%94-%ED%8F%AC%EC%BC%93%EC%9D%B4-%EC%9E%88%EB%8A%94-%EC%BD%94%ED%8A%BC-%EC%85%94%EC%B8%A0/MHHGSMM01CO048.html
MHPGSMM04CO048,모노그램 프린트 레더가 더해진 코튼 트윌 쇼츠,730000,Cognac,ACTIVE,코튼 100%,,,메탈 하드웨어,,,,대한민국,버튼 클로저 | 5 포켓 디자인 | 앞면의 대비되는 컬러의 스티칭 | 비세토스 모노그램이 프린트된 레더 해머 루프 | 뒷 포켓의 바이에른 다이아몬드 스터드 | 코인 포켓: 비세토스 모노그램 프린트가 더해진 그레인 가죽 | 오버사이즈 핏 | 남성 모델의 키는 188cm 이며 사이즈 48을 작용하고 있습니다.,,https://images.mcmworldwide.com/i/mcmworldwide/MHPGSMM04CO048_01 | https://images.mcmworldwide.com/i/mcmworldwide/MHPGSMM04CO048_09 | https://images.mcmworldwide.com/i/mcmworldwide/MHPGSMM04CO048_04 | https://images.mcmworldwide.com/i/mcmworldwide/MHPGSMM04CO048_10 | https://images.mcmworldwide.com/i/mcmworldwide/MHPGSMM04CO048_11 | https://images.mcmworldwide.com/i/mcmworldwide/MHPGSMM04CO048_12,https://images.mcmworldwide.com/v/mcmworldwide/MHPGSMM04CO048_VID/webm_720p,https://kr.mcmworldwide.com/ko_KR/%EB%82%A8%EC%84%B1/%EC%9D%98%EB%A5%98/%EB%AA%A8%EB%91%90%EB%B3%B4%EA%B8%B0/%EB%AA%A8%EB%85%B8%EA%B7%B8%EB%9E%A8-%ED%94%84%EB%A6%B0%ED%8A%B8-%EB%A0%88%EB%8D%94%EA%B0%80-%EB%8D%94%ED%95%B4%EC%A7%84-%EC%BD%94%ED%8A%BC-%ED%8A%B8%EC%9C%8C-%EC%87%BC%EC%B8%A0/MHPGSMM04CO048.html
MHAFAMM01BK00L,로고 스티치 폰테 후디,650000,Black,ACTIVE,,,,,,,,대한민국,"조절 가능한 스트링 후드와 탈착식 모노그램 프린트 가죽 패스너 | 어깨 부분의 라우렐 스티치 패턴 | 라우렐 로고 자수가 더해진 앞면 캥거루 포켓 | 소매 뒷면의 바바리안 다이아몬드 스티치 모티프 | 폴리에스테르 51%, 코튼 43%, 스판덱스 6% | 리브 니트 밑단과 소매 | 오버사이즈 핏 | 남성 모델의 키는 186cm 이며 M사이즈를 착용하고 있습니다.",,https://images.mcmworldwide.com/i/mcmworldwide/MHAFAMM01BK00L_01 | https://images.mcmworldwide.com/i/mcmworldwide/MHAFAMM01BK00L_09 | https://images.mcmworldwide.com/i/mcmworldwide/MHAFAMM01BK00L_04 | https://images.mcmworldwide.com/i/mcmworldwide/MHAFAMM01BK00L_10 | https://images.mcmworldwide.com/i/mcmworldwide/MHAFAMM01BK00L_11,https://images.mcmworldwide.com/v/mcmworldwide/MHAFAMM01BK00L_VID/webm_720p,https://kr.mcmworldwide.com/ko_KR/%EB%82%A8%EC%84%B1/%EC%9D%98%EB%A5%98/%EB%AA%A8%EB%91%90%EB%B3%B4%EA%B8%B0/%EB%A1%9C%EA%B3%A0-%EC%8A%A4%ED%8B%B0%EC%B9%98-%ED%8F%B0%ED%85%8C-%ED%9B%84%EB%94%94/MHAFAMM01BK00L.html
MHJFAMM03CO00M,스웨이드 시어링 모노그램 레더 재킷,4850000,Cognac,ACTIVE,스페인산 스웨이드 시어링,비세토스 모노그램 프린트 엠보스드 가죽,,,,,,이탈리아,"스페인산 램 시어링 카라, 밑단, 소매 트리밍 | 지퍼 클로저 | 앞면 지퍼 포켓 | 편안한 핏 | M사이즈를 착용하고 있는 여성 모델의 키는 176cm입니다. | M사이즈를 착용하고 있는 남성 모델의 키는 186cm입니다.",,https://images.mcmworldwide.com/i/mcmworldwide/MHJFAMM03CO00M_01 | https://images.mcmworldwide.com/i/mcmworldwide/MHJFAMM03CO00M_09 | https://images.mcmworldwide.com/i/mcmworldwide/MHJFAMM03CO00M_04 | https://images.mcmworldwide.com/i/mcmworldwide/MHJFAMM03CO00M_10 | https://images.mcmworldwide.com/i/mcmworldwide/MHJFAMM03CO00M_11 | https://images.mcmworldwide.com/i/mcmworldwide/MHJFAMM03CO00M_12,https://images.mcmworldwide.com/v/mcmworldwide/MHJFAMM03CO00M_VID/webm_720p,https://kr.mcmworldwide.com/ko_KR/%EB%82%A8%EC%84%B1/%EC%9D%98%EB%A5%98/%EB%AA%A8%EB%91%90%EB%B3%B4%EA%B8%B0/%EC%8A%A4%EC%9B%A8%EC%9D%B4%EB%93%9C-%EC%8B%9C%EC%96%B4%EB%A7%81-%EB%AA%A8%EB%85%B8%EA%B7%B8%EB%9E%A8-%EB%A0%88%EB%8D%94-%EC%9E%AC%ED%82%B7/MHJFAMM03CO00M.html
MHPFAMM03BK00L,ECONYL&reg; 모노그램 프린트 쇼츠,730000,Black,ACTIVE,ECONYL® 재생 나일론,,폴리에스테르 메쉬,,,,,대한민국,메탈 팁이 달린 조절 가능한 스트링 허리 | 비세토스 모노그램 전면 프린트 | 오버사이즈 핏 | 남성 모델의 키는 186cm 이며 M사이즈를 착용하고 있습니다.,,https://images.mcmworldwide.com/i/mcmworldwide/MHPFAMM03BK00L_01 | https://images.mcmworldwide.com/i/mcmworldwide/MHPFAMM03BK00L_09 | https://images.mcmworldwide.com/i/mcmworldwide/MHPFAMM03BK00L_04 | https://images.mcmworldwide.com/i/mcmworldwide/MHPFAMM03BK00L_10 | https://images.mcmworldwide.com/i/mcmworldwide/MHPFAMM03BK00L_11,https://images.mcmworldwide.com/v/mcmworldwide/MHPFAMM03BK00L_VID/webm_720p,https://kr.mcmworldwide.com/ko_KR/%EB%82%A8%EC%84%B1/%EC%9D%98%EB%A5%98/%EB%AA%A8%EB%91%90%EB%B3%B4%EA%B8%B0/-econyl%C2%AE-%EB%AA%A8%EB%85%B8%EA%B7%B8%EB%9E%A8-%ED%94%84%EB%A6%B0%ED%8A%B8-%EC%87%BC%EC%B8%A0/MHPFAMM03BK00L.html
MHPFAMM02ED048,로레토스 자카드 팬츠,1050000,Grey,ACTIVE,"리사이클 나일론 56%, 코튼 44%",,폴리에스테르 100%,바바리안 다이아몬드 메탈 하드웨어,,,,대한민국,앞면 사이드 포켓 | 뒷면 포켓 | 무릎 주변 카고 포켓 | 다이아몬드 메탈 장식이 있는 가죽 스트랩 디테일 | 편안한 핏 | 남성 모델의 키는 186cm 이며 48사이즈를 착용하고 있습니다.,,https://images.mcmworldwide.com/i/mcmworldwide/MHPFAMM02ED048_01 | https://images.mcmworldwide.com/i/mcmworldwide/MHPFAMM02ED048_09 | https://images.mcmworldwide.com/i/mcmworldwide/MHPFAMM02ED048_04 | https://images.mcmworldwide.com/i/mcmworldwide/MHPFAMM02ED048_10 | https://images.mcmworldwide.com/i/mcmworldwide/MHPFAMM02ED048_11,https://images.mcmworldwide.com/v/mcmworldwide/MHPFAMM02ED048_VID/webm_720p,https://kr.mcmworldwide.com/ko_KR/%EB%82%A8%EC%84%B1/%EC%9D%98%EB%A5%98/%EB%AA%A8%EB%91%90%EB%B3%B4%EA%B8%B0/%EB%A1%9C%EB%A0%88%ED%86%A0%EC%8A%A4-%EC%9E%90%EC%B9%B4%EB%93%9C-%ED%8C%AC%EC%B8%A0/MHPFAMM02ED048.html
MHMFAMM01EG00M,울 자카드 리우렐 점프수트,2190000,Grey,ACTIVE,"울 57%, 리사이클 폴리에스터 43%","82% 리사이클 폴리에스터, 18% 코튼",,바이에른 다이아몬드 메탈 하드웨어가 더해진 가죽 스트랩 디테일,,,,대한민국,"로레토스 모노그램 자카드 | 메탈 스냅 버튼 여밈이 있는 칼라 | 가슴 부분의 플랩 포켓 | 지퍼 클로저 | 조절 가능한 허리와 소매 끝단 | 무릎 주편 카펜터 포켓 | 뒷면 플랩 포켓 | 핏 조절 가능한 다리 부분의 지퍼 | 오버사이즈 핏 | 여성 모델의 키는 178cm이며 M사이즈를 착용하고 있습니다. | Male model is about 186cm / 6'1"" tall and wears size M.",,https://images.mcmworldwide.com/i/mcmworldwide/MHMFAMM01EG00M_01 | https://images.mcmworldwide.com/i/mcmworldwide/MHMFAMM01EG00M_09 | https://images.mcmworldwide.com/i/mcmworldwide/MHMFAMM01EG00M_04 | https://images.mcmworldwide.com/i/mcmworldwide/MHMFAMM01EG00M_10 | https://images.mcmworldwide.com/i/mcmworldwide/MHMFAMM01EG00M_11 | https://images.mcmworldwide.com/i/mcmworldwide/MHMFAMM01EG00M_12,https://images.mcmworldwide.com/v/mcmworldwide/MHMFAMM01EG00M_VID/webm_720p,https://kr.mcmworldwide.com/ko_KR/%EB%82%A8%EC%84%B1/%EC%9D%98%EB%A5%98/%EB%AA%A8%EB%91%90%EB%B3%B4%EA%B8%B0/%EC%9A%B8-%EC%9E%90%EC%B9%B4%EB%93%9C-%EB%A6%AC%EC%9A%B0%EB%A0%90-%EC%A0%90%ED%94%84%EC%88%98%ED%8A%B8/MHMFAMM01EG00M.html
MHWCAMM01CO00L,모노그램 프린트 수영 팬츠,430000,Cognac,ACTIVE,폴리에스터 100%,,메시,,,,,이탈리아,신축성 있는 웨이스트밴드 | 드로우스트링 잠금 장치와 메탈 팁 | 비세토스 모노그램 올오버 프린트. | 사이드 포켓 | 백 웰트 지퍼 포켓. | 레귤러 핏,,https://images.mcmworldwide.com/i/mcmworldwide/MHWCAMM01CO00L_01 | https://images.mcmworldwide.com/i/mcmworldwide/MHWCAMM01CO00L_09 | https://images.mcmworldwide.com/i/mcmworldwide/MHWCAMM01CO00L_04 | https://images.mcmworldwide.com/i/mcmworldwide/MHWCAMM01CO00L_10,https://images.mcmworldwide.com/v/mcmworldwide/MHWCAMM01CO00L_VID/webm_720p,https://kr.mcmworldwide.com/ko_KR/%EB%82%A8%EC%84%B1/%EC%9D%98%EB%A5%98/%EB%AA%A8%EB%91%90%EB%B3%B4%EA%B8%B0/%EB%AA%A8%EB%85%B8%EA%B7%B8%EB%9E%A8-%ED%94%84%EB%A6%B0%ED%8A%B8-%EC%88%98%EC%98%81-%ED%8C%AC%EC%B8%A0/MHWCAMM01CO00L.html
MHTFSMM05BK00M,지퍼 포켓 실켓 로고 티셔츠,390000,Black,ACTIVE,코튼 100%,,,,,,,대한민국,가슴의 라우렐 로고 자수 지퍼 포켓 | 반소매 | 레귤러 핏,MHTFSMM05CO00M | MHTFSMM05WT00M,https://images.mcmworldwide.com/i/mcmworldwide/MHTFSMM05BK00M_01 | https://images.mcmworldwide.com/i/mcmworldwide/MHTFSMM05BK00M_09 | https://images.mcmworldwide.com/i/mcmworldwide/MHTFSMM05BK00M_04 | https://images.mcmworldwide.com/i/mcmworldwide/MHTFSMM05BK00M_10 | https://images.mcmworldwide.com/i/mcmworldwide/MHTFSMM05BK00M_11,https://images.mcmworldwide.com/v/mcmworldwide/MHTFSMM05BK00M_VID/webm_720p,https://kr.mcmworldwide.com/ko_KR/%EB%82%A8%EC%84%B1/%EC%9D%98%EB%A5%98/%EB%AA%A8%EB%91%90%EB%B3%B4%EA%B8%B0/%EC%A7%80%ED%8D%BC-%ED%8F%AC%EC%BC%93-%EC%8B%A4%EC%BC%93-%EB%A1%9C%EA%B3%A0-%ED%8B%B0%EC%85%94%EC%B8%A0/MHTFSMM05BK00M.html
MHTFSMM05CO00M,지퍼 포켓 실켓 로고 티셔츠,390000,Cognac,ACTIVE,,,,,,,,대한민국,라우렐 로고 자수가 있는 지퍼 포켓 | 반 소매 | 100% 코 | 레귤러 핏,MHTFSMM05BK00M | MHTFSMM05WT00M,https://images.mcmworldwide.com/i/mcmworldwide/MHTFSMM05CO00M_01 | https://images.mcmworldwide.com/i/mcmworldwide/MHTFSMM05CO00M_04 | https://images.mcmworldwide.com/i/mcmworldwide/MHTFSMM05CO00M_10 | https://images.mcmworldwide.com/i/mcmworldwide/MHTFSMM05CO00M_11,https://images.mcmworldwide.com/v/mcmworldwide/MHTFSMM05CO00M_VID/webm_720p,https://kr.mcmworldwide.com/ko_KR/%EC%A7%80%ED%8D%BC-%ED%8F%AC%EC%BC%93-%EC%8B%A4%EC%BC%93-%EB%A1%9C%EA%B3%A0-%ED%8B%B0%EC%85%94%EC%B8%A0/MHTFSMM05CO00M.html
MHTFSMM05WT00M,지퍼 포켓 실켓 로고 티셔츠,390000,White,ACTIVE,코튼 100%,,,,,,,대한민국,"라우렐 로고 자수가 더해진 지퍼 포켓 | 오른쪽 소매에 MCM 로고 자수 포인트 | 레귤러 핏 | 여성 모델의 키는 175cm/5'8"" 이며 사이즈 S를 착용하고 있습니다. | 남성 모델의 키는 186cm/6'1"" 이며 사이즈 M을 착용하고 있습니다.",MHTFSMM05BK00M | MHTFSMM05CO00M,https://images.mcmworldwide.com/i/mcmworldwide/MHTFSMM05WT00M_01 | https://images.mcmworldwide.com/i/mcmworldwide/MHTFSMM05WT00M_09 | https://images.mcmworldwide.com/i/mcmworldwide/MHTFSMM05WT00M_04 | https://images.mcmworldwide.com/i/mcmworldwide/MHTFSMM05WT00M_10 | https://images.mcmworldwide.com/i/mcmworldwide/MHTFSMM05WT00M_11 | https://images.mcmworldwide.com/i/mcmworldwide/MHTFSMM05WT00M_12,,https://kr.mcmworldwide.com/ko_KR/%EC%A7%80%ED%8D%BC-%ED%8F%AC%EC%BC%93-%EC%8B%A4%EC%BC%93-%EB%A1%9C%EA%B3%A0-%ED%8B%B0%EC%85%94%EC%B8%A0/MHTFSMM05WT00M.html
MHTFSMM05WT00L,지퍼 포켓 실켓 로고 티셔츠,390000,White,ACTIVE,코튼 100%,,,,,,,대한민국,"라우렐 로고 자수가 더해진 지퍼 포켓 | 오른쪽 소매에 MCM 로고 자수 포인트 | 레귤러 핏 | 여성 모델의 키는 175cm/5'8"" 이며 사이즈 S를 착용하고 있습니다. | 남성 모델의 키는 186cm/6'1"" 이며 사이즈 M을 착용하고 있습니다.",,https://images.mcmworldwide.com/i/mcmworldwide/MHTFSMM05WT00L_01 | https://images.mcmworldwide.com/i/mcmworldwide/MHTFSMM05WT00L_09 | https://images.mcmworldwide.com/i/mcmworldwide/MHTFSMM05WT00L_04 | https://images.mcmworldwide.com/i/mcmworldwide/MHTFSMM05WT00L_10 | https://images.mcmworldwide.com/i/mcmworldwide/MHTFSMM05WT00L_11 | https://images.mcmworldwide.com/i/mcmworldwide/MHTFSMM05WT00L_12,,https://kr.mcmworldwide.com/ko_KR/%EB%82%A8%EC%84%B1/%EC%9D%98%EB%A5%98/%EB%AA%A8%EB%91%90%EB%B3%B4%EA%B8%B0/%EC%A7%80%ED%8D%BC-%ED%8F%AC%EC%BC%93-%EC%8B%A4%EC%BC%93-%EB%A1%9C%EA%B3%A0-%ED%8B%B0%EC%85%94%EC%B8%A0/MHTFSMM05WT00L.html
MHJESBC05VD00M,ECONYL&reg;의 라우렐 로고 윈드브레이커,990000,Blue,ACTIVE,100% ECONYL® 재생 나일론,,폴리에스터 메시,,,,,대한민국,"후드 디자인 | 가슴의 라우렐 로고 패치 자수 | 지퍼 클로저 | 전면 사이드 포켓 | 신축성 있는 밑단과 커프스 | 오른쪽 커프의 MCM 로고 모티프 | 오버사이즈 핏. 모델 신장: 186cm, 착용 사이즈: 미디엄",,https://images.mcmworldwide.com/i/mcmworldwide/MHJESBC05VD00M_01 | https://images.mcmworldwide.com/i/mcmworldwide/MHJESBC05VD00M_09 | https://images.mcmworldwide.com/i/mcmworldwide/MHJESBC05VD00M_04 | https://images.mcmworldwide.com/i/mcmworldwide/MHJESBC05VD00M_10 | https://images.mcmworldwide.com/i/mcmworldwide/MHJESBC05VD00M_11,https://images.mcmworldwide.com/v/mcmworldwide/MHJESBC05VD00M_VID/webm_720p,https://kr.mcmworldwide.com/ko_KR/%EB%82%A8%EC%84%B1/%EC%9D%98%EB%A5%98/%EB%AA%A8%EB%91%90%EB%B3%B4%EA%B8%B0/econyl%C2%AE%EC%9D%98-%EB%9D%BC%EC%9A%B0%EB%A0%90-%EB%A1%9C%EA%B3%A0-%EC%9C%88%EB%93%9C%EB%B8%8C%EB%A0%88%EC%9D%B4%EC%BB%A4/MHJESBC05VD00M.html
MHTGSMM03BK00L,모노그램 자카드 폴로 셔츠,630000,Black,ACTIVE,코튼 100%,,,,35.4 x 35.4 x 0.0,,,대한민국,"자카드 니트 | 투버튼 플래킷 디테일 | 비세토스 모노그램 모티프 | 대비되는 스트라이프가 들어간 골지 니트 칼라 | 레귤러 핏 | Male model is 188cm / 6'1"" tall and wears size M.",,https://images.mcmworldwide.com/i/mcmworldwide/MHTGSMM03BK00L_01 | https://images.mcmworldwide.com/i/mcmworldwide/MHTGSMM03BK00L_09 | https://images.mcmworldwide.com/i/mcmworldwide/MHTGSMM03BK00L_04 | https://images.mcmworldwide.com/i/mcmworldwide/MHTGSMM03BK00L_10 | https://images.mcmworldwide.com/i/mcmworldwide/MHTGSMM03BK00L_11 | https://images.mcmworldwide.com/i/mcmworldwide/MHTGSMM03BK00L_12,https://images.mcmworldwide.com/v/mcmworldwide/MHTGSMM03BK00L_VID/webm_720p,https://kr.mcmworldwide.com/ko_KR/%EB%82%A8%EC%84%B1/%EC%9D%98%EB%A5%98/%EB%AA%A8%EB%91%90%EB%B3%B4%EA%B8%B0/%EB%AA%A8%EB%85%B8%EA%B7%B8%EB%9E%A8-%EC%9E%90%EC%B9%B4%EB%93%9C-%ED%8F%B4%EB%A1%9C-%EC%85%94%EC%B8%A0/MHTGSMM03BK00L.html
MHTESBC02CO00L,에센셜 로고 포켓 티셔츠,270000,Cognac,ACTIVE,100% 오가닉 코튼,,,,,,,대한민국,"리브 니트 넥라인 | 라우렐 로고 자수가 더해진 다이아몬드 패치 포켓 | 레귤러 핏 | 여성 모델의 키는 175cm/5'8"" 이며 사이즈 S를 착용하고 있습니다. | 남성 모델의 키는 186cm/6'1"" 이며 사이즈 M을 착용하고 있습니다.",,https://images.mcmworldwide.com/i/mcmworldwide/MHTESBC02CO00L_01 | https://images.mcmworldwide.com/i/mcmworldwide/MHTESBC02CO00L_09 | https://images.mcmworldwide.com/i/mcmworldwide/MHTESBC02CO00L_04 | https://images.mcmworldwide.com/i/mcmworldwide/MHTESBC02CO00L_10 | https://images.mcmworldwide.com/i/mcmworldwide/MHTESBC02CO00L_11 | https://images.mcmworldwide.com/i/mcmworldwide/MHTESBC02CO00L_12,,https://kr.mcmworldwide.com/ko_KR/%EB%82%A8%EC%84%B1/%EC%9D%98%EB%A5%98/%EB%AA%A8%EB%91%90%EB%B3%B4%EA%B8%B0/%EC%97%90%EC%84%BC%EC%85%9C-%EB%A1%9C%EA%B3%A0-%ED%8F%AC%EC%BC%93-%ED%8B%B0%EC%85%94%EC%B8%A0/MHTESBC02CO00L.html
MHPESBC04BK050,에센셜 드로우스트링 폰테 팬츠,730000,Black,ACTIVE,,,,,,,,대한민국,"골드톤 메탈 팁이 있는 드로우스트링 웨이스트 | 왼쪽 다리의 MCM 로고 자수 | 옆면 슬래시 포켓 | 뒷면 웰트 포켓 | 재생 폴리에스터 51%, 재생 코튼 43%, 스판덱스 6% | 레귤러 핏 모델 신장: 186cm, 착용 사이즈: 미디엄",,https://images.mcmworldwide.com/i/mcmworldwide/MHPESBC04BK050_01 | https://images.mcmworldwide.com/i/mcmworldwide/MHPESBC04BK050_09 | https://images.mcmworldwide.com/i/mcmworldwide/MHPESBC04BK050_02 | https://images.mcmworldwide.com/i/mcmworldwide/MHPESBC04BK050_10 | https://images.mcmworldwide.com/i/mcmworldwide/MHPESBC04BK050_11,,https://kr.mcmworldwide.com/ko_KR/%EB%82%A8%EC%84%B1/%EC%9D%98%EB%A5%98/%EB%AA%A8%EB%91%90%EB%B3%B4%EA%B8%B0/%EC%97%90%EC%84%BC%EC%85%9C-%EB%93%9C%EB%A1%9C%EC%9A%B0%EC%8A%A4%ED%8A%B8%EB%A7%81-%ED%8F%B0%ED%85%8C-%ED%8C%AC%EC%B8%A0/MHPESBC04BK050.html
MHPGAMM04LI046,루렉스 데님 팬츠,750000,Blue,ACTIVE,"66.2% 코튼, 22.8% 폴리에스테르, 11% 금속 코팅 섬유",,,로고가 각인된 버튼과 스터드 하드웨어,,,,대한민국,"5 포켓 디자인 | 뒷면의 비세토스 모노그램 패치 | 포켓 라이닝: 코튼 100% | 편안한 핏 | 여성 모델의 키는 175cm/5'8"" 이며 사이즈 46을 착용하고 있습니다. | 남성 모델의 키는 186cm/6'1"" 이며 사이즈 48을 착용하고 있습니다.",,https://images.mcmworldwide.com/i/mcmworldwide/MHPGAMM04LI046_01 | https://images.mcmworldwide.com/i/mcmworldwide/MHPGAMM04LI046_09 | https://images.mcmworldwide.com/i/mcmworldwide/MHPGAMM04LI046_04 | https://images.mcmworldwide.com/i/mcmworldwide/MHPGAMM04LI046_10 | https://images.mcmworldwide.com/i/mcmworldwide/MHPGAMM04LI046_11,,https://kr.mcmworldwide.com/ko_KR/%EB%82%A8%EC%84%B1/%EC%9D%98%EB%A5%98/%EB%AA%A8%EB%91%90%EB%B3%B4%EA%B8%B0/%EB%A3%A8%EB%A0%89%EC%8A%A4-%EB%8D%B0%EB%8B%98-%ED%8C%AC%EC%B8%A0/MHPGAMM04LI046.html
MHPGAMM03Q700L,Diamond 재생 나일론 쇼츠,750000,Pink,ACTIVE,100% 재생나일론,100% 폴리에스터,,메탈 버튼 하드웨어,,,,대한민국,"멀티컬러 다이아몬드 모노그램 | 50주년 기념 로고 패치 | 앞면 사이드 포켓 | 뒷면 웰트 포켓 | 레귤러 핏 | 여성 모델의 키는 175cm/5'8"" 이며 사이즈 S를 착용하고 있습니다. | 남성 모델의 키는 186cm/6'1"" 이며 사이즈 M을 착용하고 있습니다.",,https://images.mcmworldwide.com/i/mcmworldwide/MHPGAMM03Q700L_01 | https://images.mcmworldwide.com/i/mcmworldwide/MHPGAMM03Q700L_09 | https://images.mcmworldwide.com/i/mcmworldwide/MHPGAMM03Q700L_04 | https://images.mcmworldwide.com/i/mcmworldwide/MHPGAMM03Q700L_10 | https://images.mcmworldwide.com/i/mcmworldwide/MHPGAMM03Q700L_11 | https://images.mcmworldwide.com/i/mcmworldwide/MHPGAMM03Q700L_12,,https://kr.mcmworldwide.com/ko_KR/%EB%82%A8%EC%84%B1/%EC%9D%98%EB%A5%98/%EB%AA%A8%EB%91%90%EB%B3%B4%EA%B8%B0/diamond-%EC%9E%AC%EC%83%9D-%EB%82%98%EC%9D%BC%EB%A1%A0-%EC%87%BC%EC%B8%A0/MHPGAMM03Q700L.html
MHTGAMM061B00L,MCM X We The Best 아르데코 자카드 폴로,590000,Blue,ACTIVE,코튼 100%,,,,,,,대한민국,"자카드 니트 | 아르데코 야자수 모티프 | 가슴 부분의 MCM X We The Best 로고 자수 | 숏 슬리브 | 레귤러 핏 | 여성 모델의 키는 175cm/5'8"" 이며 사이즈 S를 착용하고 있습니다. | 남성 모델의 키는 186cm/6'1"" 이며 사이즈 M을 착용하고 있습니다.",,https://images.mcmworldwide.com/i/mcmworldwide/MHTGAMM061B00L_01 | https://images.mcmworldwide.com/i/mcmworldwide/MHTGAMM061B00L_09 | https://images.mcmworldwide.com/i/mcmworldwide/MHTGAMM061B00L_04 | https://images.mcmworldwide.com/i/mcmworldwide/MHTGAMM061B00L_10 | https://images.mcmworldwide.com/i/mcmworldwide/MHTGAMM061B00L_11 | https://images.mcmworldwide.com/i/mcmworldwide/MHTGAMM061B00L_12,,https://kr.mcmworldwide.com/ko_KR/%EB%82%A8%EC%84%B1/%EC%9D%98%EB%A5%98/%EB%AA%A8%EB%91%90%EB%B3%B4%EA%B8%B0/mcm-x-we-the-best-%EC%95%84%EB%A5%B4%EB%8D%B0%EC%BD%94-%EC%9E%90%EC%B9%B4%EB%93%9C-%ED%8F%B4%EB%A1%9C/MHTGAMM061B00L.html
MXEFATA02K8001,비세토스 iPhone 16 Pro Max 케이스,230000,Green,ACTIVE,비세토스 모노그램 캔버스,천연 나파 가죽,패브릭,,1 x 8 x 17,,,대한민국,외부 카드 포켓,,https://images.mcmworldwide.com/i/mcmworldwide/MXEFATA02K8001_01 | https://images.mcmworldwide.com/i/mcmworldwide/MXEFATA02K8001_02 | https://images.mcmworldwide.com/i/mcmworldwide/MXEFATA02K8001_03,,https://kr.mcmworldwide.com/ko_KR/%EB%9D%BC%EC%9D%B4%ED%94%84%EC%8A%A4%ED%83%80%EC%9D%BC/%EB%AA%A8%EB%91%90%EB%B3%B4%EA%B8%B0/%EB%B9%84%EC%84%B8%ED%86%A0%EC%8A%A4-iphone-16-pro-max-%EC%BC%80%EC%9D%B4%EC%8A%A4/MXEFATA02K8001.html
MXEFATA01K8001,비세토스 iPhone 16 Pro 케이스,230000,Green,ACTIVE,비세토스 모노그램 캔버스,천연 나파 가죽,패브릭,,1 x 7 x 15,,,대한민국,외부 카드 포켓,,https://images.mcmworldwide.com/i/mcmworldwide/MXEFATA01K8001_01 | https://images.mcmworldwide.com/i/mcmworldwide/MXEFATA01K8001_02 | https://images.mcmworldwide.com/i/mcmworldwide/MXEFATA01K8001_03,,https://kr.mcmworldwide.com/ko_KR/%EB%9D%BC%EC%9D%B4%ED%94%84%EC%8A%A4%ED%83%80%EC%9D%BC/%EB%AA%A8%EB%91%90%EB%B3%B4%EA%B8%B0/%EB%B9%84%EC%84%B8%ED%86%A0%EC%8A%A4-iphone-16-pro-%EC%BC%80%EC%9D%B4%EC%8A%A4/MXEFATA01K8001.html
MEZFAMM10CO001,MCM X BE@RBRICK 인덴-야 400%,3950000,Cognac,ACTIVE,사슴 가죽,,,,,,,일본,400% 피규어 | 비세토스 모노그램 모티프 | 15세 이상 사용 권장,,https://images.mcmworldwide.com/i/mcmworldwide/MEZFAMM10CO001_01 | https://images.mcmworldwide.com/i/mcmworldwide/MEZFAMM10CO001_02 | https://images.mcmworldwide.com/i/mcmworldwide/MEZFAMM10CO001_03 | https://images.mcmworldwide.com/i/mcmworldwide/MEZFAMM10CO001_04 | https://images.mcmworldwide.com/i/mcmworldwide/MEZFAMM10CO001_05,,https://kr.mcmworldwide.com/ko_KR/%EB%9D%BC%EC%9D%B4%ED%94%84%EC%8A%A4%ED%83%80%EC%9D%BC/%EB%AA%A8%EB%91%90%EB%B3%B4%EA%B8%B0/mcm-x-be%40rbrick-%EC%9D%B8%EB%8D%B4-%EC%95%BC-400%25/MEZFAMM10CO001.html
MELFAMM01SV001,MCM Park 비세토스 토끼 인형,750000,Silver,ACTIVE,비세토스 모노그램 캔버스,천연 가죽,,,18 x 19 x 33,,,대한민국,스터드 장식 칼라 | 페이크 퍼 꼬리,,https://images.mcmworldwide.com/i/mcmworldwide/MELFAMM01SV001_01 | https://images.mcmworldwide.com/i/mcmworldwide/MELFAMM01SV001_02 | https://images.mcmworldwide.com/i/mcmworldwide/MELFAMM01SV001_04,,https://kr.mcmworldwide.com/ko_KR/%EB%9D%BC%EC%9D%B4%ED%94%84%EC%8A%A4%ED%83%80%EC%9D%BC/%EB%AA%A8%EB%91%90%EB%B3%B4%EA%B8%B0/mcm-park-%EB%B9%84%EC%84%B8%ED%86%A0%EC%8A%A4-%ED%86%A0%EB%81%BC-%EC%9D%B8%ED%98%95/MELFAMM01SV001.html
MELCSVD01BK001,비세토스 M Pup 인형,630000,Black,ACTIVE,,,,,23 x 29 x 31,,,대한민국,바디 소재: 비세토스 모노그램 코티드 캔버스 | 실버톤 코발트 메탈 스터드 리쉬,MELCSVD01CO001,https://images.mcmworldwide.com/i/mcmworldwide/MELCSVD01BK001_01 | https://images.mcmworldwide.com/i/mcmworldwide/MELCSVD01BK001_09 | https://images.mcmworldwide.com/i/mcmworldwide/MELCSVD01BK001_02 | https://images.mcmworldwide.com/i/mcmworldwide/MELCSVD01BK001_04 | https://images.mcmworldwide.com/i/mcmworldwide/MELCSVD01BK001_10,,https://kr.mcmworldwide.com/ko_KR/%EB%9D%BC%EC%9D%B4%ED%94%84%EC%8A%A4%ED%83%80%EC%9D%BC/%EB%AA%A8%EB%91%90%EB%B3%B4%EA%B8%B0/%EB%B9%84%EC%84%B8%ED%86%A0%EC%8A%A4-m-pup-%EC%9D%B8%ED%98%95/MELCSVD01BK001.html
MELCSVD01CO001,비세토스 M Pup 인형,630000,Cognac,ACTIVE,,,,,23 x 29 x 31,,,대한민국,바디 소재: 비세토스 모노그램 코티드 캔버스 | 실버톤 코발트 메탈 스터드 리쉬,MELCSVD01BK001,https://images.mcmworldwide.com/i/mcmworldwide/MELCSVD01CO001_01 | https://images.mcmworldwide.com/i/mcmworldwide/MELCSVD01CO001_09 | https://images.mcmworldwide.com/i/mcmworldwide/MELCSVD01CO001_02 | https://images.mcmworldwide.com/i/mcmworldwide/MELCSVD01CO001_04 | https://images.mcmworldwide.com/i/mcmworldwide/MELCSVD01CO001_10,https://images.mcmworldwide.com/v/mcmworldwide/MELCSVD01CO001_VID/webm_720p,https://kr.mcmworldwide.com/ko_KR/%EB%9D%BC%EC%9D%B4%ED%94%84%EC%8A%A4%ED%83%80%EC%9D%BC/%ED%99%88-%EB%8D%B0%EC%BD%94/%EB%B9%84%EC%84%B8%ED%86%A0%EC%8A%A4-m-pup-%EC%9D%B8%ED%98%95/MELCSVD01CO001.html
MELCSVD02BK001,비세토스 M Pup 인형,590000,Black,ACTIVE,,,,,17 x 23 x 24,,,대한민국,바디 소재: 비세토스 모노그램 코티드 캔버스 | 실버톤 코발트 메탈 스터드 리쉬,MELCSVD02CO001 | MELCSVD02WT001,https://images.mcmworldwide.com/i/mcmworldwide/MELCSVD02BK001_01 | https://images.mcmworldwide.com/i/mcmworldwide/MELCSVD02BK001_09 | https://images.mcmworldwide.com/i/mcmworldwide/MELCSVD02BK001_02 | https://images.mcmworldwide.com/i/mcmworldwide/MELCSVD02BK001_04,,https://kr.mcmworldwide.com/ko_KR/%EB%9D%BC%EC%9D%B4%ED%94%84%EC%8A%A4%ED%83%80%EC%9D%BC/%EB%AA%A8%EB%91%90%EB%B3%B4%EA%B8%B0/%EB%B9%84%EC%84%B8%ED%86%A0%EC%8A%A4-m-pup-%EC%9D%B8%ED%98%95/MELCSVD02BK001.html
MELCSVD02CO001,비세토스 M Pup 인형,590000,Cognac,ACTIVE,,,,,17 x 23 x 24,,,대한민국,바디 소재: 비세토스 모노그램 코티드 캔버스 | 실버톤 코발트 메탈 스터드 리쉬,MELCSVD02BK001 | MELCSVD02WT001,https://images.mcmworldwide.com/i/mcmworldwide/MELCSVD02CO001_01 | https://images.mcmworldwide.com/i/mcmworldwide/MELCSVD02CO001_09 | https://images.mcmworldwide.com/i/mcmworldwide/MELCSVD02CO001_02 | https://images.mcmworldwide.com/i/mcmworldwide/MELCSVD02CO001_04 | https://images.mcmworldwide.com/i/mcmworldwide/MELCSVD02CO001_10,,https://kr.mcmworldwide.com/ko_KR/%EB%9D%BC%EC%9D%B4%ED%94%84%EC%8A%A4%ED%83%80%EC%9D%BC/%ED%99%88-%EB%8D%B0%EC%BD%94/%EB%B9%84%EC%84%B8%ED%86%A0%EC%8A%A4-m-pup-%EC%9D%B8%ED%98%95/MELCSVD02CO001.html
MELCSVD02WT001,비세토스 M Pup 인형,590000,White,ACTIVE,,,,,17 x 23 x 24,,,대한민국,바디 소재: 비세토스 모노그램 코티드 캔버스 | 실버톤 코발트 메탈 스터드 리쉬,MELCSVD02BK001 | MELCSVD02CO001,https://images.mcmworldwide.com/i/mcmworldwide/MELCSVD02WT001_01 | https://images.mcmworldwide.com/i/mcmworldwide/MELCSVD02WT001_09 | https://images.mcmworldwide.com/i/mcmworldwide/MELCSVD02WT001_02 | https://images.mcmworldwide.com/i/mcmworldwide/MELCSVD02WT001_04 | https://images.mcmworldwide.com/i/mcmworldwide/MELCSVD02WT001_10,,https://kr.mcmworldwide.com/ko_KR/%EB%9D%BC%EC%9D%B4%ED%94%84%EC%8A%A4%ED%83%80%EC%9D%BC/%ED%99%88-%EB%8D%B0%EC%BD%94/%EB%B9%84%EC%84%B8%ED%86%A0%EC%8A%A4-m-pup-%EC%9D%B8%ED%98%95/MELCSVD02WT001.html
MELFSMM01PZ001,닥스훈트 비세토스 인형,630000,Pink,ACTIVE,비세토스 모노그램 캔버스,,,18K 골드 도금 메탈 하드웨어,0 x 11 x 21,,,대한민국,닥스훈트 인형 | 스터드 장식이 더해진 칼라,,https://images.mcmworldwide.com/i/mcmworldwide/MELFSMM01PZ001_01 | https://images.mcmworldwide.com/i/mcmworldwide/MELFSMM01PZ001_03 | https://images.mcmworldwide.com/i/mcmworldwide/MELFSMM01PZ001_04,,https://kr.mcmworldwide.com/ko_KR/%EB%9D%BC%EC%9D%B4%ED%94%84%EC%8A%A4%ED%83%80%EC%9D%BC/%EB%AA%A8%EB%91%90%EB%B3%B4%EA%B8%B0/%EB%8B%A5%EC%8A%A4%ED%9B%88%ED%8A%B8-%EB%B9%84%EC%84%B8%ED%86%A0%EC%8A%A4-%EC%9D%B8%ED%98%95/MELFSMM01PZ001.html
MEZESMM03CO001,비세토스 펫 캐리어,1350000,Cognac,ACTIVE,비세토스 모노그램 캔버스,천연 나파 가죽,지속 가능한 코튼,24K 도금 브라스 금속 장식,20 x 42 x 33,,,대한민국,레더 손잡이 부분 | 더블 지퍼 클로저 | 통풍을 위한 메쉬 사이드 패널 | 10kg 이하 소형견에 적합 | 편안함을 더하는 베이스의 쿠셔닝,,https://images.mcmworldwide.com/i/mcmworldwide/MEZESMM03CO001_01 | https://images.mcmworldwide.com/i/mcmworldwide/MEZESMM03CO001_09 | https://images.mcmworldwide.com/i/mcmworldwide/MEZESMM03CO001_02 | https://images.mcmworldwide.com/i/mcmworldwide/MEZESMM03CO001_03 | https://images.mcmworldwide.com/i/mcmworldwide/MEZESMM03CO001_04 | https://images.mcmworldwide.com/i/mcmworldwide/MEZESMM03CO001_10 | https://images.mcmworldwide.com/i/mcmworldwide/MEZESMM03CO001_11 | https://images.mcmworldwide.com/i/mcmworldwide/MEZESMM03CO001_12,https://images.mcmworldwide.com/v/mcmworldwide/MEZESMM03CO001_VID/webm_720p,https://kr.mcmworldwide.com/ko_KR/%EB%9D%BC%EC%9D%B4%ED%94%84%EC%8A%A4%ED%83%80%EC%9D%BC/%EB%AA%A8%EB%91%90%EB%B3%B4%EA%B8%B0/%EB%B9%84%EC%84%B8%ED%86%A0%EC%8A%A4-%ED%8E%AB-%EC%BA%90%EB%A6%AC%EC%96%B4/MEZESMM03CO001.html
MEZFSMM05CO001,퀼팅 모노그램 나일론 패커블 펫 베드,350000,Cognac,ACTIVE,100% 리사이클 나일론,,,24K 금 도금 메탈 하드웨어,,,,대한민국,"퀼팅 나일론 베드만 제공되며, 내부 매트리스는 포함되지 않습니다. | 파우치로 변환 가능한 패커블 디자인 | 비세토스 모노그램 프린트 | 다이아몬드 퀼팅 | 로고 각인 스냅 잠금 장치",,https://images.mcmworldwide.com/i/mcmworldwide/MEZFSMM05CO001_01 | https://images.mcmworldwide.com/i/mcmworldwide/MEZFSMM05CO001_09 | https://images.mcmworldwide.com/i/mcmworldwide/MEZFSMM05CO001_02 | https://images.mcmworldwide.com/i/mcmworldwide/MEZFSMM05CO001_03 | https://images.mcmworldwide.com/i/mcmworldwide/MEZFSMM05CO001_10,,https://kr.mcmworldwide.com/ko_KR/%EB%9D%BC%EC%9D%B4%ED%94%84%EC%8A%A4%ED%83%80%EC%9D%BC/%EB%AA%A8%EB%91%90%EB%B3%B4%EA%B8%B0/%ED%80%BC%ED%8C%85-%EB%AA%A8%EB%85%B8%EA%B7%B8%EB%9E%A8-%EB%82%98%EC%9D%BC%EB%A1%A0-%ED%8C%A8%EC%BB%A4%EB%B8%94-%ED%8E%AB-%EB%B2%A0%EB%93%9C/MEZFSMM05CO001.html
MEZESMM01CO001,비세토스 펫 보울,650000,Cognac,ACTIVE,비세토스 모노그램 캔버스,,,,9 x 18 x 18,,,대한민국,라우렐 로고 모티프 세라믹 보울 | 나파 가죽 옆면 손잡이,,https://images.mcmworldwide.com/i/mcmworldwide/MEZESMM01CO001_01 | https://images.mcmworldwide.com/i/mcmworldwide/MEZESMM01CO001_02 | https://images.mcmworldwide.com/i/mcmworldwide/MEZESMM01CO001_03,,https://kr.mcmworldwide.com/ko_KR/%EB%9D%BC%EC%9D%B4%ED%94%84%EC%8A%A4%ED%83%80%EC%9D%BC/%EB%AA%A8%EB%91%90%EB%B3%B4%EA%B8%B0/%EB%B9%84%EC%84%B8%ED%86%A0%EC%8A%A4-%ED%8E%AB-%EB%B3%B4%EC%9A%B8/MEZESMM01CO001.html
MEZDSMM10CO001,비세토스 펫 리터백 홀더,250000,Cognac,ACTIVE,비세토스 모노그램 캔버스,,스웨이드 마감 마이크로파이버,매트 블랙 메탈 금속 장식,4 x 11 x 6,,,대한민국,연결 고리 잠금 장치 | 지퍼 클로저 | 나파 가죽 트림,,https://images.mcmworldwide.com/i/mcmworldwide/MEZDSMM10CO001_01 | https://images.mcmworldwide.com/i/mcmworldwide/MEZDSMM10CO001_09 | https://images.mcmworldwide.com/i/mcmworldwide/MEZDSMM10CO001_02 | https://images.mcmworldwide.com/i/mcmworldwide/MEZDSMM10CO001_03 | https://images.mcmworldwide.com/i/mcmworldwide/MEZDSMM10CO001_04,,https://kr.mcmworldwide.com/ko_KR/%EB%9D%BC%EC%9D%B4%ED%94%84%EC%8A%A4%ED%83%80%EC%9D%BC/%EB%AA%A8%EB%91%90%EB%B3%B4%EA%B8%B0/%EB%B9%84%EC%84%B8%ED%86%A0%EC%8A%A4-%ED%8E%AB-%EB%A6%AC%ED%84%B0%EB%B0%B1-%ED%99%80%EB%8D%94/MEZDSMM10CO001.html
MEZFAMM02CO001,비세토스 펫 하네스,530000,Cognac,ACTIVE,비세토스 모노그램 캔버스,천연 가죽,,무광 블랙 메탈 하드웨어,,,,대한민국,목 둘레 사이즈: 33cm - 40cm | 몸통 둘레 조절 범위: 40cm - 60cm | 버클 클로저,,https://images.mcmworldwide.com/i/mcmworldwide/MEZFAMM02CO001_01 | https://images.mcmworldwide.com/i/mcmworldwide/MEZFAMM02CO001_09 | https://images.mcmworldwide.com/i/mcmworldwide/MEZFAMM02CO001_02 | https://images.mcmworldwide.com/i/mcmworldwide/MEZFAMM02CO001_03 | https://images.mcmworldwide.com/i/mcmworldwide/MEZFAMM02CO001_04 | https://images.mcmworldwide.com/i/mcmworldwide/MEZFAMM02CO001_10 | https://images.mcmworldwide.com/i/mcmworldwide/MEZFAMM02CO001_11 | https://images.mcmworldwide.com/i/mcmworldwide/MEZFAMM02CO001_12,,https://kr.mcmworldwide.com/ko_KR/%EB%9D%BC%EC%9D%B4%ED%94%84%EC%8A%A4%ED%83%80%EC%9D%BC/%EB%AA%A8%EB%91%90%EB%B3%B4%EA%B8%B0/%EB%B9%84%EC%84%B8%ED%86%A0%EC%8A%A4-%ED%8E%AB-%ED%95%98%EB%84%A4%EC%8A%A4/MEZFAMM02CO001.html
MEZFAMM01CO00M,비세토스 펫 칼라 &amp; 크로스바디 리쉬,530000,Cognac,ACTIVE,이탈리안 나일론,비세토스 모노그램 캔버스,,무광 블랙 메탈 하드웨어,,,,대한민국,"리쉬는 반려동물 보호자가 크로스바디로 착용하는 용도입니다. | 가죽 다이아몬드 참 장식이 더해진 탈부착 및 길이 조절 가능한 칼라 | 후크 잠금 장지 | 최대 인장 강도:칼라: 53.7kgf, 리쉬: 89.9kgf | 최대 하중 용량: 53.73kg (해당 수치는 반려동물의 체중이 아니라, 중력 및 가속도를 포함한 최대 하중을 의미합니다.) | 칼라 길이: 32cm - 38cm",,https://images.mcmworldwide.com/i/mcmworldwide/MEZFAMM01CO00M_01 | https://images.mcmworldwide.com/i/mcmworldwide/MEZFAMM01CO00M_09 | https://images.mcmworldwide.com/i/mcmworldwide/MEZFAMM01CO00M_02 | https://images.mcmworldwide.com/i/mcmworldwide/MEZFAMM01CO00M_03 | https://images.mcmworldwide.com/i/mcmworldwide/MEZFAMM01CO00M_10 | https://images.mcmworldwide.com/i/mcmworldwide/MEZFAMM01CO00M_11,,https://kr.mcmworldwide.com/ko_KR/%EB%9D%BC%EC%9D%B4%ED%94%84%EC%8A%A4%ED%83%80%EC%9D%BC/%EB%AA%A8%EB%91%90%EB%B3%B4%EA%B8%B0/%EB%B9%84%EC%84%B8%ED%86%A0%EC%8A%A4-%ED%8E%AB-%EC%B9%BC%EB%9D%BC-%ED%81%AC%EB%A1%9C%EC%8A%A4%EB%B0%94%EB%94%94-%EB%A6%AC%EC%89%AC/MEZFAMM01CO00M.html
MEZFSMM07BK001,모노그램 프린트 펫 리터백 홀더,270000,Black,ACTIVE,비세토스 모노그램 프린트와 엠보싱 가죽,천연 나파 가죽,,MCM 로고 브라스 플레이트 | 실버 톤 코발트 메탈 하드웨어,4 x 7 x 9,16cm,,대한민국,탈부착 가능한 가죽 스트랩 | 봉투는 포함되어 있지 않습니다. | 스프링 잠금 장치 | 지퍼 클로저,MEZFSMM07CO001,https://images.mcmworldwide.com/i/mcmworldwide/MEZFSMM07BK001_01 | https://images.mcmworldwide.com/i/mcmworldwide/MEZFSMM07BK001_09 | https://images.mcmworldwide.com/i/mcmworldwide/MEZFSMM07BK001_02 | https://images.mcmworldwide.com/i/mcmworldwide/MEZFSMM07BK001_03 | https://images.mcmworldwide.com/i/mcmworldwide/MEZFSMM07BK001_04 | https://images.mcmworldwide.com/i/mcmworldwide/MEZFSMM07BK001_05 | https://images.mcmworldwide.com/i/mcmworldwide/MEZFSMM07BK001_10,,https://kr.mcmworldwide.com/ko_KR/%EB%9D%BC%EC%9D%B4%ED%94%84%EC%8A%A4%ED%83%80%EC%9D%BC/%EB%AA%A8%EB%91%90%EB%B3%B4%EA%B8%B0/%EB%AA%A8%EB%85%B8%EA%B7%B8%EB%9E%A8-%ED%94%84%EB%A6%B0%ED%8A%B8-%ED%8E%AB-%EB%A6%AC%ED%84%B0%EB%B0%B1-%ED%99%80%EB%8D%94/MEZFSMM07BK001.html
MEZFSMM07CO001,모노그램 프린트 가죽 손목 펫 리터 백 홀더,310000,Cognac,ACTIVE,비세토스 모노그램 프린트 엠보스드 가죽,천연 나파 가죽,,MCM 로고 브라스 플레이트 | 24K 도금 메탈 금속 장식,4 x 7 x 9,16cm,,대한민국,탈부착 가능한 가죽 손목 손잡이 스트랩 | 리터백 미포함 | 연결 고리 잠금 장치 | 지퍼 클로저,MEZFSMM07BK001,https://images.mcmworldwide.com/i/mcmworldwide/MEZFSMM07CO001_01 | https://images.mcmworldwide.com/i/mcmworldwide/MEZFSMM07CO001_09 | https://images.mcmworldwide.com/i/mcmworldwide/MEZFSMM07CO001_02 | https://images.mcmworldwide.com/i/mcmworldwide/MEZFSMM07CO001_03 | https://images.mcmworldwide.com/i/mcmworldwide/MEZFSMM07CO001_04 | https://images.mcmworldwide.com/i/mcmworldwide/MEZFSMM07CO001_05 | https://images.mcmworldwide.com/i/mcmworldwide/MEZFSMM07CO001_10,,https://kr.mcmworldwide.com/ko_KR/%EB%9D%BC%EC%9D%B4%ED%94%84%EC%8A%A4%ED%83%80%EC%9D%BC/%ED%8E%AB-%EC%95%A1%EC%84%B8%EC%84%9C%EB%A6%AC/%EB%AA%A8%EB%85%B8%EA%B7%B8%EB%9E%A8-%ED%94%84%EB%A6%B0%ED%8A%B8-%EA%B0%80%EC%A3%BD-%EC%86%90%EB%AA%A9-%ED%8E%AB-%EB%A6%AC%ED%84%B0-%EB%B0%B1-%ED%99%80%EB%8D%94/MEZFSMM07CO001.html
MEZGAMM05CO001,MCM X VETSAK 누들,519000,Cognac,ACTIVE,폴리에스터 100%,,,,,,,독일,유연한 원통형 쿠션 디자인 | Visetos 모노그램 올 오버 프린트 | 충전재: PUR 폼 및 실리콘 처리 섬유,,https://images.mcmworldwide.com/i/mcmworldwide/MEZGAMM05CO001_01 | https://images.mcmworldwide.com/i/mcmworldwide/MEZGAMM05CO001_09 | https://images.mcmworldwide.com/i/mcmworldwide/MEZGAMM05CO001_02 | https://images.mcmworldwide.com/i/mcmworldwide/MEZGAMM05CO001_03,,https://kr.mcmworldwide.com/ko_KR/%EB%9D%BC%EC%9D%B4%ED%94%84%EC%8A%A4%ED%83%80%EC%9D%BC/%EB%AA%A8%EB%91%90%EB%B3%B4%EA%B8%B0/mcm-x-vetsak-%EB%88%84%EB%93%A4/MEZGAMM05CO001.html
MEZDSMM09CO001,비세토스 펫 하네스,450000,Cognac,ACTIVE,비세토스 모노그램 캔버스,,,매트 블랙 금속 장식,,,,대한민국,버클 클로저 | MCM 로고 참 | 양가죽 및 나파 가죽 트림 | 조절 가능한 길이: 50cm~68cm,MEZDSMM09BK001,https://images.mcmworldwide.com/i/mcmworldwide/MEZDSMM09CO001_01 | https://images.mcmworldwide.com/i/mcmworldwide/MEZDSMM09CO001_09 | https://images.mcmworldwide.com/i/mcmworldwide/MEZDSMM09CO001_02 | https://images.mcmworldwide.com/i/mcmworldwide/MEZDSMM09CO001_10,,https://kr.mcmworldwide.com/ko_KR/%EB%9D%BC%EC%9D%B4%ED%94%84%EC%8A%A4%ED%83%80%EC%9D%BC/%EB%AA%A8%EB%91%90%EB%B3%B4%EA%B8%B0/%EB%B9%84%EC%84%B8%ED%86%A0%EC%8A%A4-%ED%8E%AB-%ED%95%98%EB%84%A4%EC%8A%A4/MEZDSMM09CO001.html
MEZDSMM09BK001,비세토스 펫 하네스,450000,Black,ACTIVE,비세토스 모노그램 캔버스,,,매트 블랙 금속 장식,,,,대한민국,버클 클로저 | MCM 로고 참 | 양가죽 및 나파 가죽 트림 | 조절 가능한 길이: 50cm~68cm,MEZDSMM09CO001,https://images.mcmworldwide.com/i/mcmworldwide/MEZDSMM09BK001_01 | https://images.mcmworldwide.com/i/mcmworldwide/MEZDSMM09BK001_09 | https://images.mcmworldwide.com/i/mcmworldwide/MEZDSMM09BK001_02 | https://images.mcmworldwide.com/i/mcmworldwide/MEZDSMM09BK001_10,,https://kr.mcmworldwide.com/ko_KR/%EB%9D%BC%EC%9D%B4%ED%94%84%EC%8A%A4%ED%83%80%EC%9D%BC/%EB%AA%A8%EB%91%90%EB%B3%B4%EA%B8%B0/%EB%B9%84%EC%84%B8%ED%86%A0%EC%8A%A4-%ED%8E%AB-%ED%95%98%EB%84%A4%EC%8A%A4/MEZDSMM09BK001.html
